Citizen_ID,Age,Gender,Annual_Income,Employment_Status,Family_Size,Education_Level,Social_Category,Disability,Rural_Urban,Scheme_Eligibility
1,56.0,Female,913204.0,Employed,1,Secondary,General,No,Rural,0
2,69.0,Female,596312.0,Employed,3,Graduate,General,No,Rural,1
3,46.0,Female,817768.0,Self-employed,10,Graduate,SC,No,Urban,0
4,32.0,Female,657200.0,Unemployed,4,Primary,OBC,No,Urban,0
5,60.0,Female,829521.0,Employed,4,Graduate,OBC,No,Rural,0
6,25.0,Male,283746.0,Employed,4,Postgraduate,OBC,No,Urban,0
7,78.0,Male,461373.0,Employed,5,Secondary,OBC,,Urban,1
8,38.0,Female,835427.0,Unemployed,9,Graduate,OBC,No,Rural,0
9,56.0,Male,921913.0,Self-employed,4,Secondary,SC,No,Urban,0
10,75.0,Female,545336.0,Employed,9,Graduate,OBC,No,Rural,1
11,36.0,Male,400697.0,Employed,9,Secondary,SC,No,Rural,1
12,40.0,Male,707116.0,Employed,1,Graduate,SC,No,Rural,1
13,28.0,Female,281749.0,Unemployed,5,Secondary,General,No,Rural,1
14,28.0,Female,676776.0,Employed,9,Graduate,OBC,No,Rural,0
15,41.0,Female,,Employed,4,Postgraduate,OBC,No,Rural,0
16,70.0,Female,763411.0,Employed,5,Postgraduate,ST,No,Urban,1
17,53.0,Male,281773.0,Unemployed,4,Secondary,General,No,Rural,0
18,57.0,Male,390354.0,Employed,2,Primary,ST,No,Rural,1
19,41.0,Female,224166.0,Employed,10,Graduate,OBC,Yes,Urban,0
20,20.0,Female,552066.0,Self-employed,2,Graduate,OBC,No,Rural,0
21,39.0,Male,793249.0,Employed,2,Postgraduate,General,No,Rural,0
22,,Female,,Employed,1,Graduate,General,No,Rural,0
23,,Male,499251.0,Self-employed,3,Graduate,ST,No,Rural,1
24,41.0,Male,566031.0,Employed,10,Primary,General,No,Rural,1
25,61.0,Male,97367.0,Employed,1,Graduate,General,Yes,Rural,0
26,47.0,Female,812832.0,Employed,4,Secondary,General,No,Rural,1
27,55.0,Female,984622.0,Unemployed,1,Primary,General,No,Rural,0
28,19.0,Male,503028.0,Employed,4,Postgraduate,OBC,,Rural,1
29,77.0,Female,634172.0,Self-employed,3,Graduate,General,No,Rural,1
30,38.0,Male,509384.0,Employed,9,Secondary,OBC,No,Rural,1
31,50.0,Male,718640.0,Employed,1,Secondary,OBC,No,Urban,1
32,29.0,Male,457962.0,Unemployed,8,Primary,SC,No,Rural,1
33,75.0,Male,414716.0,Self-employed,9,Graduate,SC,No,Rural,0
34,39.0,Male,627539.0,Employed,7,Secondary,SC,No,Urban,0
35,78.0,Female,134821.0,Self-employed,1,Postgraduate,General,No,Urban,0
36,61.0,Female,657871.0,Employed,4,Secondary,SC,No,Rural,0
37,42.0,Female,294697.0,Employed,10,Graduate,SC,Yes,Rural,1
38,66.0,Male,60207.0,Employed,1,Primary,OBC,No,Urban,1
39,44.0,Male,,Unemployed,4,Secondary,OBC,,Urban,0
40,76.0,Male,77757.0,Employed,3,Graduate,General,No,Rural,0
41,80.0,Male,983730.0,Employed,2,,OBC,No,Rural,1
42,59.0,Female,504623.0,Employed,1,Secondary,ST,No,Urban,0
43,45.0,Male,994710.0,Employed,6,Graduate,General,No,Rural,1
44,77.0,Female,725616.0,Self-employed,7,Graduate,SC,No,Urban,0
45,33.0,Female,870254.0,Self-employed,6,Secondary,General,No,Rural,0
46,32.0,Male,312070.0,Unemployed,9,Secondary,SC,No,Urban,1
47,79.0,Female,91340.0,Employed,9,Graduate,General,No,Urban,0
48,79.0,Female,292955.0,Employed,2,Graduate,SC,,Rural,1
49,64.0,Female,879783.0,Unemployed,2,Primary,General,No,Rural,0
50,79.0,Female,942743.0,Self-employed,9,Secondary,SC,No,Rural,0
51,68.0,Male,649608.0,Employed,1,Graduate,SC,No,Rural,1
52,61.0,Male,414709.0,Self-employed,5,Postgraduate,General,No,Rural,1
53,72.0,Male,478373.0,Self-employed,1,Graduate,SC,No,Rural,1
54,69.0,Male,332081.0,Self-employed,7,Secondary,General,No,Rural,1
55,74.0,Female,323363.0,Employed,9,Graduate,General,No,Urban,0
56,20.0,Male,59399.0,Employed,6,Secondary,OBC,No,Rural,1
57,54.0,Female,701021.0,Employed,2,Secondary,OBC,No,Urban,0
58,68.0,Female,804208.0,Employed,6,Graduate,General,No,Urban,0
59,24.0,Male,995161.0,Employed,9,,General,,Rural,1
60,38.0,Male,856479.0,Employed,3,Graduate,OBC,No,Rural,0
61,26.0,Female,281615.0,Unemployed,9,Secondary,ST,No,Rural,1
62,56.0,Female,659981.0,Employed,8,Graduate,ST,No,Rural,0
63,35.0,Female,675219.0,Employed,7,Secondary,ST,No,Urban,0
64,21.0,Male,750251.0,Unemployed,8,Secondary,OBC,No,Rural,0
65,42.0,Male,187852.0,Unemployed,10,Postgraduate,General,,Urban,0
66,77.0,Male,339194.0,Unemployed,6,,General,No,Urban,0
67,31.0,Male,647839.0,Employed,3,Secondary,General,No,Rural,0
68,67.0,Female,380810.0,Unemployed,7,Primary,OBC,,Rural,1
69,75.0,Female,798979.0,Employed,4,Secondary,OBC,No,Rural,1
70,26.0,Female,656304.0,Employed,10,Graduate,General,No,Urban,0
71,43.0,Female,687423.0,Unemployed,5,Postgraduate,General,No,Rural,0
72,70.0,Female,103010.0,Employed,8,Secondary,OBC,No,Urban,0
73,19.0,Male,282084.0,Employed,7,Graduate,SC,No,Urban,0
74,,Male,612453.0,Employed,7,Secondary,OBC,No,Rural,0
75,45.0,Female,323672.0,Employed,8,Primary,OBC,No,Rural,0
76,64.0,Male,957272.0,Employed,10,Graduate,SC,No,Rural,1
77,77.0,Female,230680.0,Self-employed,3,Graduate,OBC,Yes,Rural,0
78,24.0,Female,449130.0,Employed,3,Secondary,ST,No,Rural,0
79,61.0,Male,611424.0,Self-employed,2,Secondary,General,No,Rural,1
80,78.0,Female,978683.0,Employed,1,Secondary,ST,No,Rural,1
81,25.0,Female,398152.0,Employed,10,Graduate,OBC,No,Rural,0
82,64.0,Female,586364.0,Employed,6,Secondary,General,No,Rural,1
83,52.0,Female,960343.0,Employed,6,Graduate,OBC,No,Rural,1
84,31.0,Female,730143.0,Unemployed,10,Secondary,General,No,Urban,1
85,34.0,Male,953057.0,Employed,8,Secondary,General,No,Rural,1
86,53.0,Male,752076.0,Employed,6,Graduate,General,No,Rural,0
87,,Female,624586.0,Unemployed,6,Secondary,OBC,No,Rural,1
88,57.0,Female,890736.0,Employed,1,Graduate,SC,No,Rural,1
89,21.0,Male,915792.0,Self-employed,7,Graduate,OBC,No,Rural,1
90,19.0,Male,,Unemployed,7,Graduate,General,No,Urban,1
91,79.0,Female,572757.0,Employed,10,Primary,OBC,Yes,Urban,0
92,23.0,Female,686712.0,Employed,9,Graduate,ST,No,Urban,1
93,,Female,713478.0,Employed,7,Primary,SC,No,Rural,1
94,59.0,Female,304394.0,Self-employed,8,Postgraduate,OBC,No,Urban,1
95,21.0,Male,369055.0,Employed,4,Graduate,General,No,Urban,0
96,71.0,Male,153088.0,Employed,9,Secondary,SC,No,Urban,1
97,46.0,Female,589473.0,Employed,1,Secondary,OBC,No,Rural,1
98,80.0,Male,624901.0,Employed,8,Postgraduate,SC,,Rural,0
99,35.0,Male,815372.0,Employed,3,Postgraduate,General,No,Urban,0
100,43.0,Male,214999.0,Self-employed,1,Postgraduate,General,No,Urban,1
101,61.0,Female,312530.0,Employed,2,Graduate,OBC,No,Urban,1
102,51.0,Female,535369.0,Self-employed,6,Graduate,SC,No,Rural,0
103,27.0,Male,,Self-employed,5,Graduate,ST,,Rural,1
104,79.0,Male,342164.0,Employed,3,Primary,OBC,No,Urban,0
105,53.0,Female,616966.0,Employed,9,Primary,OBC,No,Rural,1
106,31.0,Other,,Employed,8,Graduate,OBC,,Urban,1
107,48.0,Male,111394.0,Unemployed,3,Graduate,General,No,Rural,1
108,65.0,Female,774305.0,Employed,2,Graduate,General,No,Urban,0
109,32.0,Male,689665.0,Self-employed,8,Secondary,SC,No,Rural,1
110,25.0,Female,696004.0,Unemployed,5,Graduate,SC,No,Rural,1
111,31.0,Male,237486.0,Employed,9,Secondary,OBC,No,Rural,0
112,40.0,Male,630206.0,Unemployed,1,Graduate,OBC,No,Rural,0
113,77.0,Female,534497.0,Employed,10,Graduate,OBC,No,Rural,1
114,74.0,Female,292556.0,Self-employed,3,Secondary,General,No,Urban,1
115,79.0,Male,427784.0,Employed,5,Postgraduate,SC,No,Rural,1
116,57.0,Female,734815.0,,2,Graduate,General,No,Urban,1
117,38.0,Male,,,3,Postgraduate,OBC,,Rural,1
118,33.0,Female,219807.0,Self-employed,4,Secondary,General,No,Rural,1
119,62.0,Male,144702.0,Employed,4,Secondary,OBC,No,Urban,0
120,35.0,Female,155509.0,Self-employed,9,Primary,General,No,Urban,0
121,64.0,Male,405752.0,Employed,1,Primary,SC,No,Urban,0
122,70.0,Female,164310.0,Employed,9,Secondary,General,No,Rural,0
123,41.0,Female,979613.0,Employed,9,Primary,SC,No,Urban,0
124,43.0,Female,882234.0,Employed,6,Postgraduate,OBC,No,Urban,1
125,42.0,Female,773380.0,Employed,1,Postgraduate,SC,No,Urban,0
126,77.0,Female,608910.0,Employed,6,Postgraduate,SC,No,Urban,1
127,77.0,Male,159935.0,Unemployed,8,Postgraduate,SC,No,Rural,0
128,77.0,Male,,Employed,5,Graduate,SC,No,Rural,0
129,62.0,Female,167919.0,Employed,5,Graduate,OBC,No,Rural,0
130,58.0,Male,970101.0,Employed,1,Secondary,General,No,Urban,1
131,46.0,Female,746314.0,Unemployed,1,Secondary,OBC,No,Urban,0
132,32.0,Other,119519.0,Employed,8,Graduate,General,No,Urban,0
133,62.0,Male,,Employed,5,Postgraduate,SC,,Rural,0
134,18.0,Female,548204.0,Employed,8,Graduate,OBC,No,Urban,1
135,42.0,Male,306587.0,Unemployed,10,Graduate,SC,No,Urban,1
136,24.0,Female,198112.0,Self-employed,2,Secondary,SC,No,Rural,0
137,26.0,Male,94772.0,Employed,4,Graduate,SC,No,Rural,0
138,41.0,Male,172431.0,Employed,10,Graduate,OBC,No,Urban,0
139,18.0,Female,932522.0,Self-employed,9,Postgraduate,SC,No,Rural,0
140,61.0,Female,244904.0,Self-employed,3,,General,No,Rural,1
141,25.0,Female,208988.0,Unemployed,6,Graduate,OBC,No,Rural,0
142,41.0,Female,881303.0,Self-employed,7,Secondary,General,Yes,Rural,0
143,80.0,Male,564743.0,Unemployed,3,Secondary,General,No,Rural,0
144,28.0,Female,862804.0,Unemployed,1,Secondary,OBC,No,Urban,1
145,68.0,Male,89080.0,Employed,2,Postgraduate,General,No,Rural,1
146,34.0,Female,156242.0,Employed,10,Secondary,SC,No,Urban,0
147,25.0,Female,879154.0,Employed,7,Secondary,General,Yes,Rural,1
148,52.0,Female,564080.0,Self-employed,7,Secondary,ST,No,Urban,0
149,52.0,Female,79048.0,Self-employed,1,Postgraduate,OBC,No,Rural,1
150,50.0,Male,659493.0,Unemployed,10,Graduate,OBC,No,Urban,0
151,76.0,Female,977281.0,Employed,7,Graduate,General,No,Rural,0
152,22.0,Male,366855.0,Employed,10,Secondary,General,,Rural,1
153,59.0,Female,217403.0,Employed,6,Secondary,SC,No,Rural,1
154,56.0,Male,306392.0,Employed,6,Secondary,OBC,No,Rural,1
155,75.0,Female,70968.0,Unemployed,7,Graduate,General,No,Rural,1
156,58.0,Female,497185.0,Self-employed,7,Postgraduate,General,No,Urban,0
157,45.0,Male,284417.0,Employed,1,Graduate,SC,Yes,Rural,0
158,24.0,Male,585580.0,Employed,10,Secondary,OBC,No,Rural,1
159,26.0,Female,826230.0,Unemployed,5,Graduate,General,No,Rural,0
160,25.0,Male,391603.0,Employed,8,Graduate,General,No,Rural,1
161,29.0,Male,823292.0,Self-employed,8,Primary,OBC,,Rural,0
162,51.0,Male,886624.0,Employed,3,Secondary,General,No,Rural,0
163,50.0,Male,995207.0,Employed,3,Graduate,OBC,No,Urban,1
164,65.0,Female,658481.0,Employed,7,Graduate,General,Yes,Rural,0
165,72.0,Female,643453.0,Employed,4,Postgraduate,OBC,,Urban,0
166,40.0,Male,904082.0,Employed,6,Postgraduate,OBC,No,Rural,1
167,79.0,Male,543197.0,Employed,9,Primary,General,No,Rural,0
168,41.0,Male,966290.0,Employed,10,Graduate,SC,No,Urban,1
169,54.0,Male,675686.0,Employed,2,Secondary,General,No,Rural,0
170,52.0,Male,796470.0,Employed,2,Graduate,OBC,No,Rural,1
171,61.0,Male,934317.0,Employed,6,Graduate,General,No,Urban,0
172,57.0,Male,203329.0,Employed,3,Graduate,ST,,Urban,0
173,39.0,Female,150588.0,Unemployed,1,Postgraduate,OBC,No,Rural,1
174,44.0,Male,,Self-employed,2,Graduate,General,No,Rural,1
175,52.0,Female,827110.0,Employed,7,Postgraduate,General,No,Rural,0
176,18.0,Female,574186.0,Employed,4,Secondary,ST,No,Urban,0
177,52.0,Female,919941.0,Employed,2,Secondary,ST,,Urban,1
178,54.0,Female,796633.0,Employed,8,Graduate,OBC,No,Urban,0
179,64.0,Female,363816.0,Unemployed,4,Postgraduate,OBC,,Urban,0
180,31.0,Female,782943.0,Self-employed,4,Secondary,General,No,Rural,0
181,20.0,Female,562552.0,Unemployed,2,Primary,OBC,No,Rural,1
182,18.0,Female,334257.0,Employed,1,Graduate,General,,Urban,0
183,22.0,Female,312838.0,Employed,1,Graduate,OBC,No,Rural,0
184,43.0,Female,65588.0,Self-employed,3,Graduate,SC,No,Rural,0
185,72.0,Male,767116.0,Employed,6,Graduate,SC,No,Rural,1
186,80.0,Male,507301.0,Employed,7,Postgraduate,OBC,No,Urban,0
187,31.0,Male,816719.0,Self-employed,9,Graduate,OBC,No,Urban,0
188,56.0,Female,295456.0,Unemployed,5,Secondary,OBC,No,Rural,0
189,44.0,Female,766502.0,Unemployed,9,Graduate,General,Yes,Rural,0
190,26.0,Female,114373.0,Employed,8,Graduate,OBC,No,Rural,1
191,32.0,Female,922035.0,Employed,1,Postgraduate,General,,Rural,1
192,32.0,Male,580992.0,Employed,3,Secondary,General,,Urban,0
193,43.0,Male,90136.0,Unemployed,8,Secondary,SC,,Urban,1
194,59.0,Female,641795.0,Employed,9,Secondary,General,No,Urban,1
195,77.0,Female,97361.0,Self-employed,4,Graduate,OBC,No,Rural,1
196,30.0,Other,895279.0,Self-employed,6,,OBC,,Urban,0
197,68.0,Male,,Employed,4,Graduate,OBC,No,Rural,0
198,80.0,Female,192513.0,Employed,9,Graduate,General,No,Urban,0
199,49.0,Female,431050.0,Employed,2,Graduate,General,No,Urban,0
200,56.0,Female,64677.0,Unemployed,6,Graduate,OBC,No,Urban,0
201,66.0,Female,864250.0,Unemployed,3,Postgraduate,SC,No,Rural,1
202,69.0,Female,314012.0,Unemployed,10,Graduate,OBC,No,Rural,1
203,78.0,Male,,Employed,4,Secondary,SC,No,Urban,0
204,49.0,Female,960394.0,Employed,2,Secondary,OBC,No,Rural,1
205,21.0,Female,379408.0,Unemployed,8,Graduate,General,No,Rural,1
206,47.0,Female,647456.0,Employed,10,Secondary,OBC,No,Rural,0
207,,Female,717403.0,Unemployed,8,Graduate,SC,,Rural,0
208,40.0,Male,121939.0,Unemployed,1,Postgraduate,OBC,No,Rural,1
209,56.0,Male,327876.0,Employed,10,Graduate,OBC,No,Rural,0
210,62.0,Other,891676.0,Employed,6,Secondary,ST,,Rural,0
211,,Female,461742.0,Employed,1,Secondary,OBC,,Rural,0
212,60.0,Female,845772.0,Employed,6,Postgraduate,General,No,Urban,0
213,46.0,Male,809848.0,Unemployed,7,Postgraduate,General,,Urban,1
214,53.0,Female,858826.0,Unemployed,2,Graduate,OBC,No,Rural,0
215,30.0,Female,410701.0,Self-employed,9,Secondary,OBC,No,Urban,1
216,49.0,Female,185174.0,Unemployed,8,Graduate,SC,Yes,Urban,0
217,24.0,Male,545062.0,Employed,9,Secondary,General,No,Rural,0
218,76.0,Female,593447.0,Employed,10,Secondary,OBC,No,Rural,1
219,68.0,Female,172366.0,Self-employed,4,Secondary,General,No,Rural,1
220,39.0,Male,246164.0,Employed,4,Graduate,General,No,Rural,1
221,45.0,Female,842644.0,Unemployed,8,Secondary,OBC,No,Urban,1
222,19.0,Female,540576.0,Unemployed,1,Secondary,General,No,Rural,1
223,59.0,Female,873837.0,Employed,8,Primary,General,No,Rural,1
224,62.0,Female,442776.0,Employed,7,Graduate,OBC,No,Urban,0
225,79.0,Male,389205.0,Employed,7,Graduate,OBC,No,Urban,1
226,74.0,Male,406440.0,Self-employed,9,Secondary,General,No,Rural,0
227,70.0,Male,891618.0,Employed,10,Postgraduate,ST,No,Urban,0
228,23.0,Male,816164.0,Self-employed,7,Graduate,OBC,No,Rural,0
229,45.0,Female,798353.0,Employed,2,Primary,SC,No,Rural,1
230,45.0,Male,435289.0,Self-employed,1,Secondary,OBC,No,Urban,1
231,61.0,Female,556767.0,Employed,1,Graduate,General,No,Rural,0
232,61.0,Other,584820.0,Employed,7,Secondary,ST,No,Rural,1
233,37.0,Female,260126.0,Self-employed,5,Primary,General,No,Urban,1
234,47.0,Female,266351.0,Self-employed,4,Graduate,ST,No,Urban,1
235,79.0,Female,378684.0,Employed,5,,General,No,Urban,1
236,28.0,Female,153021.0,Unemployed,10,Graduate,OBC,Yes,Rural,0
237,75.0,Male,839703.0,Self-employed,10,,SC,,Urban,0
238,72.0,Male,50209.0,Employed,6,Postgraduate,OBC,No,Urban,0
239,45.0,Female,272071.0,Employed,10,,General,No,Urban,1
240,42.0,Female,710899.0,Self-employed,6,Primary,OBC,No,Urban,1
241,56.0,Female,856409.0,Employed,1,Postgraduate,General,No,Rural,1
242,,Female,255214.0,Employed,2,Graduate,OBC,No,Rural,0
243,50.0,Female,159920.0,Unemployed,3,Graduate,ST,No,Rural,1
244,18.0,Male,440300.0,Employed,4,Primary,General,No,Rural,1
245,74.0,Other,411732.0,Employed,6,Primary,OBC,No,Urban,1
246,44.0,Female,380828.0,Self-employed,9,Secondary,OBC,No,Urban,1
247,79.0,Male,280144.0,Employed,2,Graduate,SC,No,Urban,0
248,74.0,Female,960294.0,Self-employed,8,Secondary,OBC,No,Rural,0
249,69.0,Male,317751.0,Self-employed,9,Graduate,General,,Rural,0
250,30.0,Female,266194.0,Employed,2,Graduate,OBC,No,Rural,0
251,58.0,Female,406930.0,Employed,9,Primary,General,No,Urban,0
252,20.0,Male,438550.0,Employed,7,Secondary,General,No,Urban,0
253,56.0,Female,233011.0,Employed,9,Secondary,OBC,No,Urban,0
254,23.0,Female,723954.0,Unemployed,6,Primary,OBC,No,Rural,1
255,25.0,Male,501598.0,Unemployed,2,Secondary,General,No,Urban,1
256,44.0,Male,57399.0,Employed,8,Secondary,General,No,Rural,0
257,26.0,Female,564242.0,Employed,10,Graduate,OBC,No,Rural,0
258,79.0,Male,701100.0,Employed,9,Graduate,OBC,No,Rural,1
259,54.0,Male,992621.0,Employed,8,Secondary,ST,No,Rural,0
260,50.0,Male,148662.0,Employed,2,Graduate,SC,Yes,Urban,0
261,68.0,Male,345761.0,Employed,8,Postgraduate,General,No,Urban,1
262,59.0,Female,712858.0,Unemployed,3,,OBC,No,Rural,0
263,61.0,Female,939258.0,Employed,3,Primary,SC,,Rural,0
264,41.0,Male,822592.0,Employed,9,Graduate,General,No,Rural,0
265,32.0,Female,966283.0,Unemployed,9,Graduate,General,No,Rural,0
266,76.0,Male,423221.0,Employed,9,Postgraduate,General,No,Urban,1
267,71.0,Female,887056.0,Employed,4,Postgraduate,OBC,,Rural,0
268,49.0,Other,,Employed,7,Secondary,OBC,,Rural,1
269,49.0,Male,443545.0,Employed,8,Graduate,SC,No,Rural,0
270,41.0,Female,350763.0,Employed,5,Postgraduate,General,No,Rural,1
271,58.0,Female,57032.0,Self-employed,1,Graduate,General,No,Rural,1
272,69.0,Male,753454.0,Employed,9,Graduate,General,No,Urban,0
273,66.0,Male,350178.0,Self-employed,6,Secondary,General,No,Urban,0
274,79.0,Male,676946.0,Employed,3,Secondary,SC,No,Rural,0
275,66.0,Female,957555.0,Employed,3,Graduate,OBC,No,Rural,0
276,75.0,Other,565882.0,Employed,10,Graduate,OBC,,Rural,0
277,69.0,Female,922590.0,Employed,1,Postgraduate,General,Yes,Rural,1
278,29.0,Female,629552.0,Employed,8,Postgraduate,SC,No,Rural,1
279,79.0,Female,668408.0,Employed,2,Secondary,OBC,No,Urban,0
280,56.0,Female,97850.0,Employed,1,Graduate,SC,,Urban,1
281,19.0,Female,579010.0,Employed,7,Secondary,OBC,,Rural,1
282,20.0,Male,329916.0,Employed,9,Graduate,General,No,Rural,0
283,66.0,Female,398249.0,Employed,6,Graduate,OBC,No,Rural,1
284,54.0,Female,484895.0,Employed,8,Secondary,General,No,Rural,1
285,66.0,Male,54576.0,Unemployed,8,Secondary,OBC,No,Urban,1
286,73.0,Female,732067.0,Self-employed,9,Secondary,SC,No,Rural,0
287,34.0,Male,411548.0,Employed,7,Primary,OBC,,Rural,0
288,76.0,Female,484848.0,Employed,9,Postgraduate,General,No,Urban,1
289,66.0,Female,615764.0,Employed,9,Primary,ST,No,Urban,0
290,19.0,Male,298292.0,Self-employed,1,Primary,SC,No,Rural,1
291,19.0,Male,473501.0,Employed,6,Secondary,OBC,No,Rural,0
292,45.0,Male,860586.0,Unemployed,8,Postgraduate,OBC,,Rural,0
293,71.0,Female,463270.0,Employed,10,Secondary,OBC,No,Rural,0
294,40.0,Male,329309.0,Employed,9,Secondary,OBC,No,Rural,0
295,54.0,Female,64439.0,Employed,4,Graduate,General,No,Urban,0
296,49.0,Male,430355.0,Employed,2,Secondary,General,No,Urban,1
297,50.0,Other,618806.0,,9,Secondary,SC,No,Urban,0
298,18.0,Female,269123.0,Employed,9,Graduate,General,No,Rural,0
299,36.0,Female,601250.0,Employed,8,Secondary,General,No,Urban,1
300,79.0,Female,813445.0,Employed,3,Postgraduate,General,No,Urban,0
301,19.0,Female,349907.0,Unemployed,5,Graduate,OBC,No,Rural,0
302,70.0,Female,166189.0,Employed,2,Graduate,OBC,No,Rural,0
303,61.0,Male,160290.0,Employed,3,Secondary,General,Yes,Rural,0
304,43.0,Male,947246.0,Employed,1,Graduate,General,No,Rural,0
305,49.0,Male,855896.0,Employed,4,,OBC,No,Urban,1
306,23.0,Male,173980.0,Unemployed,5,Secondary,SC,No,Rural,0
307,49.0,Male,277021.0,Employed,2,Secondary,OBC,No,Urban,1
308,72.0,Female,738630.0,Employed,3,Graduate,SC,No,Rural,0
309,21.0,Other,92299.0,Employed,6,Graduate,SC,,Urban,1
310,72.0,Male,791165.0,,6,Postgraduate,OBC,,Urban,1
311,28.0,Female,81541.0,Employed,7,Graduate,OBC,No,Urban,0
312,73.0,Male,385689.0,Employed,9,Graduate,OBC,No,Rural,0
313,76.0,Female,,Self-employed,4,Secondary,OBC,No,Urban,1
314,34.0,Female,,Employed,5,Graduate,SC,No,Rural,1
315,80.0,Female,179188.0,Self-employed,2,Postgraduate,SC,No,Urban,0
316,55.0,Other,258150.0,Employed,6,Graduate,SC,No,Rural,0
317,41.0,Male,526186.0,Employed,4,Secondary,OBC,No,Urban,1
318,22.0,Female,866197.0,Unemployed,5,Secondary,ST,No,Urban,0
319,69.0,Female,860201.0,Self-employed,7,Secondary,ST,No,Urban,0
320,51.0,Male,269073.0,Employed,6,Graduate,OBC,No,Urban,1
321,23.0,Female,530620.0,Self-employed,8,Postgraduate,ST,No,Rural,0
322,39.0,Male,594444.0,Employed,6,Secondary,ST,No,Rural,0
323,28.0,Female,791196.0,Self-employed,10,Secondary,General,No,Rural,1
324,80.0,Male,493697.0,Employed,8,Graduate,OBC,No,Rural,1
325,65.0,Male,718795.0,Employed,4,Postgraduate,General,No,Urban,0
326,33.0,Female,,Self-employed,7,Graduate,OBC,No,Urban,1
327,50.0,Female,751696.0,,3,Secondary,General,No,Urban,1
328,26.0,Male,,Employed,1,Secondary,ST,,Rural,0
329,77.0,Male,874341.0,Employed,9,Graduate,OBC,No,Rural,0
330,76.0,Female,643775.0,Employed,9,Graduate,OBC,No,Rural,1
331,23.0,Male,988972.0,Employed,6,Secondary,General,No,Urban,0
332,33.0,Male,535825.0,Employed,2,Graduate,OBC,No,Rural,0
333,46.0,Female,359799.0,Employed,8,Graduate,General,No,Urban,1
334,20.0,Female,477557.0,Employed,10,Graduate,OBC,,Rural,1
335,37.0,Male,817023.0,Unemployed,6,Secondary,General,No,Rural,1
336,77.0,Female,769542.0,Employed,7,Postgraduate,General,No,Urban,1
337,76.0,Female,101786.0,Employed,1,Graduate,General,No,Urban,0
338,53.0,Female,118304.0,Employed,3,Graduate,General,,Urban,1
339,36.0,Female,415750.0,Unemployed,1,Graduate,OBC,No,Rural,0
340,43.0,Male,227586.0,Employed,10,Postgraduate,ST,No,Rural,0
341,20.0,Male,695226.0,Employed,1,Graduate,OBC,,Rural,0
342,80.0,Male,477195.0,Unemployed,1,Graduate,SC,No,Urban,0
343,36.0,Female,534103.0,Self-employed,4,Secondary,SC,,Rural,0
344,37.0,Male,917413.0,Unemployed,7,Secondary,OBC,No,Urban,0
345,49.0,Female,105107.0,Self-employed,7,Secondary,General,,Urban,1
346,24.0,Male,572058.0,Unemployed,5,Postgraduate,SC,No,Urban,0
347,69.0,Male,295191.0,Unemployed,6,Postgraduate,OBC,No,Rural,0
348,58.0,Female,706520.0,Employed,2,Secondary,OBC,No,Rural,0
349,50.0,Male,400041.0,Employed,5,Secondary,General,No,Urban,1
350,57.0,Male,122577.0,Employed,7,Secondary,SC,No,Urban,1
351,56.0,Female,789663.0,Employed,9,Postgraduate,OBC,No,Urban,0
352,35.0,Male,454062.0,Employed,6,Secondary,General,No,Rural,1
353,57.0,Female,310933.0,Employed,10,Graduate,OBC,No,Urban,0
354,18.0,Female,678468.0,Unemployed,4,Postgraduate,General,No,Rural,1
355,28.0,Male,332068.0,Employed,3,Graduate,General,No,Rural,1
356,45.0,Female,423337.0,Employed,9,Graduate,SC,No,Urban,0
357,74.0,Female,719242.0,Self-employed,7,Graduate,General,No,Rural,0
358,42.0,Male,785634.0,Employed,6,Graduate,General,,Rural,1
359,,Male,51095.0,Employed,7,Graduate,SC,No,Rural,0
360,40.0,Male,416349.0,Employed,8,Secondary,OBC,,Rural,0
361,48.0,Female,746343.0,Self-employed,5,Postgraduate,OBC,No,Rural,1
362,47.0,Male,588411.0,Employed,3,Graduate,General,No,Rural,0
363,59.0,Female,536884.0,Unemployed,3,Secondary,SC,Yes,Rural,1
364,52.0,Female,771975.0,Employed,2,Secondary,General,No,Urban,0
365,24.0,Female,538409.0,Employed,8,Primary,ST,No,Urban,0
366,77.0,Male,881710.0,Employed,1,Graduate,General,No,Urban,1
367,33.0,Male,934343.0,Unemployed,8,Secondary,OBC,,Rural,1
368,43.0,Female,101999.0,Self-employed,3,Graduate,OBC,No,Rural,1
369,65.0,Male,867585.0,Unemployed,9,Secondary,OBC,No,Urban,0
370,74.0,Male,330488.0,Unemployed,2,Secondary,General,,Rural,1
371,69.0,Male,805137.0,Employed,10,Graduate,OBC,,Rural,0
372,77.0,Male,611944.0,Unemployed,9,Graduate,General,No,Rural,0
373,66.0,Female,251587.0,Employed,6,Postgraduate,SC,No,Rural,1
374,19.0,Male,834875.0,Unemployed,1,Graduate,General,No,Urban,0
375,18.0,Male,,Employed,5,Secondary,General,No,Urban,1
376,65.0,Male,694673.0,Employed,10,Graduate,OBC,No,Urban,1
377,79.0,Female,190073.0,Employed,9,Primary,General,No,Urban,0
378,29.0,Female,,Employed,6,Secondary,OBC,No,Urban,0
379,22.0,Male,935155.0,Employed,7,Secondary,General,No,Rural,0
380,54.0,Female,,,4,Graduate,SC,No,Rural,1
381,49.0,Female,605656.0,Employed,1,Secondary,SC,No,Urban,1
382,76.0,Female,776179.0,Employed,5,Secondary,General,No,Rural,0
383,72.0,Female,111160.0,Unemployed,2,,General,No,Urban,0
384,26.0,Male,731214.0,Employed,8,Primary,OBC,No,Rural,0
385,58.0,Male,,Unemployed,4,Primary,General,No,Urban,1
386,52.0,Male,524917.0,Employed,1,Secondary,OBC,No,Urban,0
387,36.0,Male,633072.0,Self-employed,10,Secondary,General,No,Rural,0
388,65.0,Other,441337.0,Employed,7,Secondary,OBC,No,Urban,1
389,33.0,Male,411788.0,Employed,2,Secondary,ST,No,Urban,0
390,20.0,Male,76797.0,Employed,3,Graduate,OBC,No,Urban,1
391,37.0,Female,,Employed,9,,General,Yes,Urban,0
392,41.0,Female,912552.0,Self-employed,9,Graduate,OBC,,Rural,1
393,71.0,Male,589068.0,Employed,2,Postgraduate,General,No,Urban,0
394,73.0,Male,,Employed,3,Primary,General,No,Rural,1
395,50.0,Male,989077.0,Employed,9,Secondary,OBC,No,Urban,1
396,41.0,Female,690337.0,Self-employed,1,Graduate,OBC,No,Urban,1
397,69.0,Male,703939.0,Employed,2,Graduate,OBC,No,Rural,1
398,28.0,Male,607647.0,Self-employed,2,Postgraduate,OBC,No,Urban,1
399,66.0,Female,378206.0,Employed,10,Postgraduate,SC,No,Urban,0
400,25.0,Male,647679.0,Employed,3,Secondary,General,No,Urban,0
401,53.0,Female,355607.0,Employed,10,Postgraduate,OBC,,Urban,1
402,55.0,Female,149596.0,Self-employed,3,Postgraduate,General,No,Urban,1
403,57.0,Male,821702.0,Self-employed,10,Secondary,OBC,No,Rural,0
404,37.0,Female,931450.0,Employed,2,Postgraduate,OBC,No,Urban,0
405,79.0,Female,853003.0,Employed,8,Primary,OBC,No,Urban,0
406,52.0,Male,724502.0,Unemployed,8,Graduate,General,No,Urban,0
407,65.0,Female,861536.0,Employed,8,Secondary,OBC,No,Rural,1
408,79.0,Female,58625.0,Employed,2,Secondary,General,No,Rural,1
409,42.0,Female,351343.0,Employed,9,Graduate,OBC,No,Urban,0
410,52.0,Male,432869.0,Employed,7,Secondary,General,No,Rural,0
411,42.0,Other,459142.0,Employed,5,Graduate,General,No,Rural,0
412,46.0,Male,343362.0,Employed,7,Graduate,General,No,Urban,0
413,35.0,Male,749832.0,Employed,8,Secondary,OBC,No,Rural,0
414,63.0,Male,404060.0,Self-employed,9,Secondary,OBC,No,Rural,1
415,35.0,Male,,Employed,2,Graduate,General,No,Rural,0
416,19.0,Female,594854.0,Unemployed,6,Graduate,OBC,No,Rural,0
417,71.0,Male,83205.0,Employed,9,Graduate,General,No,Rural,0
418,52.0,Male,159084.0,Unemployed,6,Graduate,General,No,Rural,1
419,33.0,Female,79717.0,Employed,2,Graduate,OBC,No,Rural,1
420,78.0,Male,755344.0,Unemployed,1,Secondary,OBC,No,Urban,0
421,58.0,Male,943724.0,Employed,3,Graduate,SC,No,Rural,0
422,53.0,Male,992639.0,Self-employed,5,Postgraduate,ST,No,Rural,1
423,50.0,Male,733524.0,Employed,7,Graduate,General,No,Urban,0
424,21.0,Male,350706.0,Employed,10,Graduate,General,No,Rural,1
425,50.0,Female,512326.0,Self-employed,10,Graduate,SC,No,Rural,0
426,31.0,Male,70169.0,Employed,3,Graduate,General,No,Rural,1
427,38.0,Male,,Employed,9,Graduate,SC,,Rural,0
428,65.0,Female,401814.0,Self-employed,10,Graduate,OBC,No,Urban,1
429,37.0,Female,,Employed,4,Graduate,SC,No,Rural,1
430,73.0,Male,400882.0,Employed,10,Secondary,General,No,Rural,0
431,25.0,Female,443900.0,Self-employed,2,Graduate,General,No,Rural,0
432,24.0,Male,702428.0,Employed,3,Postgraduate,OBC,Yes,Urban,0
433,20.0,Female,152537.0,Self-employed,5,Secondary,OBC,No,Rural,1
434,34.0,Female,820625.0,Employed,3,Postgraduate,OBC,No,Rural,0
435,50.0,Male,685589.0,Unemployed,5,Secondary,General,No,Urban,0
436,65.0,Female,320151.0,Employed,4,,ST,No,Rural,0
437,29.0,Male,951347.0,Self-employed,10,Graduate,OBC,,Urban,1
438,76.0,Female,281704.0,Employed,3,Graduate,General,No,Rural,0
439,68.0,Male,167419.0,Employed,6,Graduate,OBC,,Rural,1
440,39.0,Female,353931.0,,8,Secondary,SC,,Rural,1
441,72.0,Female,886014.0,Employed,4,Secondary,OBC,No,Rural,1
442,39.0,Female,780151.0,Unemployed,9,Graduate,General,No,Rural,0
443,63.0,Male,803158.0,Self-employed,6,Secondary,General,No,Urban,0
444,47.0,Female,920061.0,Employed,5,Graduate,SC,No,Rural,0
445,55.0,Female,842214.0,Unemployed,3,Graduate,OBC,No,Urban,0
446,55.0,Female,641058.0,Employed,5,Graduate,OBC,No,Rural,0
447,62.0,Female,631933.0,Employed,5,Secondary,ST,,Urban,0
448,68.0,Female,677797.0,Employed,4,Secondary,OBC,No,Urban,0
449,71.0,Male,280796.0,Unemployed,6,Secondary,SC,No,Rural,0
450,25.0,Male,999500.0,Employed,3,Primary,ST,No,Rural,1
451,44.0,Female,865636.0,Unemployed,10,Graduate,General,No,Urban,0
452,44.0,Male,591440.0,Employed,1,Graduate,OBC,No,Rural,1
453,51.0,Other,574154.0,Unemployed,7,Secondary,General,No,Urban,0
454,38.0,Female,498402.0,Employed,7,Secondary,OBC,No,Urban,0
455,47.0,Female,813260.0,Self-employed,4,Primary,OBC,Yes,Rural,0
456,50.0,Male,402699.0,Employed,9,Graduate,OBC,No,Urban,1
457,45.0,Female,266096.0,Employed,2,Primary,ST,No,Rural,0
458,64.0,Female,808019.0,Employed,1,Postgraduate,General,No,Rural,0
459,50.0,Female,331833.0,Unemployed,3,Secondary,General,No,Rural,0
460,,Female,756050.0,Employed,7,Secondary,OBC,No,Rural,0
461,77.0,Male,537258.0,Unemployed,9,Primary,General,Yes,Rural,1
462,78.0,Female,395395.0,Employed,2,Graduate,General,No,Rural,0
463,65.0,Female,238392.0,,6,Graduate,SC,No,Urban,1
464,36.0,Male,761451.0,Employed,3,Graduate,ST,No,Rural,1
465,21.0,Male,418709.0,Employed,5,Secondary,ST,No,Rural,0
466,52.0,Female,522517.0,Employed,9,Secondary,General,No,Rural,1
467,66.0,Female,989446.0,Employed,3,Secondary,SC,,Rural,0
468,34.0,Other,88712.0,Employed,1,Graduate,OBC,No,Urban,0
469,61.0,Female,831675.0,Self-employed,5,Secondary,OBC,Yes,Rural,0
470,45.0,Male,286502.0,,1,,OBC,Yes,Urban,1
471,47.0,Male,246349.0,Unemployed,8,Secondary,General,No,Rural,1
472,46.0,Male,361776.0,Employed,7,Secondary,OBC,,Urban,1
473,63.0,Male,594766.0,Employed,2,Graduate,OBC,No,Rural,1
474,70.0,Male,72551.0,,9,Primary,General,,Urban,1
475,23.0,Male,98068.0,Employed,5,Graduate,ST,No,Rural,0
476,52.0,Male,143608.0,Self-employed,7,Secondary,ST,,Rural,0
477,77.0,Female,609849.0,Employed,4,Primary,General,No,Urban,0
478,58.0,Male,183964.0,Self-employed,1,Postgraduate,General,No,Urban,1
479,54.0,Female,336539.0,Employed,8,Secondary,OBC,No,Rural,0
480,41.0,Female,593044.0,Unemployed,1,Graduate,ST,No,Urban,1
481,46.0,Male,297652.0,Employed,3,Graduate,General,,Urban,1
482,66.0,Male,301227.0,Self-employed,6,Secondary,OBC,No,Rural,1
483,63.0,Male,378477.0,Employed,8,Postgraduate,General,No,Rural,1
484,70.0,Male,516961.0,Unemployed,8,Secondary,General,No,Rural,1
485,48.0,Female,,Self-employed,2,Graduate,ST,No,Rural,1
486,52.0,Male,754666.0,Employed,9,Graduate,General,,Rural,0
487,77.0,Male,726706.0,Employed,4,Postgraduate,SC,No,Rural,0
488,50.0,Male,949993.0,Employed,4,Graduate,General,No,Rural,0
489,69.0,Other,864456.0,Employed,2,Graduate,General,No,Rural,0
490,80.0,Female,800310.0,Employed,1,Graduate,OBC,No,Rural,0
491,78.0,Female,561984.0,Employed,10,Secondary,OBC,No,Rural,0
492,38.0,Male,484034.0,Employed,7,Graduate,SC,No,Rural,1
493,49.0,Female,,Unemployed,10,Secondary,SC,Yes,Rural,0
494,40.0,Female,529456.0,Unemployed,3,Graduate,OBC,No,Rural,1
495,50.0,Female,177192.0,Employed,4,Graduate,General,No,Urban,1
496,20.0,Other,831879.0,Self-employed,9,Postgraduate,OBC,,Urban,1
497,35.0,Male,930670.0,Self-employed,6,Graduate,ST,No,Rural,0
498,42.0,Female,379572.0,Employed,1,Graduate,General,No,Rural,0
499,59.0,Female,997258.0,Employed,9,Secondary,ST,No,Urban,1
500,48.0,Male,375499.0,Employed,9,Secondary,General,No,Rural,1
501,71.0,Male,501457.0,Unemployed,5,Graduate,OBC,No,Rural,1
502,75.0,Other,512176.0,Unemployed,8,Graduate,OBC,,Rural,1
503,20.0,Male,966390.0,Employed,7,Graduate,ST,No,Rural,0
504,57.0,Female,832780.0,Unemployed,8,Graduate,General,No,Rural,0
505,63.0,Other,288826.0,Employed,9,Secondary,SC,No,Urban,0
506,41.0,Female,718778.0,Employed,2,Graduate,SC,No,Rural,1
507,67.0,Male,800782.0,Unemployed,10,Secondary,OBC,No,Urban,0
508,49.0,Female,805679.0,Unemployed,5,Secondary,General,No,Rural,0
509,64.0,Male,531809.0,Employed,8,Primary,SC,No,Rural,0
510,39.0,Female,236256.0,Employed,3,Graduate,General,No,Rural,1
511,40.0,Male,972337.0,Self-employed,6,Graduate,General,No,Urban,1
512,19.0,Female,819606.0,Employed,6,Secondary,OBC,No,Rural,0
513,80.0,Female,222905.0,Unemployed,7,Graduate,OBC,No,Rural,0
514,44.0,Female,443781.0,Employed,3,Secondary,OBC,No,Rural,0
515,59.0,Female,68402.0,Employed,8,Graduate,OBC,No,Rural,1
516,19.0,Female,223917.0,Employed,8,Graduate,OBC,No,Rural,0
517,43.0,Female,650139.0,Employed,9,Primary,SC,Yes,Urban,0
518,34.0,Male,62834.0,Unemployed,8,Postgraduate,OBC,No,Rural,1
519,57.0,Female,642138.0,Employed,3,Primary,ST,No,Rural,1
520,50.0,Male,87180.0,Employed,6,Graduate,OBC,No,Urban,0
521,26.0,Female,447099.0,Employed,9,Graduate,OBC,No,Urban,0
522,60.0,Male,683976.0,Employed,1,Secondary,General,No,Rural,0
523,71.0,Male,256659.0,Self-employed,3,Graduate,OBC,No,Urban,0
524,65.0,Female,418664.0,Unemployed,2,Secondary,ST,No,Rural,1
525,56.0,Male,848127.0,Employed,8,Postgraduate,SC,No,Urban,0
526,46.0,Male,177135.0,Unemployed,6,Secondary,OBC,No,Rural,1
527,59.0,Female,204195.0,Unemployed,10,Secondary,OBC,No,Rural,1
528,72.0,Female,632769.0,Unemployed,8,,OBC,No,Urban,0
529,43.0,Female,647726.0,Employed,2,Primary,OBC,No,Rural,1
530,52.0,Male,685779.0,Employed,6,Graduate,General,No,Rural,0
531,67.0,Female,572741.0,Employed,7,Postgraduate,General,No,Rural,0
532,42.0,Male,460789.0,Self-employed,8,Graduate,SC,No,Rural,1
533,41.0,Female,696132.0,Unemployed,9,Secondary,General,No,Urban,1
534,30.0,Female,407054.0,Employed,5,Graduate,SC,No,Rural,1
535,77.0,Female,106494.0,Employed,3,Postgraduate,OBC,No,Rural,1
536,,Male,455504.0,Employed,2,Secondary,OBC,No,Urban,0
537,24.0,Male,883410.0,Employed,8,Graduate,OBC,No,Urban,1
538,74.0,Male,429989.0,Self-employed,1,Secondary,OBC,No,Rural,0
539,53.0,Male,967053.0,Employed,10,Postgraduate,General,No,Urban,1
540,62.0,Male,781455.0,Employed,6,Graduate,OBC,No,Rural,1
541,37.0,Female,104672.0,Self-employed,2,Graduate,OBC,No,Urban,1
542,18.0,Male,636109.0,Employed,3,Postgraduate,ST,No,Urban,0
543,25.0,Female,920093.0,Unemployed,8,Secondary,OBC,No,Urban,1
544,63.0,Male,119224.0,Employed,1,Primary,SC,No,Urban,1
545,33.0,Female,925837.0,Employed,6,Secondary,OBC,No,Rural,1
546,31.0,Female,284745.0,Employed,3,Secondary,ST,No,Rural,1
547,,Male,104796.0,Unemployed,6,Graduate,ST,No,Rural,0
548,68.0,Male,487922.0,Employed,3,Graduate,SC,No,Urban,0
549,40.0,Female,702842.0,Employed,8,Secondary,SC,No,Urban,1
550,32.0,Male,435921.0,Unemployed,5,Graduate,OBC,No,Rural,0
551,45.0,Female,316167.0,Employed,4,Graduate,OBC,,Rural,1
552,51.0,Female,,Employed,9,Secondary,ST,No,Urban,0
553,19.0,Female,787996.0,Employed,5,Secondary,OBC,No,Rural,0
554,49.0,Male,217807.0,Employed,4,Graduate,OBC,No,Urban,0
555,40.0,Female,909391.0,Unemployed,8,Graduate,OBC,No,Urban,0
556,80.0,Female,613506.0,Unemployed,8,Postgraduate,General,No,Rural,1
557,39.0,Female,979717.0,Self-employed,8,Secondary,OBC,No,Rural,1
558,68.0,Male,544735.0,Unemployed,4,Graduate,General,No,Urban,0
559,42.0,Female,565729.0,Employed,1,Graduate,OBC,No,Rural,1
560,75.0,Female,279766.0,Self-employed,2,Primary,General,,Rural,1
561,80.0,Female,864892.0,Employed,4,Primary,General,,Rural,1
562,79.0,Male,961011.0,Employed,10,Secondary,General,No,Rural,0
563,78.0,Female,901112.0,Employed,2,Secondary,General,No,Rural,0
564,39.0,Male,81017.0,Employed,10,Secondary,SC,No,Urban,0
565,75.0,Female,404182.0,Unemployed,3,Graduate,SC,,Urban,0
566,75.0,Female,998494.0,Employed,9,Graduate,OBC,,Rural,1
567,39.0,Female,593803.0,Employed,9,Graduate,OBC,No,Urban,1
568,66.0,Female,473207.0,Employed,9,Secondary,General,No,Rural,1
569,69.0,Male,450850.0,Employed,7,Graduate,SC,No,Rural,0
570,59.0,Other,258106.0,Employed,4,Graduate,General,No,Rural,0
571,23.0,Male,996881.0,Unemployed,1,Postgraduate,SC,Yes,Urban,1
572,32.0,Female,869433.0,Employed,3,Postgraduate,ST,No,Urban,0
573,71.0,Female,575679.0,Self-employed,8,Graduate,General,No,Rural,1
574,60.0,Female,,Employed,4,Graduate,SC,No,Rural,0
575,77.0,Male,,Employed,10,Secondary,OBC,No,Urban,0
576,54.0,Female,354359.0,,10,Primary,SC,,Rural,1
577,50.0,Female,654008.0,Self-employed,2,Graduate,General,No,Urban,1
578,25.0,Male,339258.0,Employed,8,Graduate,General,,Rural,1
579,70.0,Female,717242.0,Unemployed,7,Graduate,General,No,Urban,0
580,77.0,Male,949574.0,Self-employed,10,Graduate,OBC,No,Rural,1
581,61.0,Male,722633.0,Self-employed,9,Graduate,OBC,No,Rural,0
582,61.0,Male,418350.0,Unemployed,2,Secondary,SC,,Urban,0
583,22.0,Male,619935.0,Unemployed,5,Secondary,ST,No,Rural,0
584,56.0,Female,,Employed,6,Primary,OBC,No,Rural,1
585,21.0,Male,,Self-employed,2,Graduate,OBC,No,Rural,0
586,23.0,Male,616967.0,Employed,2,Graduate,ST,No,Rural,1
587,62.0,Male,312571.0,Self-employed,10,Postgraduate,SC,No,Rural,1
588,49.0,Female,802312.0,Employed,4,Graduate,ST,No,Rural,1
589,69.0,Female,966101.0,Employed,8,Secondary,OBC,No,Rural,0
590,47.0,Male,640555.0,Employed,5,Secondary,SC,No,Urban,0
591,64.0,Male,50799.0,Employed,9,Graduate,SC,No,Rural,1
592,52.0,Female,367803.0,Employed,4,Postgraduate,SC,,Rural,1
593,72.0,Male,,Employed,3,Secondary,General,,Urban,1
594,57.0,Female,581313.0,Unemployed,10,Graduate,ST,No,Urban,0
595,69.0,Male,588769.0,Unemployed,8,Secondary,General,No,Rural,0
596,33.0,Female,337555.0,Employed,1,Secondary,OBC,No,Rural,0
597,30.0,Male,802254.0,Unemployed,9,Postgraduate,OBC,No,Rural,0
598,67.0,Female,680216.0,Employed,4,Primary,SC,No,Rural,0
599,77.0,Male,697302.0,Employed,9,Graduate,OBC,No,Urban,0
600,59.0,Other,458177.0,Unemployed,8,Primary,ST,No,Urban,1
601,47.0,Male,464983.0,Self-employed,3,Graduate,SC,No,Urban,1
602,36.0,Female,564111.0,Employed,3,Graduate,General,No,Rural,1
603,34.0,Male,101690.0,Employed,9,Postgraduate,OBC,,Rural,1
604,73.0,Male,627158.0,Employed,3,Secondary,ST,No,Rural,1
605,80.0,Female,741495.0,Employed,4,Secondary,OBC,,Rural,0
606,36.0,Male,136928.0,Employed,9,Graduate,OBC,No,Rural,0
607,45.0,Female,571921.0,Self-employed,4,Secondary,General,No,Urban,0
608,75.0,Female,784158.0,Self-employed,3,Graduate,OBC,No,Urban,1
609,72.0,Female,645053.0,Unemployed,7,Graduate,SC,No,Rural,0
610,43.0,Male,335916.0,Employed,6,Secondary,SC,No,Rural,0
611,54.0,Female,966849.0,Unemployed,1,Graduate,OBC,No,Rural,0
612,43.0,Male,855231.0,Employed,10,Graduate,OBC,No,Urban,1
613,70.0,Female,424195.0,Employed,8,Postgraduate,OBC,No,Urban,1
614,79.0,Female,704229.0,Employed,1,Secondary,General,No,Rural,0
615,40.0,Female,73555.0,Unemployed,4,Secondary,OBC,,Urban,0
616,80.0,Female,928584.0,Self-employed,6,Secondary,OBC,No,Urban,0
617,26.0,Female,439363.0,Employed,6,Secondary,General,No,Urban,0
618,29.0,Male,986837.0,Employed,7,Secondary,SC,No,Rural,0
619,70.0,Female,,Employed,5,Postgraduate,OBC,,Rural,0
620,18.0,Male,431977.0,Self-employed,5,,General,No,Rural,1
621,75.0,Female,905434.0,Employed,4,Secondary,OBC,No,Rural,0
622,75.0,Female,358697.0,Employed,6,Primary,OBC,No,Urban,1
623,18.0,Female,315232.0,Unemployed,7,Secondary,SC,No,Rural,0
624,64.0,Male,620071.0,Employed,10,Primary,General,No,Urban,1
625,51.0,Female,575403.0,Employed,10,Graduate,OBC,No,Rural,1
626,49.0,Male,773486.0,Employed,1,Graduate,General,No,Rural,1
627,79.0,Male,122908.0,Unemployed,9,Secondary,SC,No,Rural,1
628,71.0,Male,643397.0,Employed,8,Secondary,SC,No,Rural,1
629,65.0,Male,839410.0,Self-employed,7,Graduate,OBC,No,Rural,0
630,42.0,Male,421087.0,Unemployed,9,Secondary,ST,No,Urban,0
631,57.0,Female,59422.0,Employed,3,Primary,General,No,Urban,0
632,,Male,224698.0,Employed,10,Postgraduate,General,,Rural,0
633,70.0,Male,663521.0,Employed,4,Graduate,OBC,No,Urban,0
634,18.0,Female,892606.0,Employed,7,Graduate,SC,Yes,Rural,0
635,33.0,Male,539572.0,Self-employed,6,Postgraduate,ST,No,Rural,0
636,78.0,Female,87743.0,Self-employed,2,Graduate,OBC,No,Rural,1
637,56.0,Female,775821.0,Employed,2,Graduate,SC,No,Rural,1
638,80.0,Female,500415.0,Employed,10,Postgraduate,General,,Rural,1
639,22.0,Female,442432.0,Employed,7,Secondary,SC,Yes,Urban,0
640,39.0,Female,703288.0,Employed,9,Postgraduate,OBC,No,Urban,0
641,46.0,Female,434922.0,Employed,9,Secondary,General,No,Urban,0
642,72.0,Male,603718.0,Employed,7,Secondary,OBC,No,Urban,0
643,20.0,Female,78834.0,Self-employed,8,Graduate,General,No,Urban,1
644,29.0,Male,,Employed,10,Postgraduate,General,No,Rural,0
645,43.0,Female,137212.0,Employed,3,Graduate,OBC,No,Rural,0
646,33.0,Male,630085.0,Self-employed,1,Secondary,OBC,Yes,Urban,1
647,68.0,Female,486770.0,Employed,7,Graduate,ST,No,Urban,0
648,54.0,Male,628843.0,Employed,8,Graduate,General,No,Rural,1
649,39.0,Female,135350.0,Employed,2,Secondary,OBC,No,Rural,0
650,74.0,Male,64716.0,,9,,General,,Rural,1
651,46.0,Female,110261.0,Self-employed,4,Secondary,OBC,Yes,Rural,1
652,31.0,Female,995032.0,Self-employed,10,Secondary,SC,No,Urban,0
653,45.0,Male,,Self-employed,9,Secondary,General,No,Rural,0
654,22.0,Female,596702.0,Self-employed,3,Secondary,SC,Yes,Rural,0
655,64.0,Female,719204.0,Employed,8,Graduate,General,No,Rural,0
656,66.0,Female,742019.0,Self-employed,2,Secondary,ST,No,Urban,1
657,47.0,Male,65522.0,Self-employed,3,Graduate,OBC,No,Rural,1
658,63.0,Male,548665.0,Employed,1,Secondary,OBC,No,Urban,1
659,79.0,Male,441776.0,Employed,5,Graduate,General,No,Rural,0
660,69.0,Male,910466.0,Employed,4,Graduate,General,No,Rural,0
661,22.0,Female,878754.0,Employed,1,Secondary,General,,Rural,0
662,29.0,Male,379782.0,Employed,10,Graduate,OBC,No,Rural,0
663,33.0,Female,937766.0,Self-employed,9,Graduate,SC,No,Rural,0
664,,Male,713884.0,Self-employed,6,Graduate,OBC,No,Rural,0
665,43.0,Female,605134.0,Employed,6,Graduate,OBC,No,Urban,0
666,65.0,Female,910075.0,Employed,2,Graduate,General,No,Rural,0
667,38.0,Female,689218.0,Self-employed,7,Postgraduate,General,No,Urban,1
668,56.0,Male,336543.0,Unemployed,9,Secondary,OBC,No,Rural,0
669,53.0,Male,780520.0,Employed,6,Graduate,General,,Rural,0
670,50.0,Male,273734.0,Unemployed,8,Primary,General,No,Rural,1
671,79.0,Male,794027.0,Self-employed,5,Primary,General,No,Urban,1
672,47.0,Male,173182.0,Self-employed,2,Secondary,OBC,No,Rural,1
673,,Male,98591.0,Employed,4,Postgraduate,General,,Rural,0
674,40.0,Male,201786.0,Employed,1,Graduate,OBC,No,Rural,0
675,75.0,Female,348021.0,Self-employed,1,Secondary,SC,No,Urban,1
676,27.0,Male,134106.0,,6,Secondary,SC,No,Urban,1
677,71.0,Female,652306.0,Unemployed,2,Postgraduate,SC,No,Rural,1
678,22.0,Male,411998.0,Employed,6,Secondary,SC,,Urban,1
679,53.0,Female,214486.0,Employed,1,Secondary,SC,No,Rural,0
680,51.0,Female,,Employed,10,Postgraduate,General,No,Rural,1
681,69.0,Female,660864.0,Employed,3,Graduate,OBC,No,Urban,1
682,48.0,Female,784303.0,Self-employed,9,Secondary,OBC,No,Urban,1
683,27.0,Male,828952.0,Employed,2,Graduate,OBC,No,Urban,1
684,75.0,Female,750828.0,Self-employed,8,Postgraduate,OBC,No,Rural,1
685,36.0,Male,785062.0,Self-employed,6,Postgraduate,SC,No,Rural,0
686,75.0,Male,777468.0,Employed,6,Primary,ST,No,Urban,1
687,49.0,Female,142508.0,Unemployed,7,Secondary,General,,Rural,1
688,18.0,Female,358979.0,Employed,5,Secondary,General,No,Urban,0
689,73.0,Male,768693.0,Unemployed,4,Graduate,OBC,No,Urban,1
690,22.0,Female,616752.0,Employed,6,Graduate,OBC,No,Rural,0
691,62.0,Female,948886.0,Employed,8,Secondary,ST,No,Rural,0
692,21.0,Male,728283.0,Employed,4,Graduate,OBC,,Rural,1
693,33.0,Male,166062.0,Unemployed,5,Graduate,OBC,No,Rural,0
694,41.0,Male,903877.0,Self-employed,7,Graduate,General,No,Urban,0
695,33.0,Male,422598.0,Employed,6,Postgraduate,SC,No,Rural,1
696,72.0,Male,958338.0,Employed,4,Graduate,General,No,Rural,1
697,19.0,Male,672672.0,Employed,4,Secondary,OBC,No,Urban,0
698,66.0,Male,772979.0,Self-employed,10,Graduate,OBC,,Rural,1
699,45.0,Female,,Employed,4,Graduate,OBC,No,Rural,0
700,49.0,Female,372176.0,Unemployed,1,Secondary,OBC,No,Urban,0
701,44.0,Other,425665.0,Employed,5,Graduate,OBC,No,Urban,0
702,37.0,Male,952810.0,Employed,8,Primary,SC,No,Rural,0
703,41.0,Female,591428.0,Self-employed,7,Primary,OBC,No,Urban,0
704,29.0,Female,314814.0,Unemployed,5,Secondary,ST,No,Rural,0
705,67.0,Female,348663.0,Unemployed,3,Postgraduate,SC,No,Urban,0
706,52.0,Male,618800.0,Employed,1,Graduate,SC,No,Rural,1
707,77.0,Female,153565.0,Self-employed,7,Primary,OBC,No,Rural,0
708,50.0,Male,720051.0,Employed,3,Postgraduate,SC,No,Rural,0
709,50.0,Male,941588.0,Self-employed,4,Graduate,SC,No,Rural,0
710,78.0,Female,739622.0,Employed,5,Graduate,OBC,No,Rural,0
711,68.0,Female,235964.0,Employed,8,Secondary,General,No,Urban,0
712,60.0,Male,599883.0,Employed,7,Secondary,General,No,Urban,0
713,54.0,Female,238279.0,Employed,9,Graduate,General,,Urban,1
714,29.0,Female,296661.0,Employed,3,Graduate,OBC,No,Rural,1
715,20.0,Female,214512.0,Self-employed,10,,OBC,No,Urban,1
716,18.0,Female,320774.0,Unemployed,1,Graduate,General,No,Urban,0
717,50.0,Male,474466.0,Self-employed,1,Graduate,ST,No,Rural,1
718,57.0,Other,310300.0,Employed,10,Secondary,SC,No,Rural,0
719,27.0,Female,289644.0,Employed,1,Graduate,OBC,No,Rural,0
720,60.0,Male,804108.0,Self-employed,2,Secondary,ST,No,Rural,1
721,61.0,Female,943893.0,Employed,2,Primary,OBC,,Urban,0
722,46.0,Female,782878.0,Employed,7,Secondary,OBC,No,Rural,1
723,30.0,Female,124191.0,Self-employed,9,Graduate,SC,No,Rural,0
724,29.0,Female,150591.0,Employed,8,Postgraduate,General,No,Urban,0
725,48.0,Female,638041.0,Employed,4,Secondary,OBC,No,Rural,1
726,63.0,Female,553477.0,Self-employed,2,Secondary,OBC,No,Rural,0
727,19.0,Female,634808.0,Employed,3,Primary,General,No,Rural,0
728,78.0,Female,316152.0,Self-employed,10,Postgraduate,SC,No,Rural,0
729,68.0,Male,487680.0,Employed,5,,General,,Rural,1
730,67.0,Female,419552.0,Unemployed,9,Postgraduate,OBC,No,Urban,0
731,52.0,Male,312640.0,Employed,8,Postgraduate,OBC,No,Rural,1
732,40.0,Female,,Unemployed,3,Secondary,General,No,Rural,1
733,34.0,Female,335356.0,Employed,9,Secondary,OBC,No,Rural,0
734,43.0,Female,857069.0,Self-employed,10,,SC,No,Rural,1
735,25.0,Female,,Employed,3,Primary,SC,No,Urban,1
736,46.0,Female,525629.0,Employed,10,Secondary,OBC,No,Rural,1
737,43.0,Male,956185.0,Unemployed,8,Secondary,General,,Urban,0
738,27.0,Female,170118.0,Employed,1,Graduate,ST,No,Rural,1
739,43.0,Male,788706.0,Employed,4,Graduate,OBC,,Urban,1
740,79.0,Male,322028.0,Employed,4,Secondary,General,No,Urban,1
741,51.0,Male,166481.0,Employed,6,Graduate,SC,No,Rural,0
742,68.0,Female,118259.0,Employed,2,Secondary,General,Yes,Urban,0
743,58.0,Female,99810.0,Employed,7,Graduate,ST,No,Rural,0
744,24.0,Female,179926.0,Employed,5,Graduate,SC,No,Urban,0
745,21.0,Male,579049.0,Unemployed,10,Secondary,SC,No,Rural,0
746,75.0,Female,832702.0,Employed,6,Graduate,General,No,Rural,1
747,70.0,Male,66375.0,Employed,6,Graduate,OBC,No,Rural,0
748,67.0,Male,288117.0,Self-employed,6,Primary,ST,No,Urban,1
749,62.0,Female,992722.0,Self-employed,10,Secondary,OBC,No,Urban,0
750,28.0,Male,211637.0,Employed,8,Postgraduate,OBC,,Rural,0
751,46.0,Male,152654.0,Employed,10,Primary,OBC,,Urban,0
752,73.0,Male,869407.0,Self-employed,4,Graduate,General,,Urban,1
753,53.0,Male,732433.0,Employed,10,Graduate,ST,No,Urban,0
754,42.0,Male,250798.0,Employed,8,Secondary,SC,No,Rural,1
755,38.0,Male,182955.0,Employed,9,Secondary,OBC,No,Rural,0
756,78.0,Female,754989.0,Unemployed,4,Postgraduate,SC,No,Rural,0
757,74.0,Female,769530.0,Employed,1,Secondary,General,No,Rural,0
758,53.0,Female,124489.0,Unemployed,3,Graduate,SC,No,Rural,0
759,27.0,Other,582669.0,Unemployed,1,Graduate,General,No,Rural,0
760,54.0,Male,990742.0,Employed,7,Graduate,ST,No,Urban,0
761,26.0,Female,194867.0,Self-employed,1,Postgraduate,General,No,Urban,1
762,41.0,Other,112999.0,Employed,4,Graduate,SC,No,Urban,0
763,52.0,Male,362051.0,Employed,1,Graduate,General,No,Urban,0
764,66.0,Female,977142.0,Employed,2,Postgraduate,SC,Yes,Urban,0
765,52.0,Male,906899.0,Employed,1,Postgraduate,General,No,Rural,0
766,65.0,Male,879055.0,Employed,5,Postgraduate,OBC,No,Urban,0
767,53.0,Male,743852.0,Employed,7,Graduate,OBC,No,Rural,1
768,35.0,Female,469627.0,Employed,3,Secondary,ST,No,Rural,1
769,66.0,Female,947156.0,Employed,8,Graduate,General,Yes,Rural,0
770,56.0,Female,201606.0,Employed,5,Primary,SC,No,Rural,1
771,49.0,Male,472397.0,Unemployed,5,Secondary,General,No,Urban,1
772,41.0,Male,415213.0,Employed,5,Secondary,OBC,No,Urban,0
773,40.0,Male,594284.0,Unemployed,8,,General,No,Rural,0
774,79.0,Male,777449.0,Employed,2,Secondary,OBC,No,Rural,0
775,49.0,Female,155682.0,Employed,2,Graduate,SC,No,Rural,0
776,54.0,Male,395753.0,Employed,8,Graduate,OBC,No,Urban,1
777,29.0,Female,559220.0,Employed,9,Secondary,SC,No,Rural,0
778,66.0,Female,734765.0,Employed,10,Graduate,ST,No,Urban,1
779,72.0,Male,413634.0,Employed,10,Graduate,OBC,No,Rural,1
780,30.0,Female,832260.0,,2,Postgraduate,General,No,Urban,0
781,40.0,Male,121325.0,Self-employed,4,Primary,General,No,Rural,0
782,42.0,Male,603218.0,Employed,8,Secondary,SC,No,Rural,1
783,52.0,Male,426570.0,Unemployed,2,Graduate,OBC,No,Rural,1
784,58.0,Female,67529.0,Employed,4,Primary,ST,No,Rural,1
785,47.0,Male,627834.0,Employed,10,Secondary,OBC,No,Rural,0
786,34.0,Female,320086.0,Unemployed,1,Secondary,SC,,Urban,0
787,66.0,Female,843980.0,Employed,2,Graduate,General,No,Rural,1
788,79.0,Male,951680.0,,7,Secondary,General,No,Rural,1
789,37.0,Female,461512.0,Employed,1,Graduate,ST,Yes,Rural,0
790,65.0,Female,756376.0,Employed,1,Postgraduate,OBC,No,Rural,1
791,42.0,Male,,Employed,2,Graduate,ST,No,Rural,0
792,39.0,Male,312440.0,Employed,4,Secondary,General,No,Urban,0
793,30.0,Female,117945.0,Employed,7,Graduate,SC,No,Rural,0
794,76.0,Male,109980.0,Employed,4,Secondary,OBC,Yes,Rural,1
795,36.0,Female,893214.0,Unemployed,5,Primary,General,No,Rural,0
796,66.0,Male,215301.0,Employed,4,Secondary,SC,No,Urban,0
797,53.0,Male,670670.0,Unemployed,4,Secondary,OBC,No,Rural,1
798,29.0,Male,103444.0,Unemployed,9,Graduate,SC,No,Urban,1
799,78.0,Male,347180.0,Unemployed,6,Postgraduate,General,No,Rural,0
800,58.0,Female,558898.0,Unemployed,3,Postgraduate,ST,,Rural,0
801,36.0,Male,310186.0,Employed,6,Primary,General,No,Rural,0
802,29.0,Female,875754.0,Employed,7,Graduate,General,No,Rural,0
803,26.0,Female,732527.0,Employed,7,Primary,General,No,Rural,0
804,24.0,Female,888099.0,Self-employed,8,Graduate,OBC,No,Rural,0
805,45.0,Female,668815.0,,4,Secondary,General,,Rural,0
806,31.0,Male,,Employed,1,Postgraduate,SC,,Urban,1
807,48.0,Male,363612.0,Employed,6,Postgraduate,OBC,No,Rural,1
808,69.0,Female,122894.0,Self-employed,8,Primary,SC,No,Rural,0
809,36.0,Male,496300.0,Employed,5,Graduate,OBC,No,Rural,0
810,75.0,Female,637426.0,Employed,3,Graduate,General,No,Rural,0
811,64.0,Male,334732.0,Employed,4,Graduate,General,No,Rural,0
812,33.0,Female,899333.0,Self-employed,8,Graduate,OBC,No,Rural,1
813,70.0,Female,460887.0,Employed,6,Graduate,General,No,Rural,1
814,22.0,Female,133038.0,Employed,5,Postgraduate,General,No,Rural,1
815,52.0,Female,474861.0,Unemployed,9,Graduate,General,No,Rural,1
816,29.0,Female,712997.0,Employed,10,Graduate,OBC,No,Rural,1
817,42.0,Female,968164.0,Self-employed,3,Graduate,SC,No,Urban,0
818,69.0,Female,419355.0,Employed,7,Postgraduate,OBC,No,Rural,1
819,76.0,Male,843354.0,Employed,9,Secondary,OBC,,Urban,0
820,38.0,Male,667985.0,Self-employed,4,Secondary,OBC,No,Urban,1
821,,Male,225793.0,Self-employed,10,Graduate,General,,Urban,0
822,70.0,Female,500472.0,Employed,10,Postgraduate,General,No,Urban,0
823,,Male,826385.0,Employed,3,Secondary,OBC,No,Rural,0
824,33.0,Female,953649.0,Self-employed,1,Graduate,SC,No,Rural,0
825,74.0,Female,905938.0,Employed,9,Primary,ST,No,Urban,1
826,,Female,250015.0,Self-employed,1,Graduate,SC,No,Rural,1
827,62.0,Female,174338.0,Self-employed,2,Postgraduate,OBC,No,Rural,0
828,70.0,Male,77843.0,Employed,9,Graduate,General,No,Rural,0
829,59.0,Female,714406.0,Self-employed,5,Graduate,OBC,No,Rural,0
830,75.0,Female,415208.0,Employed,4,Postgraduate,OBC,No,Urban,0
831,56.0,Male,277997.0,Unemployed,9,Secondary,SC,,Rural,0
832,31.0,Male,176417.0,Employed,9,Postgraduate,OBC,No,Urban,0
833,48.0,Female,166585.0,Self-employed,2,Secondary,General,No,Rural,0
834,75.0,Female,604634.0,Unemployed,3,Graduate,General,No,Rural,1
835,22.0,Male,269356.0,Unemployed,3,Graduate,SC,No,Rural,1
836,52.0,Female,,Self-employed,5,Graduate,General,No,Rural,0
837,40.0,Female,948201.0,Employed,3,Postgraduate,ST,No,Rural,1
838,46.0,Male,676679.0,Employed,10,Postgraduate,OBC,No,Rural,0
839,60.0,Other,534600.0,,6,Graduate,SC,No,Rural,1
840,28.0,Female,496742.0,Unemployed,2,Secondary,OBC,No,Urban,1
841,35.0,Female,909575.0,Self-employed,6,Secondary,SC,No,Rural,0
842,64.0,Female,873219.0,Self-employed,6,Graduate,OBC,No,Rural,0
843,29.0,Male,870015.0,Employed,2,Postgraduate,OBC,,Urban,1
844,26.0,Male,193635.0,Employed,6,Graduate,ST,No,Rural,0
845,27.0,Male,,Employed,6,Postgraduate,General,No,Rural,0
846,75.0,Male,310609.0,Unemployed,6,Postgraduate,SC,,Urban,1
847,61.0,Male,696231.0,Employed,5,Graduate,General,No,Urban,0
848,34.0,Female,819822.0,Unemployed,7,Postgraduate,OBC,No,Urban,0
849,78.0,Female,739050.0,Employed,5,Postgraduate,General,No,Rural,1
850,55.0,Female,423377.0,Employed,1,Graduate,OBC,No,Urban,1
851,24.0,Female,275784.0,Employed,9,Graduate,SC,,Rural,1
852,63.0,Female,64925.0,Employed,3,Graduate,OBC,Yes,Urban,0
853,30.0,Male,792147.0,Unemployed,2,Primary,OBC,No,Urban,0
854,57.0,Male,133184.0,,10,Graduate,General,No,Rural,1
855,59.0,Female,987612.0,Employed,6,Secondary,General,No,Rural,1
856,,Female,650803.0,Employed,8,Secondary,SC,No,Urban,1
857,67.0,Male,249330.0,Unemployed,2,Postgraduate,OBC,No,Rural,1
858,44.0,Female,710715.0,Self-employed,4,Graduate,OBC,No,Rural,1
859,75.0,Male,358213.0,Employed,2,Secondary,OBC,No,Urban,1
860,19.0,Female,799695.0,Unemployed,9,Secondary,General,No,Rural,0
861,22.0,Female,150854.0,Employed,10,,SC,No,Urban,0
862,,Female,890903.0,Employed,2,Postgraduate,OBC,No,Urban,0
863,54.0,Other,344849.0,Unemployed,10,Primary,OBC,No,Urban,0
864,55.0,Female,224981.0,Employed,2,Postgraduate,ST,,Rural,0
865,36.0,Female,,Unemployed,5,Secondary,General,No,Rural,1
866,25.0,Female,178501.0,Employed,5,Graduate,SC,No,Urban,1
867,65.0,Female,166361.0,,7,Graduate,OBC,No,Rural,1
868,62.0,Female,234811.0,Employed,1,Postgraduate,OBC,No,Urban,0
869,18.0,Male,257892.0,Employed,2,Postgraduate,ST,No,Urban,0
870,39.0,Male,661561.0,Self-employed,6,Secondary,SC,No,Rural,0
871,69.0,Female,335385.0,Employed,2,Graduate,General,No,Urban,1
872,34.0,Male,470630.0,Employed,4,Secondary,General,No,Rural,1
873,80.0,Male,100818.0,Employed,10,Graduate,General,No,Rural,0
874,24.0,Other,201967.0,Employed,6,Graduate,General,No,Rural,0
875,42.0,Female,404451.0,Employed,7,Secondary,SC,No,Urban,0
876,62.0,Female,243481.0,Employed,10,Graduate,SC,No,Urban,1
877,21.0,Male,498540.0,Unemployed,5,Secondary,SC,No,Rural,0
878,53.0,Male,379064.0,Employed,8,Graduate,General,No,Rural,1
879,23.0,Male,496771.0,Unemployed,6,Graduate,General,No,Rural,0
880,77.0,Male,168642.0,Employed,5,Graduate,OBC,No,Rural,0
881,48.0,Male,377597.0,Employed,4,Postgraduate,General,No,Rural,0
882,,Male,859121.0,Employed,6,Primary,OBC,No,Urban,1
883,78.0,Female,245428.0,Employed,6,Graduate,SC,No,Urban,0
884,61.0,Female,,Employed,6,Graduate,SC,No,Rural,1
885,71.0,Male,451468.0,Employed,1,Primary,SC,,Urban,1
886,56.0,Male,867276.0,Employed,6,Secondary,OBC,No,Urban,1
887,44.0,Female,145687.0,Employed,1,Postgraduate,OBC,No,Urban,0
888,27.0,Male,548758.0,Employed,5,Graduate,General,No,Rural,1
889,43.0,Female,859797.0,Employed,7,Graduate,SC,Yes,Urban,0
890,36.0,Male,711386.0,Unemployed,1,Graduate,General,,Urban,0
891,56.0,Male,934735.0,Employed,1,Postgraduate,OBC,,Urban,1
892,79.0,Male,340667.0,Employed,6,Secondary,General,No,Rural,0
893,20.0,Male,564513.0,Employed,7,Postgraduate,General,,Rural,0
894,62.0,Female,191554.0,Employed,6,Secondary,General,No,Urban,1
895,30.0,Female,,Employed,5,Graduate,OBC,No,Rural,1
896,67.0,Female,885320.0,Self-employed,6,Secondary,SC,No,Rural,0
897,45.0,Male,688172.0,Unemployed,3,Graduate,OBC,No,Rural,0
898,79.0,Female,681256.0,Unemployed,9,Graduate,SC,No,Rural,1
899,75.0,Female,886542.0,Self-employed,5,Graduate,OBC,No,Rural,1
900,37.0,Female,796004.0,Employed,2,Primary,ST,No,Rural,0
901,45.0,Male,443709.0,Employed,10,,OBC,No,Rural,0
902,,Male,499410.0,Unemployed,10,Secondary,General,No,Rural,0
903,78.0,Female,656289.0,Employed,7,Graduate,ST,No,Rural,0
904,80.0,Female,89767.0,Employed,3,Postgraduate,General,No,Urban,1
905,58.0,Male,603838.0,Unemployed,1,Graduate,ST,No,Rural,1
906,56.0,Male,574261.0,Unemployed,3,Secondary,ST,No,Urban,0
907,18.0,Female,194905.0,Employed,9,Postgraduate,OBC,No,Rural,0
908,20.0,Female,184042.0,Employed,5,Postgraduate,General,No,Urban,1
909,30.0,Male,672603.0,Unemployed,7,Graduate,General,No,Urban,1
910,45.0,Female,145494.0,Self-employed,3,Graduate,General,No,Rural,0
911,79.0,Female,701712.0,Unemployed,4,Postgraduate,ST,No,Rural,0
912,74.0,Female,950287.0,Self-employed,1,Graduate,SC,Yes,Urban,0
913,80.0,Female,132681.0,Employed,3,Graduate,SC,No,Urban,1
914,77.0,Male,937921.0,Employed,7,Graduate,OBC,No,Rural,1
915,66.0,Female,754537.0,Employed,4,Secondary,General,,Urban,0
916,42.0,Male,966978.0,Employed,2,Postgraduate,General,No,Rural,1
917,73.0,Female,302411.0,Self-employed,5,Graduate,ST,No,Urban,1
918,50.0,Female,766861.0,Self-employed,5,Graduate,General,No,Rural,0
919,55.0,Male,603188.0,Employed,2,Primary,OBC,No,Rural,1
920,70.0,Female,64126.0,Employed,6,Secondary,SC,,Rural,1
921,23.0,Other,685486.0,Employed,10,,OBC,No,Rural,1
922,75.0,Male,776050.0,Self-employed,4,Graduate,OBC,No,Urban,1
923,61.0,Female,793104.0,Employed,1,Graduate,OBC,No,Urban,1
924,62.0,Female,391447.0,Employed,3,Secondary,ST,No,Urban,1
925,49.0,Female,266651.0,Employed,9,Secondary,General,No,Urban,0
926,62.0,Male,379205.0,Employed,10,Graduate,OBC,,Rural,0
927,78.0,Male,542280.0,Self-employed,7,Graduate,ST,No,Rural,0
928,64.0,Male,66978.0,Employed,6,Secondary,OBC,No,Urban,0
929,38.0,Female,630632.0,Employed,1,Primary,General,Yes,Rural,0
930,33.0,Male,358792.0,Employed,9,Postgraduate,OBC,,Urban,0
931,71.0,Female,313199.0,Employed,9,,General,,Rural,1
932,38.0,Male,125582.0,Unemployed,1,Postgraduate,ST,Yes,Urban,1
933,28.0,Female,282459.0,Employed,6,Secondary,OBC,No,Rural,1
934,77.0,Male,655502.0,Employed,7,Graduate,OBC,No,Urban,1
935,54.0,Male,488092.0,Self-employed,2,Secondary,SC,No,Urban,0
936,53.0,Male,561579.0,Employed,10,Graduate,OBC,No,Urban,0
937,52.0,Male,797520.0,Unemployed,8,Secondary,OBC,No,Rural,0
938,36.0,Female,944386.0,Employed,8,Secondary,OBC,No,Rural,0
939,37.0,Female,613013.0,Employed,6,,ST,No,Rural,1
940,74.0,Female,448471.0,Unemployed,9,Graduate,OBC,No,Urban,1
941,35.0,Female,518163.0,Self-employed,3,Postgraduate,General,No,Rural,0
942,64.0,Female,889812.0,Employed,2,Secondary,General,No,Urban,0
943,58.0,Female,820008.0,Employed,2,Secondary,General,No,Urban,0
944,66.0,Female,627621.0,Employed,6,Graduate,OBC,No,Urban,0
945,31.0,Female,354603.0,Employed,7,Postgraduate,ST,No,Rural,0
946,32.0,Male,952950.0,Employed,6,Graduate,General,No,Urban,1
947,48.0,Female,836198.0,Unemployed,3,Postgraduate,SC,No,Urban,1
948,18.0,Male,348307.0,Employed,5,Secondary,General,Yes,Urban,1
949,70.0,Female,215043.0,Employed,8,Secondary,General,No,Rural,0
950,71.0,Female,539987.0,Employed,6,Secondary,OBC,No,Rural,0
951,71.0,Male,770509.0,Employed,2,Graduate,SC,No,Rural,1
952,20.0,Male,396874.0,Unemployed,7,Graduate,General,No,Rural,1
953,33.0,Female,331620.0,Employed,8,Secondary,General,No,Rural,1
954,40.0,Female,380724.0,Employed,4,Secondary,General,No,Urban,1
955,74.0,Male,301831.0,Self-employed,1,Graduate,SC,No,Rural,0
956,28.0,Female,942008.0,Employed,2,Secondary,OBC,No,Rural,0
957,29.0,Female,398737.0,Employed,4,Primary,SC,No,Rural,1
958,27.0,Female,774410.0,Employed,7,Postgraduate,OBC,,Urban,0
959,49.0,Other,,Self-employed,2,Secondary,OBC,No,Rural,1
960,33.0,Female,547712.0,Self-employed,6,,General,No,Rural,0
961,25.0,Male,945503.0,Employed,2,Graduate,ST,No,Rural,0
962,55.0,Female,689120.0,Employed,7,Postgraduate,OBC,No,Urban,0
963,29.0,Female,,Self-employed,2,Graduate,SC,No,Rural,0
964,41.0,Male,513609.0,Employed,3,Secondary,OBC,No,Rural,0
965,45.0,Male,717478.0,Employed,9,Postgraduate,General,No,Rural,0
966,70.0,Male,231601.0,Self-employed,4,Graduate,General,No,Rural,1
967,25.0,Female,118682.0,Employed,5,,OBC,No,Rural,1
968,75.0,Female,273009.0,Employed,9,Graduate,ST,No,Urban,1
969,45.0,Female,497392.0,Self-employed,7,Graduate,OBC,No,Urban,0
970,53.0,Female,296553.0,Employed,8,Graduate,SC,Yes,Rural,1
971,43.0,Female,403857.0,Employed,3,Postgraduate,OBC,No,Rural,0
972,25.0,Male,416204.0,Employed,4,Graduate,SC,No,Rural,1
973,75.0,Male,709774.0,Employed,7,Postgraduate,General,No,Rural,0
974,77.0,Male,133030.0,Employed,4,Graduate,SC,No,Rural,0
975,67.0,Male,170360.0,Employed,2,Secondary,SC,No,Urban,1
976,45.0,Female,922405.0,Unemployed,10,Graduate,OBC,No,Rural,0
977,45.0,Female,709297.0,Self-employed,6,Primary,General,No,Urban,0
978,,Male,,Employed,9,Secondary,General,No,Rural,0
979,58.0,Female,744025.0,Unemployed,2,Graduate,General,No,Rural,0
980,,Female,517726.0,Unemployed,1,Graduate,ST,No,Rural,1
981,44.0,Male,555897.0,Unemployed,8,Secondary,ST,No,Rural,1
982,71.0,Male,,Employed,1,Graduate,General,Yes,Urban,1
983,80.0,Male,164360.0,Self-employed,1,Secondary,General,No,Urban,1
984,34.0,Male,313894.0,Employed,3,Postgraduate,OBC,Yes,Rural,1
985,26.0,Female,639306.0,Employed,5,Secondary,OBC,No,Urban,0
986,50.0,Male,447243.0,Employed,9,Graduate,ST,No,Rural,0
987,70.0,Male,815192.0,Unemployed,10,Graduate,General,No,Urban,0
988,37.0,Female,186817.0,Employed,2,Graduate,ST,No,Urban,0
989,30.0,Other,,Employed,1,Secondary,OBC,No,Urban,1
990,45.0,Male,661272.0,Unemployed,1,Graduate,General,Yes,Rural,0
991,65.0,Male,,Self-employed,8,,General,No,Urban,0
992,46.0,Male,864883.0,,10,Graduate,ST,No,Urban,0
993,30.0,Male,405887.0,Employed,10,Graduate,ST,No,Rural,0
994,63.0,Male,907906.0,Employed,10,Graduate,SC,No,Rural,1
995,52.0,Female,766896.0,Unemployed,2,Secondary,OBC,No,Rural,1
996,78.0,Male,62150.0,Employed,9,Primary,OBC,No,Rural,0
997,,Male,849838.0,Unemployed,9,Postgraduate,ST,No,Rural,1
998,35.0,Female,200853.0,Employed,2,Graduate,ST,No,Rural,0
999,68.0,Male,238489.0,,3,Graduate,SC,,Rural,0
1000,,Male,952479.0,Employed,2,Graduate,General,,Rural,0
1001,64.0,Male,,Employed,6,Secondary,General,No,Urban,0
1002,42.0,Other,939589.0,Self-employed,7,Secondary,OBC,No,Rural,1
1003,19.0,Male,592613.0,Employed,6,Graduate,General,No,Urban,0
1004,27.0,Female,249756.0,Employed,3,Postgraduate,OBC,No,Rural,0
1005,73.0,Female,930847.0,Self-employed,3,Graduate,General,Yes,Urban,0
1006,47.0,Male,557763.0,Employed,2,Secondary,OBC,No,Rural,1
1007,67.0,Other,778829.0,Employed,2,Secondary,General,No,Rural,1
1008,76.0,Male,976940.0,Employed,5,Primary,SC,No,Rural,1
1009,62.0,Male,67669.0,Employed,8,Graduate,OBC,,Urban,0
1010,22.0,Female,963817.0,Employed,6,Postgraduate,General,Yes,Urban,1
1011,72.0,Female,384154.0,Unemployed,9,Graduate,SC,No,Urban,0
1012,73.0,Female,556199.0,Unemployed,5,Postgraduate,SC,No,Rural,0
1013,50.0,Male,257836.0,Employed,10,Graduate,ST,No,Rural,1
1014,71.0,Male,542290.0,,4,Graduate,ST,No,Rural,1
1015,18.0,Female,182915.0,Self-employed,9,Postgraduate,SC,No,Rural,1
1016,35.0,Male,246681.0,Self-employed,10,,OBC,No,Rural,1
1017,49.0,Male,625100.0,Employed,5,Postgraduate,ST,No,Rural,1
1018,64.0,Male,852491.0,Self-employed,1,Graduate,SC,No,Rural,1
1019,66.0,Male,398413.0,Unemployed,5,Secondary,General,No,Rural,1
1020,28.0,Female,827150.0,Employed,5,Graduate,OBC,No,Rural,0
1021,38.0,Male,221840.0,Employed,5,Secondary,ST,No,Urban,0
1022,,Other,75395.0,Employed,2,Secondary,OBC,No,Rural,1
1023,80.0,Male,332346.0,Self-employed,6,Secondary,General,No,Urban,0
1024,42.0,Female,980777.0,Unemployed,5,Postgraduate,General,,Rural,0
1025,39.0,Male,279707.0,Unemployed,2,Graduate,SC,No,Rural,0
1026,76.0,Male,821469.0,Employed,10,Secondary,General,,Urban,0
1027,44.0,Male,,Unemployed,8,Secondary,General,Yes,Urban,1
1028,66.0,Male,274839.0,Unemployed,6,Graduate,General,No,Urban,1
1029,30.0,Female,269882.0,Self-employed,10,Graduate,SC,No,Urban,1
1030,50.0,Other,677523.0,Employed,3,Graduate,SC,No,Urban,1
1031,51.0,Female,619798.0,Unemployed,9,Graduate,OBC,No,Urban,0
1032,58.0,Male,662233.0,Employed,4,Graduate,SC,,Urban,0
1033,52.0,Male,292802.0,Unemployed,3,Secondary,SC,No,Urban,1
1034,80.0,Male,824456.0,Unemployed,7,Graduate,SC,No,Rural,0
1035,18.0,Female,907081.0,Employed,8,Secondary,General,No,Urban,0
1036,38.0,Female,,Unemployed,7,Secondary,SC,No,Rural,1
1037,65.0,Female,577169.0,Employed,1,Secondary,SC,,Urban,0
1038,72.0,Male,882345.0,Self-employed,1,Graduate,General,No,Rural,0
1039,23.0,Female,686148.0,Employed,5,Postgraduate,SC,No,Rural,0
1040,45.0,Male,921217.0,Unemployed,8,Graduate,OBC,No,Urban,0
1041,34.0,Female,508253.0,Self-employed,10,Graduate,OBC,No,Rural,0
1042,22.0,Female,,Employed,3,Graduate,General,No,Urban,1
1043,48.0,Female,216415.0,Employed,8,Primary,General,,Rural,1
1044,22.0,Female,505605.0,Employed,3,Secondary,OBC,Yes,Rural,0
1045,55.0,Male,521466.0,Employed,4,Graduate,General,No,Urban,1
1046,20.0,Female,189728.0,Employed,10,Secondary,OBC,No,Rural,0
1047,70.0,Male,317885.0,Unemployed,7,Graduate,OBC,No,Urban,0
1048,40.0,Female,197733.0,Self-employed,3,Secondary,ST,No,Rural,1
1049,54.0,Male,933523.0,Self-employed,4,Postgraduate,OBC,No,Urban,1
1050,70.0,Female,865122.0,Employed,8,Postgraduate,OBC,No,Urban,1
1051,54.0,Female,344977.0,Unemployed,4,Secondary,OBC,No,Urban,1
1052,27.0,Female,676854.0,Self-employed,9,Graduate,OBC,No,Urban,1
1053,27.0,Female,121240.0,Employed,4,Primary,SC,No,Rural,1
1054,36.0,Female,681186.0,Employed,4,Graduate,OBC,No,Urban,1
1055,34.0,Female,389855.0,Employed,5,Secondary,General,,Urban,0
1056,38.0,Female,259304.0,Self-employed,1,Secondary,SC,No,Rural,0
1057,31.0,Female,875455.0,Employed,7,Primary,OBC,,Rural,1
1058,26.0,Male,876641.0,Unemployed,9,Postgraduate,OBC,No,Urban,0
1059,63.0,Other,,Employed,9,Graduate,General,,Urban,0
1060,18.0,Female,923044.0,Self-employed,1,Primary,SC,No,Rural,0
1061,68.0,Female,130522.0,Employed,6,Graduate,OBC,No,Rural,1
1062,62.0,Male,423798.0,Unemployed,3,Secondary,SC,No,Rural,0
1063,30.0,Male,719800.0,Employed,4,Secondary,OBC,,Rural,0
1064,21.0,Female,169107.0,Employed,8,Postgraduate,SC,No,Rural,0
1065,79.0,Male,451176.0,Unemployed,4,Secondary,OBC,No,Rural,1
1066,18.0,Female,72462.0,Self-employed,8,Graduate,General,No,Rural,0
1067,66.0,Female,,Employed,4,Graduate,ST,No,Urban,1
1068,57.0,Male,470474.0,Employed,9,Secondary,General,No,Urban,1
1069,49.0,Female,142889.0,Employed,6,Graduate,OBC,Yes,Rural,0
1070,51.0,Female,138952.0,Employed,1,Postgraduate,ST,Yes,Rural,1
1071,45.0,Female,,Employed,10,Graduate,OBC,No,Urban,0
1072,48.0,Female,465331.0,Unemployed,2,Secondary,OBC,No,Urban,0
1073,25.0,Male,954498.0,Self-employed,7,Graduate,ST,No,Urban,1
1074,,Female,751793.0,Employed,10,Postgraduate,General,No,Urban,1
1075,43.0,Male,271576.0,Employed,7,Secondary,General,No,Rural,0
1076,,Female,793681.0,Employed,3,Secondary,General,No,Rural,1
1077,51.0,Female,548149.0,Employed,1,Secondary,OBC,No,Urban,0
1078,71.0,Male,915796.0,Employed,8,Secondary,SC,,Rural,0
1079,71.0,Female,906509.0,Employed,10,Graduate,General,No,Rural,1
1080,20.0,Female,352788.0,Employed,10,Secondary,OBC,No,Rural,0
1081,76.0,Male,374787.0,Employed,7,Primary,General,No,Rural,1
1082,,Other,,Employed,10,Secondary,General,No,Rural,0
1083,29.0,Male,304084.0,Employed,8,Graduate,General,No,Rural,1
1084,18.0,Male,179466.0,Employed,1,Graduate,OBC,,Rural,1
1085,71.0,Female,80531.0,Self-employed,3,Graduate,General,No,Rural,1
1086,,Female,64588.0,,2,Primary,OBC,No,Urban,0
1087,22.0,Female,885848.0,Self-employed,1,Graduate,OBC,,Urban,0
1088,47.0,Female,193452.0,Employed,5,Secondary,OBC,No,Urban,1
1089,47.0,Female,748005.0,Employed,3,Postgraduate,SC,No,Rural,1
1090,76.0,Female,461034.0,Employed,10,Secondary,OBC,,Rural,1
1091,74.0,Male,211929.0,Employed,8,Secondary,General,Yes,Rural,1
1092,34.0,Male,595999.0,Unemployed,6,Primary,SC,No,Rural,1
1093,65.0,Male,710457.0,Employed,10,Secondary,OBC,No,Rural,0
1094,,Male,952780.0,Employed,9,Secondary,OBC,,Rural,0
1095,64.0,Female,733753.0,Employed,9,Graduate,OBC,No,Rural,1
1096,40.0,Male,858508.0,Employed,6,Graduate,OBC,,Urban,0
1097,32.0,Male,396418.0,Self-employed,2,Secondary,General,,Urban,1
1098,54.0,Male,369753.0,Employed,9,Graduate,ST,,Rural,0
1099,38.0,Female,734677.0,Unemployed,2,Graduate,General,No,Urban,0
1100,31.0,Female,547981.0,Employed,3,Secondary,General,No,Rural,1
1101,19.0,Female,108480.0,Self-employed,6,Primary,OBC,No,Urban,0
1102,28.0,Female,843476.0,Employed,2,Secondary,SC,No,Rural,1
1103,68.0,Female,824597.0,Unemployed,5,Postgraduate,OBC,No,Rural,1
1104,56.0,Female,105486.0,Employed,2,Graduate,General,No,Urban,0
1105,55.0,Male,105162.0,Unemployed,4,Primary,OBC,Yes,Rural,0
1106,77.0,Female,784647.0,Employed,3,Secondary,OBC,No,Urban,0
1107,51.0,Female,79882.0,Employed,5,Graduate,General,No,Rural,1
1108,,Female,628366.0,Self-employed,6,Graduate,General,No,Urban,0
1109,67.0,Female,895166.0,Self-employed,7,Graduate,OBC,No,Rural,1
1110,,Female,288680.0,Employed,10,Secondary,General,No,Rural,0
1111,35.0,Female,683018.0,Self-employed,8,Postgraduate,SC,No,Urban,1
1112,47.0,Female,224898.0,Employed,9,Graduate,General,,Urban,1
1113,32.0,Male,400129.0,Self-employed,4,Secondary,OBC,,Urban,1
1114,44.0,Female,356172.0,Unemployed,4,Graduate,OBC,No,Rural,1
1115,68.0,Male,562871.0,Employed,7,Secondary,OBC,No,Rural,0
1116,80.0,Female,673226.0,Self-employed,10,Secondary,SC,No,Rural,1
1117,51.0,Female,692607.0,Self-employed,10,Graduate,OBC,No,Rural,0
1118,69.0,Male,606831.0,Employed,9,Secondary,SC,Yes,Urban,0
1119,74.0,Female,698567.0,Unemployed,2,Graduate,SC,No,Rural,0
1120,55.0,Male,79362.0,Employed,6,Secondary,OBC,No,Urban,1
1121,,Female,470531.0,Self-employed,10,Graduate,General,,Rural,1
1122,41.0,Male,208818.0,Unemployed,10,Secondary,ST,,Rural,1
1123,32.0,Female,453273.0,Employed,8,Graduate,OBC,,Rural,0
1124,77.0,Male,292721.0,Unemployed,5,Secondary,General,No,Rural,0
1125,47.0,Female,879347.0,Employed,5,Secondary,ST,No,Rural,1
1126,72.0,Male,988565.0,Employed,8,Graduate,General,No,Rural,1
1127,59.0,Female,887802.0,Employed,1,,General,No,Urban,0
1128,68.0,Female,739517.0,Employed,6,Graduate,ST,No,Urban,1
1129,34.0,Other,423519.0,Unemployed,10,Graduate,General,,Urban,1
1130,22.0,Female,192394.0,Employed,9,Postgraduate,OBC,No,Rural,1
1131,46.0,Female,644100.0,Employed,6,Secondary,ST,No,Rural,0
1132,21.0,Male,521058.0,Unemployed,7,Graduate,OBC,No,Rural,1
1133,27.0,Male,870449.0,Employed,4,Graduate,OBC,No,Rural,1
1134,73.0,Male,893224.0,Employed,10,Graduate,OBC,No,Rural,0
1135,34.0,Female,995246.0,Employed,1,Graduate,General,,Urban,0
1136,27.0,Female,278208.0,Unemployed,9,,ST,No,Rural,1
1137,34.0,Male,441342.0,Employed,6,Graduate,General,No,Rural,0
1138,77.0,Female,854061.0,Employed,3,Postgraduate,General,,Urban,0
1139,37.0,Female,702902.0,Employed,4,Primary,General,No,Rural,0
1140,41.0,Female,975749.0,Self-employed,10,Graduate,SC,No,Urban,1
1141,22.0,Male,146950.0,Employed,6,Secondary,OBC,No,Urban,0
1142,51.0,Male,224942.0,Self-employed,6,Secondary,General,No,Rural,0
1143,23.0,Female,114829.0,Unemployed,9,Graduate,General,No,Urban,0
1144,70.0,Female,819890.0,Self-employed,4,Graduate,General,No,Rural,0
1145,19.0,Male,584876.0,Employed,5,Secondary,General,No,Urban,1
1146,30.0,Female,967946.0,Employed,5,,OBC,No,Rural,0
1147,79.0,Female,941712.0,Self-employed,3,Graduate,General,,Rural,1
1148,60.0,Female,546195.0,Employed,2,Graduate,SC,No,Urban,0
1149,60.0,Female,352865.0,Employed,8,Secondary,OBC,No,Rural,1
1150,65.0,Male,742505.0,Employed,10,Secondary,SC,,Urban,1
1151,28.0,Male,322743.0,Self-employed,9,Graduate,General,No,Rural,0
1152,68.0,Female,384738.0,Unemployed,10,Graduate,General,No,Urban,1
1153,64.0,Male,525958.0,Employed,9,Secondary,ST,No,Rural,1
1154,74.0,Male,782790.0,Unemployed,5,Secondary,OBC,,Urban,0
1155,40.0,Male,708299.0,Employed,9,Secondary,General,No,Rural,0
1156,72.0,Male,,Unemployed,4,Postgraduate,OBC,No,Rural,1
1157,33.0,Male,334293.0,Employed,2,Graduate,OBC,No,Urban,1
1158,48.0,Male,,Self-employed,3,Primary,OBC,No,Urban,1
1159,,Male,771927.0,Employed,1,Graduate,OBC,No,Urban,1
1160,71.0,Male,191280.0,Employed,5,Primary,General,No,Rural,1
1161,33.0,Female,247170.0,Employed,1,Secondary,OBC,No,Urban,0
1162,25.0,Female,421178.0,Employed,1,Postgraduate,SC,No,Rural,0
1163,21.0,Female,230564.0,Unemployed,7,Postgraduate,SC,No,Urban,0
1164,57.0,Male,70951.0,Employed,2,Graduate,SC,No,Rural,1
1165,21.0,Male,229992.0,Employed,8,Graduate,OBC,No,Rural,0
1166,73.0,Female,621054.0,Employed,6,Secondary,General,No,Urban,0
1167,42.0,Female,893446.0,Employed,4,Postgraduate,General,No,Urban,1
1168,20.0,Female,209423.0,Employed,9,Graduate,General,No,Urban,0
1169,49.0,Male,527432.0,Employed,10,Secondary,General,No,Urban,0
1170,20.0,Female,492602.0,Employed,8,Graduate,OBC,No,Urban,0
1171,44.0,Male,661410.0,Employed,10,Postgraduate,OBC,No,Rural,0
1172,46.0,Male,845740.0,Employed,3,Postgraduate,OBC,No,Urban,0
1173,49.0,Female,895684.0,Self-employed,3,Graduate,SC,No,Urban,1
1174,67.0,Female,518361.0,Unemployed,4,Graduate,OBC,No,Rural,1
1175,78.0,Male,133211.0,Employed,9,Primary,OBC,No,Urban,0
1176,,Male,471280.0,Unemployed,9,Graduate,OBC,No,Urban,1
1177,68.0,Female,497095.0,Self-employed,5,Graduate,OBC,,Urban,1
1178,36.0,Male,176534.0,Employed,9,Primary,OBC,No,Rural,0
1179,38.0,Male,583008.0,Self-employed,6,Graduate,OBC,No,Rural,0
1180,22.0,Male,438348.0,Employed,8,Postgraduate,OBC,No,Urban,1
1181,35.0,Female,486156.0,Self-employed,8,Secondary,SC,,Rural,1
1182,45.0,Male,654281.0,Employed,10,Graduate,OBC,No,Urban,0
1183,59.0,Other,359257.0,Employed,7,Graduate,OBC,No,Urban,0
1184,78.0,Female,885358.0,Employed,4,Graduate,General,,Urban,1
1185,39.0,Other,481419.0,Self-employed,4,Graduate,SC,Yes,Urban,0
1186,38.0,Female,794261.0,Unemployed,6,Secondary,OBC,No,Rural,0
1187,23.0,Male,972896.0,Employed,9,Graduate,OBC,No,Rural,0
1188,18.0,Male,600193.0,Employed,7,Secondary,SC,No,Rural,0
1189,22.0,Male,254580.0,Employed,5,Graduate,OBC,No,Urban,1
1190,58.0,Male,624673.0,Employed,5,Graduate,OBC,No,Rural,0
1191,29.0,Female,80653.0,Employed,8,Secondary,OBC,No,Urban,1
1192,43.0,Male,141865.0,Employed,6,Secondary,SC,No,Rural,1
1193,63.0,Male,527936.0,Self-employed,1,Secondary,OBC,No,Urban,0
1194,51.0,Male,700101.0,Unemployed,1,Secondary,ST,No,Rural,0
1195,66.0,Female,195871.0,Employed,9,Secondary,OBC,,Rural,1
1196,31.0,Male,765463.0,Employed,8,Graduate,General,No,Urban,1
1197,43.0,Male,298535.0,Self-employed,6,Postgraduate,SC,No,Urban,1
1198,62.0,Male,589340.0,Unemployed,1,Postgraduate,OBC,No,Rural,1
1199,44.0,Female,187116.0,Unemployed,2,Postgraduate,OBC,No,Urban,0
1200,26.0,Female,200943.0,Self-employed,10,Graduate,OBC,,Rural,1
1201,43.0,Male,270375.0,Unemployed,3,Primary,OBC,No,Rural,1
1202,74.0,Male,555935.0,,10,Graduate,OBC,No,Rural,0
1203,64.0,Male,987738.0,Employed,3,Graduate,SC,No,Urban,0
1204,74.0,Male,595669.0,Self-employed,2,Secondary,SC,No,Rural,0
1205,39.0,Female,722634.0,Employed,2,Graduate,OBC,,Urban,0
1206,64.0,Female,817522.0,Employed,6,Graduate,ST,No,Rural,1
1207,73.0,Male,830305.0,Employed,7,Postgraduate,SC,No,Rural,1
1208,47.0,Female,395252.0,Unemployed,4,Graduate,OBC,No,Rural,0
1209,60.0,Male,285020.0,Self-employed,1,Postgraduate,SC,No,Urban,1
1210,80.0,Female,99892.0,Employed,6,Secondary,SC,No,Urban,0
1211,65.0,Female,231593.0,Employed,7,Primary,ST,No,Rural,1
1212,78.0,Male,,Self-employed,4,Postgraduate,SC,No,Rural,1
1213,34.0,Female,789280.0,Employed,6,Primary,General,,Rural,1
1214,43.0,Male,395535.0,Employed,9,Secondary,SC,,Urban,0
1215,53.0,Male,330064.0,Self-employed,4,Graduate,General,,Rural,0
1216,18.0,Male,853134.0,Employed,10,Postgraduate,OBC,Yes,Rural,0
1217,25.0,Male,306216.0,Employed,4,Secondary,OBC,No,Rural,0
1218,66.0,Female,838326.0,Unemployed,10,Primary,SC,No,Urban,1
1219,52.0,Female,867417.0,Employed,5,Graduate,General,No,Rural,0
1220,78.0,Female,209359.0,Self-employed,3,Graduate,General,No,Rural,0
1221,69.0,Female,833059.0,Employed,10,Secondary,SC,No,Urban,1
1222,,Female,175702.0,Employed,2,,ST,No,Rural,0
1223,64.0,Male,123527.0,Employed,9,Graduate,OBC,No,Urban,0
1224,80.0,Female,196511.0,,1,Postgraduate,General,,Rural,1
1225,73.0,Male,965108.0,Self-employed,5,Secondary,OBC,No,Rural,0
1226,,Female,799980.0,Unemployed,5,Graduate,OBC,No,Rural,0
1227,31.0,Female,878667.0,Self-employed,8,Postgraduate,ST,No,Urban,1
1228,43.0,Male,733019.0,Employed,6,Graduate,OBC,No,Rural,1
1229,45.0,Female,337120.0,Unemployed,6,Secondary,ST,No,Rural,1
1230,40.0,Female,285311.0,Employed,6,Postgraduate,OBC,No,Rural,1
1231,31.0,Female,919075.0,Self-employed,4,Graduate,SC,No,Rural,1
1232,41.0,Male,773225.0,Unemployed,1,Graduate,SC,No,Rural,0
1233,19.0,Male,419775.0,Employed,3,Secondary,OBC,No,Rural,0
1234,62.0,Male,773666.0,Employed,10,Graduate,OBC,No,Rural,1
1235,43.0,Male,630985.0,Employed,6,Postgraduate,OBC,,Rural,1
1236,31.0,Male,644670.0,Employed,5,Graduate,General,No,Rural,1
1237,76.0,Female,853083.0,Self-employed,10,Secondary,ST,No,Rural,0
1238,73.0,Male,230116.0,Employed,1,Secondary,OBC,No,Rural,1
1239,68.0,Female,64633.0,Employed,5,Secondary,General,,Rural,0
1240,24.0,Female,129164.0,Employed,2,Secondary,General,,Rural,1
1241,20.0,Female,837001.0,Unemployed,1,Graduate,General,No,Urban,0
1242,64.0,Male,503116.0,Employed,4,Secondary,SC,Yes,Urban,1
1243,40.0,Female,903941.0,Employed,6,Secondary,SC,Yes,Rural,1
1244,63.0,Female,173425.0,Employed,7,Secondary,OBC,No,Urban,1
1245,60.0,Male,937558.0,Unemployed,9,Graduate,OBC,No,Urban,0
1246,64.0,Male,824508.0,Employed,5,Graduate,SC,No,Rural,0
1247,77.0,Female,439666.0,Unemployed,8,Graduate,OBC,,Rural,1
1248,62.0,Male,345182.0,Employed,8,Postgraduate,OBC,No,Urban,0
1249,35.0,Male,230160.0,Employed,9,Secondary,OBC,No,Urban,0
1250,75.0,Male,254249.0,Employed,3,Graduate,ST,No,Urban,0
1251,55.0,Male,255538.0,Employed,3,Secondary,SC,No,Rural,0
1252,52.0,Female,515432.0,Employed,9,Primary,SC,No,Rural,0
1253,68.0,Male,772153.0,Employed,7,Graduate,OBC,,Rural,0
1254,32.0,Female,517002.0,Unemployed,4,Graduate,ST,,Urban,1
1255,,Female,350282.0,Employed,1,Primary,General,No,Rural,1
1256,72.0,Female,,Employed,7,Primary,SC,No,Urban,1
1257,54.0,Female,251466.0,Self-employed,10,Graduate,General,No,Urban,0
1258,45.0,Female,522243.0,Employed,6,Graduate,OBC,No,Rural,0
1259,27.0,Male,534046.0,Unemployed,3,Graduate,ST,No,Rural,0
1260,56.0,Female,237223.0,Self-employed,5,Graduate,OBC,No,Urban,1
1261,74.0,Female,947172.0,Employed,3,Postgraduate,OBC,No,Rural,0
1262,34.0,Female,685462.0,Unemployed,8,Secondary,OBC,No,Urban,1
1263,56.0,Female,361416.0,Employed,5,Secondary,OBC,No,Urban,0
1264,39.0,Male,187980.0,Employed,10,Secondary,OBC,,Rural,0
1265,43.0,Male,,Employed,10,Graduate,OBC,No,Rural,0
1266,79.0,Female,887887.0,Employed,6,Secondary,OBC,Yes,Urban,1
1267,,Male,642735.0,Employed,2,Postgraduate,OBC,No,Rural,0
1268,42.0,Female,779887.0,Employed,8,Graduate,ST,No,Rural,1
1269,34.0,Male,389252.0,Employed,9,Secondary,General,No,Rural,1
1270,30.0,Male,486282.0,Employed,3,Secondary,General,No,Urban,0
1271,37.0,Male,276301.0,Employed,6,Graduate,General,No,Rural,1
1272,42.0,Male,874765.0,Employed,6,Secondary,SC,No,Urban,0
1273,21.0,Female,957651.0,Employed,2,Postgraduate,General,No,Rural,0
1274,27.0,Male,395173.0,Employed,10,Graduate,General,No,Rural,0
1275,20.0,Other,351841.0,Employed,8,Secondary,OBC,No,Rural,0
1276,58.0,Female,854066.0,Employed,5,Graduate,OBC,No,Rural,0
1277,62.0,Male,961952.0,Self-employed,8,Secondary,General,No,Urban,0
1278,35.0,Female,860993.0,Self-employed,8,Graduate,General,No,Urban,0
1279,64.0,Female,461249.0,Employed,3,Primary,OBC,No,Rural,1
1280,53.0,Female,105063.0,Unemployed,5,Graduate,OBC,No,Rural,0
1281,64.0,Male,862353.0,Employed,7,Graduate,General,No,Urban,0
1282,39.0,Female,593628.0,Employed,5,Graduate,SC,No,Rural,1
1283,51.0,Female,637069.0,Self-employed,6,Graduate,ST,No,Rural,1
1284,64.0,Male,851333.0,Employed,2,Primary,General,No,Rural,1
1285,25.0,Male,60638.0,Self-employed,8,Graduate,General,No,Urban,1
1286,57.0,Female,267986.0,Employed,5,Graduate,General,No,Rural,1
1287,66.0,Male,356468.0,Employed,6,Graduate,OBC,No,Urban,1
1288,61.0,Female,400500.0,Employed,1,Postgraduate,OBC,No,Rural,0
1289,36.0,Male,,Employed,10,Secondary,General,No,Rural,0
1290,59.0,Female,344786.0,Employed,2,Graduate,OBC,No,Rural,0
1291,58.0,Female,565518.0,Employed,4,Graduate,General,No,Urban,0
1292,54.0,Male,599666.0,Unemployed,9,Graduate,OBC,No,Urban,1
1293,23.0,Male,887299.0,Employed,6,Graduate,ST,No,Urban,1
1294,69.0,Female,,Employed,8,Secondary,SC,,Rural,1
1295,43.0,Female,355019.0,Employed,2,Graduate,OBC,No,Rural,0
1296,51.0,Female,168171.0,Self-employed,10,Primary,OBC,No,Rural,0
1297,76.0,Male,412205.0,Employed,5,Graduate,SC,No,Rural,1
1298,73.0,Male,789089.0,Employed,1,Graduate,OBC,No,Urban,0
1299,76.0,Male,638665.0,Self-employed,4,Secondary,OBC,No,Rural,0
1300,62.0,Female,834627.0,Employed,10,Graduate,General,Yes,Urban,1
1301,23.0,Male,628979.0,Employed,1,Secondary,SC,No,Rural,1
1302,54.0,Male,507519.0,Self-employed,9,Graduate,OBC,No,Rural,1
1303,74.0,Female,504055.0,Unemployed,2,Graduate,SC,No,Urban,0
1304,50.0,Female,361207.0,Employed,7,Graduate,SC,,Rural,0
1305,70.0,Male,666070.0,Employed,3,Postgraduate,SC,No,Rural,0
1306,39.0,Male,834184.0,Unemployed,2,Graduate,OBC,No,Rural,1
1307,38.0,Female,128343.0,Employed,4,Secondary,SC,No,Urban,0
1308,23.0,Female,395215.0,Self-employed,7,Postgraduate,SC,No,Rural,0
1309,23.0,Male,972996.0,Employed,7,Secondary,SC,No,Rural,1
1310,72.0,Female,695687.0,Employed,9,Graduate,General,No,Urban,1
1311,65.0,Female,605645.0,Employed,3,Postgraduate,General,Yes,Rural,1
1312,21.0,Male,515054.0,Unemployed,7,Graduate,SC,No,Rural,1
1313,47.0,Male,868746.0,Self-employed,6,Secondary,OBC,No,Rural,1
1314,28.0,Female,491913.0,Unemployed,10,Secondary,General,,Rural,0
1315,79.0,Female,644571.0,Self-employed,7,Secondary,SC,No,Rural,1
1316,79.0,Male,109567.0,Employed,7,Secondary,SC,,Urban,0
1317,47.0,Female,359150.0,Employed,10,Secondary,SC,No,Rural,0
1318,48.0,Female,287778.0,Self-employed,5,Graduate,General,No,Rural,0
1319,41.0,Male,191758.0,Self-employed,9,Secondary,General,,Rural,0
1320,72.0,Female,635894.0,Self-employed,7,Postgraduate,ST,No,Rural,1
1321,26.0,Female,331035.0,Unemployed,7,Graduate,SC,No,Rural,1
1322,72.0,Male,495331.0,Employed,3,Postgraduate,General,No,Rural,0
1323,20.0,Male,676020.0,Employed,1,Secondary,OBC,,Rural,0
1324,68.0,Male,766079.0,Self-employed,5,Graduate,OBC,Yes,Rural,0
1325,48.0,Female,866309.0,Employed,8,Secondary,ST,No,Rural,0
1326,57.0,Other,299465.0,Employed,5,Secondary,General,No,Rural,0
1327,54.0,Male,274589.0,Unemployed,10,Graduate,SC,No,Rural,1
1328,53.0,Female,588314.0,Employed,3,Graduate,General,No,Rural,0
1329,41.0,Female,332566.0,Self-employed,9,Primary,ST,No,Rural,0
1330,48.0,Female,976748.0,Employed,2,Secondary,SC,No,Urban,1
1331,23.0,Male,345625.0,Unemployed,3,Secondary,OBC,No,Urban,1
1332,19.0,Male,925612.0,Unemployed,4,Graduate,General,,Rural,1
1333,,Male,683672.0,Employed,10,Postgraduate,OBC,,Urban,1
1334,45.0,Female,302771.0,Employed,1,Primary,SC,No,Urban,0
1335,28.0,Male,108031.0,Employed,4,Secondary,OBC,No,Rural,1
1336,21.0,Female,976025.0,Employed,4,Postgraduate,OBC,No,Rural,1
1337,32.0,Male,969250.0,Employed,9,Secondary,General,No,Urban,0
1338,23.0,Male,919559.0,Employed,8,Graduate,OBC,No,Rural,1
1339,71.0,Female,404398.0,Employed,2,Secondary,SC,No,Rural,0
1340,66.0,Female,642520.0,Employed,7,Graduate,OBC,No,Urban,1
1341,47.0,Male,717372.0,Employed,6,Graduate,OBC,No,Urban,0
1342,73.0,Male,392368.0,Unemployed,7,Graduate,General,No,Rural,1
1343,55.0,Other,466673.0,Employed,4,Secondary,OBC,No,Urban,0
1344,68.0,Male,513788.0,Self-employed,5,Secondary,OBC,No,Rural,0
1345,79.0,Male,810791.0,Unemployed,6,Secondary,OBC,,Urban,1
1346,74.0,Female,866392.0,Unemployed,9,Graduate,OBC,No,Rural,0
1347,19.0,Male,137695.0,Self-employed,2,Postgraduate,OBC,No,Rural,1
1348,32.0,Male,180066.0,Employed,9,Graduate,OBC,No,Urban,0
1349,28.0,Male,,Self-employed,10,Primary,General,Yes,Rural,1
1350,25.0,Male,314837.0,Employed,1,Postgraduate,OBC,No,Rural,0
1351,43.0,Male,689601.0,Self-employed,4,Primary,ST,No,Rural,1
1352,68.0,Male,983362.0,Self-employed,5,Graduate,SC,No,Rural,1
1353,62.0,Male,603098.0,Employed,9,Graduate,OBC,No,Urban,0
1354,61.0,Male,594380.0,Employed,6,Primary,SC,No,Rural,1
1355,22.0,Female,531995.0,Employed,4,Primary,OBC,,Rural,1
1356,23.0,Male,632393.0,Unemployed,2,Secondary,OBC,,Urban,0
1357,43.0,Male,735865.0,Employed,5,Graduate,OBC,,Rural,0
1358,71.0,Female,254300.0,Employed,8,Graduate,General,No,Rural,1
1359,21.0,Female,340699.0,Employed,8,Graduate,OBC,No,Rural,1
1360,36.0,Male,646222.0,Employed,6,Graduate,General,No,Rural,1
1361,37.0,Female,647076.0,Self-employed,1,Graduate,OBC,No,Rural,0
1362,50.0,Male,913689.0,Unemployed,8,Graduate,OBC,No,Rural,0
1363,37.0,Male,854371.0,Employed,4,Graduate,ST,No,Urban,0
1364,66.0,Female,455041.0,Employed,2,Primary,OBC,,Rural,0
1365,,Female,534003.0,Employed,1,Secondary,SC,No,Urban,0
1366,64.0,Male,545707.0,Employed,7,Graduate,OBC,No,Urban,1
1367,18.0,Male,,Self-employed,2,Graduate,OBC,No,Rural,0
1368,43.0,Female,702356.0,Employed,4,Postgraduate,OBC,,Urban,1
1369,31.0,Male,574324.0,Employed,4,Secondary,ST,No,Rural,0
1370,55.0,Female,406092.0,Self-employed,10,Secondary,OBC,No,Urban,1
1371,54.0,Male,920139.0,Self-employed,1,Secondary,OBC,No,Rural,0
1372,79.0,Female,613339.0,Employed,2,Secondary,OBC,No,Rural,0
1373,,Female,541513.0,Employed,1,Graduate,General,No,Urban,1
1374,80.0,Female,130738.0,Employed,6,Postgraduate,General,,Urban,0
1375,53.0,Female,385740.0,Unemployed,3,Graduate,ST,No,Rural,0
1376,30.0,Female,634359.0,Self-employed,1,Graduate,OBC,,Rural,1
1377,60.0,Male,180613.0,Employed,8,Graduate,OBC,Yes,Urban,0
1378,20.0,Male,123601.0,Employed,4,Primary,General,No,Rural,1
1379,50.0,Male,79873.0,Self-employed,10,Graduate,General,No,Rural,1
1380,23.0,Female,,Unemployed,7,Graduate,ST,No,Rural,0
1381,67.0,Female,121468.0,Self-employed,10,Secondary,General,No,Urban,0
1382,,Male,862902.0,Employed,2,Graduate,SC,No,Urban,1
1383,27.0,Male,770489.0,Employed,6,Graduate,General,No,Urban,1
1384,22.0,Male,58328.0,Employed,6,Primary,ST,No,Rural,1
1385,40.0,Female,187405.0,Employed,7,Secondary,ST,No,Urban,0
1386,27.0,Male,825807.0,Employed,1,Secondary,General,No,Rural,1
1387,61.0,Female,,Employed,1,,OBC,No,Urban,1
1388,19.0,Other,96638.0,Employed,2,Secondary,General,No,Rural,0
1389,30.0,Male,847700.0,Self-employed,2,Graduate,SC,,Rural,1
1390,57.0,Male,251675.0,Employed,5,,OBC,No,Urban,0
1391,19.0,Male,163920.0,Unemployed,1,,General,No,Rural,0
1392,37.0,Male,946811.0,Employed,2,Postgraduate,SC,No,Rural,0
1393,18.0,Male,460261.0,Self-employed,6,Graduate,SC,,Rural,0
1394,80.0,Male,746101.0,Employed,3,Graduate,SC,No,Urban,0
1395,54.0,Female,485986.0,Unemployed,4,Graduate,General,No,Rural,0
1396,26.0,Male,57887.0,Employed,1,Graduate,General,No,Rural,0
1397,34.0,Female,803266.0,Employed,5,Secondary,OBC,No,Rural,0
1398,26.0,Female,74918.0,Unemployed,4,Secondary,SC,No,Urban,0
1399,28.0,Female,871929.0,Employed,8,Graduate,SC,No,Rural,0
1400,32.0,Male,405706.0,Employed,3,Graduate,OBC,No,Urban,1
1401,41.0,Female,766369.0,Self-employed,10,Postgraduate,General,No,Urban,1
1402,55.0,Male,324073.0,Self-employed,1,Graduate,OBC,,Rural,1
1403,72.0,Female,556508.0,Employed,10,Postgraduate,OBC,No,Urban,0
1404,52.0,Female,676489.0,Employed,5,Primary,OBC,No,Rural,0
1405,47.0,Female,570337.0,Employed,1,Graduate,General,,Rural,0
1406,48.0,Male,784459.0,Employed,5,Postgraduate,OBC,No,Rural,0
1407,66.0,Female,428710.0,Self-employed,9,Secondary,General,No,Rural,1
1408,22.0,Male,340690.0,,5,Secondary,SC,No,Urban,1
1409,79.0,Male,259496.0,Employed,2,Secondary,General,No,Urban,0
1410,77.0,Male,742698.0,Self-employed,2,Graduate,OBC,No,Urban,0
1411,61.0,Male,477499.0,Employed,10,Primary,OBC,Yes,Urban,1
1412,67.0,Male,656782.0,Unemployed,9,Graduate,OBC,No,Rural,1
1413,31.0,Female,,Employed,5,Secondary,SC,No,Rural,0
1414,70.0,Female,790147.0,Employed,8,Graduate,SC,No,Rural,0
1415,73.0,Male,358710.0,Employed,10,Postgraduate,General,No,Urban,0
1416,28.0,Male,397608.0,Employed,4,Secondary,ST,No,Rural,0
1417,26.0,Male,808141.0,Employed,2,Primary,General,No,Urban,1
1418,51.0,Male,178279.0,Employed,4,Graduate,OBC,No,Urban,0
1419,29.0,Male,131991.0,Employed,4,Graduate,OBC,No,Urban,0
1420,52.0,Female,404824.0,Employed,9,Secondary,General,No,Rural,0
1421,52.0,Male,,Employed,10,Graduate,General,No,Rural,0
1422,18.0,Male,102132.0,Employed,6,Postgraduate,OBC,No,Rural,1
1423,57.0,Male,305069.0,Employed,10,Secondary,SC,No,Urban,0
1424,39.0,Female,535714.0,Unemployed,6,Secondary,General,No,Rural,0
1425,77.0,Female,733444.0,Employed,5,Graduate,General,No,Urban,1
1426,46.0,Female,944287.0,Employed,6,Graduate,General,No,Urban,0
1427,25.0,Female,726503.0,Unemployed,1,Primary,General,,Rural,0
1428,28.0,Male,141627.0,Employed,5,Graduate,ST,No,Rural,0
1429,58.0,Male,172772.0,Unemployed,6,Postgraduate,General,No,Rural,0
1430,54.0,Female,981683.0,Unemployed,8,Secondary,SC,Yes,Rural,0
1431,31.0,Male,279415.0,Employed,4,Graduate,ST,No,Urban,0
1432,77.0,Female,715582.0,Employed,5,Primary,SC,No,Rural,1
1433,47.0,Male,563277.0,Self-employed,4,Graduate,SC,No,Rural,0
1434,52.0,Male,309013.0,Employed,7,Graduate,OBC,No,Rural,1
1435,38.0,Female,900500.0,Self-employed,10,Graduate,SC,No,Rural,1
1436,54.0,Female,467165.0,Employed,6,Graduate,SC,No,Rural,0
1437,22.0,Female,66116.0,Employed,4,Secondary,ST,No,Urban,1
1438,36.0,Male,756412.0,Employed,6,Graduate,OBC,No,Rural,1
1439,76.0,Female,625657.0,Employed,4,Graduate,OBC,No,Urban,1
1440,31.0,Male,754177.0,Employed,8,Secondary,OBC,No,Rural,1
1441,43.0,Male,939532.0,Unemployed,3,Postgraduate,General,No,Rural,0
1442,79.0,Male,283982.0,Self-employed,8,Primary,OBC,,Urban,0
1443,21.0,Male,788563.0,Self-employed,2,Graduate,OBC,,Rural,0
1444,42.0,Male,255383.0,Employed,6,Secondary,General,,Rural,1
1445,62.0,Male,341799.0,Self-employed,8,Graduate,SC,,Rural,0
1446,59.0,Male,238874.0,Self-employed,1,Secondary,OBC,No,Urban,1
1447,42.0,Male,621920.0,Self-employed,6,Secondary,OBC,No,Rural,1
1448,35.0,Male,981697.0,Employed,9,Primary,General,,Rural,0
1449,57.0,Male,261284.0,Unemployed,10,Graduate,General,No,Rural,0
1450,25.0,Male,736136.0,Employed,10,Graduate,SC,No,Rural,1
1451,56.0,Female,486441.0,Employed,2,Graduate,General,Yes,Rural,1
1452,57.0,Male,241082.0,Self-employed,1,Postgraduate,General,,Urban,0
1453,31.0,Male,263807.0,Employed,2,Postgraduate,ST,,Urban,0
1454,49.0,Male,246523.0,Employed,5,Graduate,SC,No,Rural,0
1455,68.0,Female,754172.0,Self-employed,6,Graduate,General,No,Rural,0
1456,78.0,Female,523818.0,Employed,1,Primary,ST,No,Rural,0
1457,55.0,Female,331039.0,Self-employed,7,Graduate,SC,No,Rural,0
1458,50.0,Female,988713.0,Unemployed,4,Graduate,ST,No,Urban,0
1459,40.0,Female,285892.0,Employed,9,Primary,SC,No,Rural,0
1460,80.0,Female,787696.0,Employed,6,Graduate,ST,No,Rural,0
1461,32.0,Female,292718.0,Unemployed,9,Postgraduate,OBC,No,Rural,1
1462,50.0,Male,767167.0,Employed,1,Secondary,ST,No,Rural,1
1463,42.0,Male,597374.0,Self-employed,4,Secondary,General,No,Rural,0
1464,34.0,Male,135637.0,Self-employed,2,Secondary,ST,No,Urban,0
1465,50.0,Female,525243.0,Employed,6,Secondary,OBC,Yes,Rural,1
1466,64.0,Female,732567.0,Employed,4,Primary,General,No,Rural,1
1467,72.0,Female,419478.0,Self-employed,9,Secondary,General,No,Rural,0
1468,19.0,Male,726257.0,Employed,3,Secondary,OBC,No,Urban,1
1469,31.0,Male,637371.0,Employed,1,Postgraduate,OBC,No,Rural,0
1470,70.0,Male,145028.0,Self-employed,1,Secondary,OBC,No,Rural,1
1471,57.0,Male,903389.0,Self-employed,9,Graduate,General,No,Rural,1
1472,57.0,Female,671839.0,Unemployed,9,Secondary,SC,No,Rural,1
1473,68.0,Female,914938.0,Employed,5,Secondary,OBC,No,Rural,1
1474,56.0,Male,712643.0,Unemployed,2,Postgraduate,General,No,Rural,0
1475,68.0,Female,668312.0,Unemployed,9,Graduate,OBC,No,Rural,0
1476,23.0,Male,917913.0,Self-employed,8,Graduate,General,No,Rural,0
1477,23.0,Other,312399.0,Self-employed,10,Graduate,OBC,No,Rural,0
1478,20.0,Male,565152.0,Employed,10,Graduate,ST,Yes,Urban,1
1479,24.0,Male,257627.0,Unemployed,6,Secondary,OBC,No,Rural,1
1480,68.0,Male,589775.0,Self-employed,7,Primary,OBC,No,Rural,1
1481,25.0,Male,550549.0,Employed,6,Graduate,General,No,Rural,0
1482,59.0,Male,593634.0,Employed,5,Postgraduate,General,No,Urban,1
1483,69.0,Female,871482.0,Self-employed,4,Secondary,General,Yes,Urban,0
1484,32.0,Female,320888.0,Employed,7,Graduate,SC,No,Urban,0
1485,64.0,Female,467972.0,Employed,4,Primary,OBC,No,Rural,1
1486,46.0,Male,111596.0,Employed,10,Secondary,OBC,No,Urban,0
1487,50.0,Female,788757.0,Employed,10,Graduate,OBC,,Rural,1
1488,69.0,Male,992650.0,Employed,10,Secondary,OBC,,Rural,0
1489,47.0,Male,431784.0,Employed,9,Postgraduate,General,No,Rural,0
1490,56.0,Female,891464.0,Self-employed,5,Graduate,OBC,No,Rural,1
1491,44.0,Female,879119.0,Unemployed,8,Secondary,OBC,No,Rural,0
1492,53.0,Male,227175.0,Unemployed,6,Graduate,General,,Rural,0
1493,46.0,Male,203048.0,Employed,4,Graduate,SC,No,Rural,0
1494,55.0,Other,899295.0,Unemployed,3,Primary,OBC,No,Urban,0
1495,74.0,Male,443807.0,Unemployed,6,Graduate,OBC,No,Rural,0
1496,50.0,Male,56277.0,Unemployed,1,Graduate,General,No,Rural,1
1497,78.0,Female,898292.0,Employed,2,Secondary,SC,No,Urban,1
1498,54.0,Male,183332.0,Employed,7,,OBC,,Urban,0
1499,44.0,Male,290515.0,Self-employed,4,Secondary,General,No,Rural,0
1500,72.0,Male,834865.0,Unemployed,5,Secondary,General,No,Urban,1
1501,50.0,Female,771243.0,Unemployed,10,Graduate,General,No,Rural,1
1502,79.0,Female,336885.0,Employed,1,Secondary,OBC,No,Rural,1
1503,21.0,Female,431864.0,,2,Graduate,General,No,Urban,1
1504,39.0,Other,349355.0,Unemployed,4,Graduate,OBC,No,Rural,1
1505,19.0,Female,814752.0,Employed,8,Secondary,OBC,No,Urban,1
1506,27.0,Male,832733.0,Unemployed,10,Postgraduate,ST,No,Rural,1
1507,,Male,484758.0,Self-employed,4,Graduate,General,No,Urban,0
1508,76.0,Female,319013.0,Unemployed,3,Graduate,OBC,No,Rural,0
1509,27.0,Female,536834.0,Employed,3,Secondary,OBC,No,Urban,1
1510,50.0,Female,,Employed,5,Secondary,OBC,No,Rural,0
1511,71.0,Female,144515.0,Unemployed,3,Graduate,ST,,Urban,0
1512,55.0,Male,200494.0,Self-employed,8,,ST,No,Rural,1
1513,30.0,Male,740973.0,Employed,5,Secondary,OBC,No,Urban,0
1514,48.0,Male,238088.0,Employed,7,Graduate,General,No,Urban,0
1515,64.0,Male,634398.0,Employed,8,Graduate,ST,No,Rural,0
1516,53.0,Male,269601.0,Unemployed,5,Secondary,General,No,Urban,0
1517,62.0,Female,783282.0,Unemployed,8,Graduate,OBC,,Rural,1
1518,,Female,346177.0,Self-employed,3,Primary,OBC,No,Rural,1
1519,69.0,Male,881645.0,Employed,7,Secondary,OBC,No,Urban,1
1520,73.0,Male,310705.0,Unemployed,8,Primary,General,No,Urban,0
1521,32.0,Female,505209.0,Employed,7,Secondary,SC,,Rural,0
1522,46.0,Male,62938.0,Employed,2,Secondary,OBC,No,Rural,0
1523,25.0,Female,180842.0,Self-employed,8,Postgraduate,OBC,No,Rural,0
1524,22.0,Female,314418.0,Employed,6,,General,No,Urban,1
1525,46.0,Female,920822.0,Employed,10,Primary,SC,No,Urban,0
1526,64.0,Female,475031.0,Unemployed,3,Graduate,OBC,No,Urban,0
1527,21.0,Female,519234.0,Employed,4,Graduate,General,No,Rural,0
1528,29.0,Male,200033.0,Employed,7,Secondary,General,No,Rural,0
1529,62.0,Male,70044.0,Employed,3,Primary,SC,No,Rural,1
1530,19.0,Male,149372.0,Employed,1,Secondary,OBC,No,Urban,0
1531,44.0,Other,989479.0,Self-employed,6,Secondary,SC,No,Urban,0
1532,48.0,Male,326850.0,Employed,3,Graduate,General,No,Urban,0
1533,68.0,Male,187046.0,Self-employed,10,Graduate,OBC,No,Urban,0
1534,68.0,Female,388608.0,Employed,6,Postgraduate,General,No,Rural,0
1535,53.0,Female,,Employed,10,Graduate,General,No,Urban,1
1536,53.0,Female,576238.0,Employed,3,Secondary,General,No,Rural,1
1537,43.0,Male,304043.0,Self-employed,6,Graduate,General,No,Rural,0
1538,60.0,Male,790373.0,Employed,4,Secondary,ST,No,Urban,0
1539,44.0,Male,846843.0,Unemployed,4,Primary,SC,No,Rural,1
1540,22.0,Male,965035.0,Employed,10,Graduate,OBC,Yes,Urban,1
1541,37.0,Male,374888.0,Self-employed,10,Secondary,OBC,,Urban,0
1542,28.0,Male,723131.0,Self-employed,2,Secondary,SC,No,Urban,0
1543,79.0,Female,513026.0,,4,Graduate,OBC,No,Urban,0
1544,27.0,Male,871485.0,Self-employed,4,Postgraduate,General,No,Rural,1
1545,57.0,Female,298966.0,Unemployed,7,Secondary,General,No,Rural,1
1546,55.0,Female,495292.0,Self-employed,5,Secondary,ST,,Rural,1
1547,23.0,Male,188117.0,Employed,8,Graduate,OBC,No,Rural,0
1548,25.0,Female,,Employed,7,Graduate,OBC,No,Rural,1
1549,40.0,Male,79714.0,Unemployed,10,Secondary,General,No,Rural,1
1550,64.0,Male,739746.0,Employed,9,Postgraduate,OBC,No,Rural,0
1551,43.0,Female,421427.0,Employed,8,Graduate,General,No,Rural,1
1552,63.0,Male,320706.0,Employed,9,Graduate,General,No,Rural,1
1553,60.0,Other,367192.0,Employed,1,Postgraduate,General,No,Rural,0
1554,29.0,Male,405439.0,Unemployed,10,Postgraduate,General,No,Rural,0
1555,43.0,Female,62026.0,Employed,3,Secondary,General,No,Rural,0
1556,30.0,Male,156147.0,Self-employed,5,Secondary,General,No,Rural,1
1557,57.0,Male,605877.0,Self-employed,9,Graduate,ST,No,Rural,1
1558,79.0,Male,682487.0,Self-employed,8,Postgraduate,ST,No,Rural,0
1559,35.0,Female,,Employed,10,Graduate,General,No,Rural,0
1560,42.0,Female,338988.0,Employed,7,Graduate,SC,No,Rural,1
1561,50.0,Female,990951.0,Self-employed,2,Graduate,OBC,,Rural,0
1562,64.0,Female,402559.0,Self-employed,6,Secondary,General,No,Rural,0
1563,57.0,Female,258574.0,Unemployed,4,Postgraduate,General,No,Urban,0
1564,77.0,Female,264340.0,Employed,5,Graduate,SC,,Rural,0
1565,60.0,Female,104708.0,Employed,5,Postgraduate,OBC,No,Urban,1
1566,29.0,Female,507141.0,Unemployed,4,Graduate,OBC,No,Rural,0
1567,61.0,Female,645113.0,,4,Postgraduate,OBC,Yes,Urban,0
1568,53.0,Female,625862.0,Unemployed,4,Secondary,General,No,Rural,1
1569,65.0,Male,397692.0,Self-employed,2,Graduate,OBC,No,Urban,1
1570,21.0,Female,462028.0,Unemployed,1,Postgraduate,General,No,Rural,0
1571,22.0,Female,282409.0,Employed,2,Graduate,SC,No,Rural,0
1572,73.0,Male,760669.0,Employed,7,Graduate,OBC,No,Rural,0
1573,54.0,Male,638518.0,Self-employed,1,Secondary,General,No,Rural,1
1574,25.0,Male,304451.0,Unemployed,6,Graduate,OBC,Yes,Rural,1
1575,80.0,Female,877013.0,Unemployed,4,Postgraduate,ST,No,Urban,1
1576,59.0,Female,297174.0,Unemployed,2,Secondary,General,No,Urban,0
1577,66.0,Male,489844.0,Unemployed,3,Graduate,General,Yes,Urban,0
1578,45.0,Female,269700.0,Unemployed,7,Graduate,OBC,No,Urban,1
1579,48.0,Female,337249.0,Employed,6,Secondary,OBC,No,Rural,0
1580,75.0,Male,916262.0,Employed,6,Secondary,SC,No,Urban,1
1581,26.0,Female,564539.0,Employed,8,Graduate,General,No,Rural,0
1582,71.0,Other,381301.0,Employed,8,Secondary,General,No,Rural,0
1583,68.0,Female,475658.0,Employed,6,Postgraduate,SC,No,Urban,1
1584,46.0,Female,399379.0,Employed,1,Graduate,SC,Yes,Rural,0
1585,31.0,Other,820802.0,Self-employed,10,Secondary,General,No,Urban,1
1586,57.0,Female,314491.0,Employed,7,Secondary,SC,No,Rural,1
1587,58.0,Male,800382.0,Employed,8,Graduate,General,No,Rural,1
1588,39.0,Female,884082.0,Employed,5,Graduate,General,,Urban,0
1589,28.0,Female,198182.0,Unemployed,4,Secondary,General,No,Urban,1
1590,40.0,Female,243242.0,Employed,7,,General,No,Rural,0
1591,18.0,Male,972427.0,Employed,6,Postgraduate,OBC,,Urban,0
1592,63.0,Female,,Employed,6,Primary,SC,No,Rural,0
1593,54.0,Male,505987.0,,3,,General,No,Rural,1
1594,38.0,Female,174926.0,Self-employed,10,Postgraduate,OBC,No,Urban,1
1595,43.0,Male,131147.0,Self-employed,4,Primary,OBC,No,Rural,1
1596,63.0,Male,360279.0,Employed,5,Postgraduate,ST,No,Rural,1
1597,53.0,Male,593487.0,Unemployed,9,Secondary,ST,,Rural,1
1598,71.0,Male,976570.0,Employed,8,Secondary,OBC,No,Rural,0
1599,40.0,Female,938015.0,Employed,3,Primary,General,No,Rural,0
1600,74.0,Female,233208.0,Employed,6,Primary,OBC,No,Urban,0
1601,18.0,Female,928722.0,Employed,10,Secondary,OBC,No,Rural,1
1602,80.0,Male,479791.0,Unemployed,1,Primary,OBC,No,Rural,0
1603,71.0,Male,270868.0,Employed,3,Secondary,SC,,Rural,1
1604,72.0,Female,170787.0,,10,Primary,General,Yes,Rural,1
1605,68.0,Female,164427.0,Employed,7,Graduate,OBC,No,Rural,0
1606,57.0,Male,,Employed,7,Graduate,SC,No,Rural,0
1607,32.0,Female,727913.0,Self-employed,2,Postgraduate,ST,No,Rural,0
1608,38.0,Male,270782.0,Unemployed,3,Graduate,General,,Rural,1
1609,64.0,Female,661781.0,Unemployed,7,Postgraduate,OBC,No,Rural,0
1610,26.0,Female,968138.0,Employed,6,Primary,ST,No,Urban,1
1611,70.0,Male,538633.0,Employed,7,Secondary,OBC,No,Rural,1
1612,26.0,Male,849203.0,Employed,10,Secondary,ST,No,Rural,0
1613,27.0,Female,175607.0,Self-employed,9,Graduate,SC,No,Rural,1
1614,69.0,Male,821122.0,Self-employed,8,Postgraduate,General,No,Urban,0
1615,74.0,Male,985802.0,Unemployed,6,Graduate,ST,No,Urban,0
1616,70.0,Female,129876.0,Employed,4,Secondary,General,No,Urban,0
1617,43.0,Male,542108.0,Employed,10,Graduate,OBC,No,Urban,1
1618,58.0,Male,217071.0,Employed,9,Secondary,SC,No,Rural,0
1619,52.0,Female,777247.0,Self-employed,7,Graduate,General,No,Urban,0
1620,80.0,Female,896080.0,Unemployed,5,Graduate,OBC,No,Rural,1
1621,69.0,Female,505884.0,Self-employed,2,Secondary,General,No,Rural,0
1622,42.0,Female,512590.0,Unemployed,9,Primary,General,No,Rural,0
1623,43.0,Female,510725.0,Employed,7,Graduate,General,No,Rural,1
1624,28.0,Female,293722.0,Employed,9,Graduate,SC,No,Urban,0
1625,55.0,Male,546564.0,Employed,9,Secondary,SC,No,Rural,0
1626,19.0,Female,,Employed,10,Graduate,OBC,No,Rural,0
1627,24.0,Other,618728.0,Employed,5,Postgraduate,ST,No,Urban,1
1628,35.0,Male,,Unemployed,7,Secondary,OBC,,Urban,0
1629,44.0,Male,617327.0,Unemployed,5,Secondary,SC,No,Urban,0
1630,51.0,Female,367399.0,Employed,3,Graduate,OBC,No,Urban,1
1631,44.0,Male,122219.0,Employed,10,Graduate,SC,No,Rural,0
1632,34.0,Male,760349.0,Employed,8,Primary,General,No,Rural,1
1633,60.0,Female,847676.0,Unemployed,8,Secondary,General,No,Rural,1
1634,76.0,Other,668882.0,Employed,9,Secondary,SC,No,Urban,0
1635,61.0,Male,370739.0,Employed,6,Graduate,General,No,Rural,0
1636,76.0,Male,744911.0,Self-employed,2,Secondary,OBC,,Rural,0
1637,68.0,Male,768590.0,Employed,3,Graduate,OBC,No,Rural,1
1638,71.0,Female,416042.0,Employed,10,Postgraduate,SC,No,Rural,0
1639,,Male,340515.0,Unemployed,6,,General,No,Rural,1
1640,42.0,Male,512574.0,Self-employed,1,Graduate,OBC,No,Urban,0
1641,24.0,Male,209950.0,Unemployed,2,Graduate,SC,No,Urban,0
1642,69.0,Male,217229.0,Employed,8,,General,,Urban,0
1643,23.0,Female,55914.0,Employed,8,Graduate,ST,No,Rural,0
1644,70.0,Female,264772.0,Unemployed,6,Graduate,General,,Rural,0
1645,41.0,Female,339324.0,Employed,3,Secondary,OBC,Yes,Rural,0
1646,50.0,Female,971192.0,Unemployed,2,Primary,General,No,Rural,1
1647,66.0,Male,916651.0,Self-employed,6,Postgraduate,OBC,Yes,Rural,0
1648,46.0,Female,915048.0,Self-employed,1,Postgraduate,General,No,Urban,1
1649,80.0,Female,277561.0,Employed,10,Graduate,General,No,Rural,0
1650,60.0,Male,977420.0,Employed,6,Postgraduate,General,No,Rural,0
1651,39.0,Female,237435.0,Employed,9,Graduate,OBC,No,Rural,1
1652,43.0,Male,669501.0,Unemployed,7,Graduate,General,No,Rural,0
1653,45.0,Female,470576.0,Employed,9,Secondary,General,,Rural,1
1654,67.0,Male,612093.0,,2,Graduate,SC,No,Rural,0
1655,38.0,Other,456669.0,Employed,5,Graduate,General,No,Rural,0
1656,66.0,Male,176599.0,Employed,9,Postgraduate,OBC,No,Rural,1
1657,24.0,Female,728063.0,,7,Graduate,SC,No,Rural,0
1658,34.0,Female,240093.0,Employed,9,Graduate,OBC,No,Urban,1
1659,37.0,Female,,Unemployed,6,Graduate,OBC,No,Rural,1
1660,58.0,Male,144799.0,Employed,7,Primary,OBC,No,Rural,0
1661,66.0,Female,672673.0,Employed,10,Primary,OBC,No,Rural,1
1662,37.0,Female,809942.0,Self-employed,5,Graduate,ST,No,Urban,0
1663,71.0,Male,138919.0,Self-employed,6,Secondary,OBC,No,Urban,0
1664,39.0,Male,974914.0,Employed,1,Graduate,General,No,Rural,1
1665,45.0,Female,655750.0,Employed,1,Secondary,OBC,No,Urban,0
1666,80.0,Female,229340.0,Unemployed,2,Secondary,OBC,No,Urban,1
1667,78.0,Male,739608.0,Employed,4,Secondary,ST,No,Urban,1
1668,57.0,Male,81159.0,Employed,9,Secondary,SC,No,Rural,1
1669,66.0,Male,92039.0,Employed,7,Primary,OBC,No,Urban,1
1670,24.0,Female,807262.0,Employed,6,Postgraduate,SC,No,Urban,0
1671,18.0,Female,97800.0,Employed,1,Secondary,General,No,Urban,1
1672,49.0,Female,352905.0,Self-employed,5,Postgraduate,OBC,Yes,Urban,1
1673,30.0,Other,668914.0,Unemployed,4,Postgraduate,OBC,No,Urban,0
1674,47.0,Male,529319.0,Employed,5,Postgraduate,OBC,No,Urban,0
1675,40.0,Male,168368.0,Employed,9,Graduate,General,No,Rural,0
1676,68.0,Male,749023.0,Unemployed,3,Graduate,SC,No,Rural,0
1677,76.0,Male,655191.0,Employed,4,Secondary,OBC,No,Urban,1
1678,73.0,Female,168998.0,Employed,8,Primary,General,No,Rural,1
1679,36.0,Female,291324.0,Unemployed,3,Postgraduate,General,,Rural,0
1680,79.0,Male,559662.0,Self-employed,3,Primary,OBC,No,Rural,1
1681,49.0,Male,478583.0,Employed,9,Postgraduate,OBC,No,Rural,0
1682,47.0,Female,563520.0,Self-employed,5,Graduate,SC,No,Urban,0
1683,46.0,Female,973317.0,Employed,10,Graduate,SC,No,Rural,1
1684,66.0,Male,372038.0,Employed,1,Secondary,OBC,No,Urban,0
1685,62.0,Other,283229.0,Employed,7,Graduate,SC,No,Urban,0
1686,46.0,Female,887876.0,Unemployed,7,Graduate,General,No,Rural,0
1687,47.0,Male,111748.0,Self-employed,6,Graduate,OBC,No,Rural,1
1688,33.0,Female,91190.0,Unemployed,6,Graduate,SC,No,Urban,0
1689,57.0,Male,90318.0,Employed,3,Primary,ST,No,Urban,1
1690,36.0,Female,742378.0,Employed,3,Secondary,OBC,No,Rural,1
1691,35.0,Other,174078.0,Employed,10,Secondary,SC,No,Urban,0
1692,,Female,89759.0,Employed,9,Primary,General,No,Rural,0
1693,31.0,Female,852930.0,Employed,1,Primary,General,No,Rural,1
1694,68.0,Male,600277.0,Self-employed,7,Secondary,General,No,Urban,1
1695,64.0,Female,545926.0,Unemployed,10,Graduate,General,No,Rural,1
1696,67.0,Female,730928.0,Employed,7,Graduate,General,No,Urban,0
1697,19.0,Female,429179.0,Employed,8,Secondary,OBC,No,Rural,0
1698,71.0,Female,903009.0,Employed,6,Graduate,OBC,No,Urban,0
1699,45.0,Other,417375.0,Unemployed,8,Graduate,General,No,Rural,0
1700,66.0,Female,735459.0,Self-employed,1,Graduate,ST,No,Rural,0
1701,67.0,Male,926332.0,Unemployed,1,Graduate,SC,No,Rural,1
1702,47.0,Other,483855.0,Employed,9,Secondary,General,,Rural,1
1703,55.0,Female,941111.0,Employed,4,Secondary,General,No,Urban,0
1704,68.0,Female,335626.0,Self-employed,3,Secondary,OBC,No,Rural,0
1705,80.0,Female,381356.0,Self-employed,6,Secondary,OBC,,Rural,0
1706,21.0,Male,498477.0,Employed,10,Graduate,OBC,Yes,Urban,1
1707,18.0,Male,,Employed,9,Postgraduate,OBC,No,Rural,0
1708,,Female,866480.0,Employed,10,Secondary,OBC,No,Rural,0
1709,46.0,Female,970569.0,Self-employed,4,Graduate,General,No,Urban,0
1710,72.0,Male,445252.0,Unemployed,9,Graduate,OBC,No,Rural,1
1711,56.0,Female,610102.0,Unemployed,5,Secondary,SC,No,Rural,0
1712,20.0,Male,765054.0,Employed,7,Postgraduate,General,Yes,Rural,0
1713,,Female,460140.0,Employed,3,Primary,OBC,,Rural,1
1714,27.0,Male,441637.0,Employed,3,Postgraduate,General,No,Urban,1
1715,27.0,Male,110204.0,Self-employed,3,Secondary,OBC,No,Rural,0
1716,,Male,607132.0,Employed,8,Secondary,General,No,Rural,1
1717,63.0,Male,298827.0,Unemployed,6,Graduate,SC,No,Rural,0
1718,51.0,Female,295256.0,Employed,9,Postgraduate,SC,No,Rural,0
1719,77.0,Male,394087.0,Self-employed,9,Secondary,OBC,No,Rural,1
1720,50.0,Male,71518.0,Self-employed,8,Graduate,OBC,No,Urban,1
1721,,Female,460275.0,Employed,1,Graduate,ST,Yes,Rural,0
1722,72.0,Female,597340.0,Self-employed,6,Secondary,OBC,No,Rural,1
1723,45.0,Male,830634.0,Employed,4,Graduate,General,No,Urban,0
1724,49.0,Other,644091.0,Employed,4,Graduate,ST,No,Rural,1
1725,67.0,Male,121524.0,Employed,3,Secondary,General,No,Rural,0
1726,24.0,Female,798870.0,Self-employed,9,Graduate,General,No,Urban,0
1727,46.0,Female,568855.0,Self-employed,2,Postgraduate,General,No,Rural,0
1728,25.0,Male,926004.0,Employed,1,Graduate,General,No,Urban,1
1729,18.0,Male,976184.0,Unemployed,10,Postgraduate,OBC,No,Urban,1
1730,74.0,Male,641309.0,,3,Primary,OBC,No,Rural,1
1731,72.0,Male,785609.0,Self-employed,4,Primary,OBC,No,Rural,0
1732,20.0,Female,,Employed,4,Postgraduate,OBC,No,Urban,0
1733,41.0,Male,52419.0,Employed,6,Postgraduate,ST,No,Urban,0
1734,40.0,Male,762252.0,Unemployed,1,Secondary,OBC,No,Rural,0
1735,76.0,Male,171831.0,Employed,1,,ST,No,Urban,0
1736,80.0,Male,818976.0,Employed,2,Graduate,General,No,Rural,1
1737,78.0,Female,676087.0,Unemployed,4,Secondary,General,No,Rural,1
1738,25.0,Male,984644.0,Employed,7,Secondary,General,No,Urban,0
1739,71.0,Female,486700.0,Self-employed,6,Graduate,ST,No,Rural,1
1740,74.0,Male,244941.0,Employed,9,Postgraduate,SC,Yes,Urban,1
1741,64.0,Male,226282.0,Self-employed,7,Graduate,General,No,Rural,0
1742,54.0,Female,894032.0,Employed,5,Graduate,OBC,No,Urban,1
1743,20.0,Male,952899.0,Employed,6,Secondary,General,No,Rural,0
1744,68.0,Female,390641.0,Employed,10,Graduate,General,,Rural,1
1745,50.0,Female,682899.0,Unemployed,9,Secondary,OBC,No,Rural,0
1746,45.0,Male,187559.0,Unemployed,1,Postgraduate,ST,No,Rural,0
1747,64.0,Male,897124.0,Employed,9,Graduate,SC,No,Urban,0
1748,,Male,636400.0,Employed,6,Graduate,ST,No,Urban,1
1749,51.0,Male,998614.0,Unemployed,4,Postgraduate,OBC,,Urban,0
1750,52.0,Male,289040.0,Employed,5,Primary,General,No,Rural,0
1751,49.0,Male,852792.0,Unemployed,1,Postgraduate,SC,No,Urban,1
1752,41.0,Male,807739.0,Employed,7,Secondary,ST,,Rural,0
1753,31.0,Female,795778.0,Unemployed,8,Secondary,OBC,No,Rural,0
1754,49.0,Female,,Unemployed,5,Secondary,OBC,No,Rural,0
1755,73.0,Female,556805.0,Self-employed,2,Postgraduate,General,No,Urban,0
1756,63.0,Male,315161.0,Unemployed,8,Postgraduate,SC,No,Rural,1
1757,60.0,Male,398405.0,Employed,10,Primary,General,No,Rural,1
1758,33.0,Female,241196.0,Employed,7,,General,No,Rural,1
1759,21.0,Female,,Unemployed,10,Postgraduate,General,No,Rural,0
1760,69.0,Female,795658.0,Employed,9,Secondary,SC,No,Urban,0
1761,54.0,Male,494165.0,Self-employed,4,Graduate,OBC,No,Rural,0
1762,71.0,Female,763628.0,Unemployed,9,Graduate,General,No,Rural,0
1763,38.0,Female,640608.0,Employed,4,Postgraduate,General,,Urban,1
1764,31.0,Male,285067.0,Employed,3,Graduate,General,No,Urban,1
1765,48.0,Male,786661.0,Employed,3,Graduate,OBC,No,Rural,0
1766,72.0,Female,867559.0,Employed,10,Postgraduate,OBC,No,Urban,1
1767,65.0,Male,446412.0,Employed,2,Secondary,General,,Rural,0
1768,35.0,Male,387232.0,Employed,10,Secondary,SC,No,Urban,1
1769,24.0,Female,230786.0,Employed,3,Primary,SC,No,Urban,0
1770,27.0,Female,344065.0,Employed,8,Postgraduate,SC,No,Rural,1
1771,24.0,Male,841178.0,Employed,8,Graduate,General,No,Urban,1
1772,50.0,Male,904967.0,Employed,2,Primary,SC,No,Rural,0
1773,40.0,Male,115350.0,Employed,2,Graduate,OBC,No,Urban,1
1774,38.0,Female,231417.0,Unemployed,2,Graduate,OBC,No,Urban,1
1775,36.0,Male,290678.0,Employed,10,Postgraduate,SC,No,Rural,0
1776,65.0,Other,393275.0,Employed,7,Secondary,General,No,Rural,0
1777,78.0,Male,72063.0,Unemployed,6,Graduate,SC,No,Rural,1
1778,36.0,Male,691404.0,Self-employed,1,Graduate,OBC,No,Urban,0
1779,53.0,Female,514952.0,Employed,2,Primary,OBC,,Urban,0
1780,46.0,Female,925345.0,Employed,1,Postgraduate,OBC,No,Rural,0
1781,77.0,Male,391090.0,Employed,7,Secondary,ST,No,Rural,0
1782,35.0,Male,227043.0,Employed,6,Graduate,General,No,Rural,1
1783,19.0,Other,184670.0,Self-employed,2,,General,No,Urban,0
1784,18.0,Male,60564.0,Unemployed,2,Graduate,OBC,,Urban,1
1785,64.0,Female,816412.0,Unemployed,2,Primary,OBC,No,Rural,1
1786,22.0,Male,801794.0,Employed,8,Postgraduate,OBC,No,Rural,1
1787,37.0,Female,566939.0,Unemployed,7,Secondary,General,,Rural,0
1788,28.0,Female,361869.0,Employed,1,Graduate,OBC,No,Rural,0
1789,59.0,Male,660422.0,Employed,4,Graduate,SC,No,Rural,0
1790,80.0,Female,,Employed,4,Postgraduate,General,No,Rural,0
1791,19.0,Male,636373.0,Employed,7,Graduate,OBC,No,Urban,1
1792,20.0,Male,592150.0,Employed,2,Secondary,OBC,,Rural,1
1793,40.0,Female,322409.0,Self-employed,4,Graduate,OBC,No,Rural,0
1794,72.0,Male,190777.0,Employed,1,Secondary,SC,,Urban,0
1795,29.0,Female,236351.0,Employed,4,Primary,General,No,Urban,0
1796,37.0,Male,636759.0,Employed,1,Postgraduate,General,No,Rural,0
1797,22.0,Male,141080.0,Employed,2,Graduate,SC,No,Rural,1
1798,54.0,Male,523050.0,Unemployed,2,Primary,OBC,No,Urban,0
1799,55.0,Male,506195.0,Unemployed,10,Graduate,OBC,No,Rural,1
1800,47.0,Male,367972.0,Unemployed,3,,SC,No,Rural,1
1801,26.0,Female,,Employed,8,Primary,OBC,No,Urban,1
1802,51.0,Female,429028.0,Unemployed,6,Secondary,OBC,,Urban,0
1803,70.0,Female,682295.0,Self-employed,6,,ST,No,Urban,1
1804,61.0,Male,620392.0,Employed,9,Graduate,OBC,No,Rural,1
1805,52.0,Male,615222.0,Employed,8,Graduate,SC,No,Rural,0
1806,69.0,Male,828894.0,Self-employed,2,Secondary,OBC,No,Rural,0
1807,75.0,Male,950852.0,Employed,6,Graduate,OBC,No,Rural,1
1808,39.0,Female,580338.0,Employed,1,Graduate,SC,No,Rural,0
1809,61.0,Male,749312.0,Employed,9,Graduate,OBC,No,Rural,0
1810,41.0,Male,529786.0,Employed,4,Postgraduate,OBC,No,Rural,0
1811,34.0,Female,320628.0,Employed,4,Graduate,OBC,No,Urban,0
1812,27.0,Male,374792.0,Employed,9,Graduate,OBC,No,Urban,0
1813,47.0,Male,372089.0,Unemployed,3,Postgraduate,OBC,No,Urban,1
1814,73.0,Male,759038.0,Employed,5,Graduate,OBC,No,Urban,0
1815,76.0,Male,605611.0,Self-employed,1,Graduate,OBC,No,Rural,1
1816,,Female,136332.0,Employed,6,Graduate,General,No,Rural,0
1817,40.0,Male,931037.0,Self-employed,3,Secondary,SC,No,Rural,0
1818,49.0,Male,530579.0,Self-employed,1,Graduate,General,No,Rural,0
1819,34.0,Male,305540.0,Unemployed,10,Graduate,General,No,Urban,1
1820,67.0,Male,304547.0,Self-employed,6,Secondary,OBC,No,Urban,0
1821,68.0,Male,846747.0,Unemployed,10,Primary,General,,Urban,1
1822,34.0,Female,360112.0,Self-employed,2,Postgraduate,OBC,No,Rural,0
1823,31.0,Female,731879.0,Employed,8,Graduate,SC,No,Urban,1
1824,26.0,Female,321251.0,Employed,2,Secondary,General,,Rural,1
1825,,Male,564756.0,Unemployed,4,Secondary,General,No,Rural,0
1826,19.0,Female,630069.0,Employed,3,Graduate,SC,No,Rural,1
1827,62.0,Female,316013.0,Self-employed,9,Secondary,OBC,No,Rural,0
1828,42.0,Male,917415.0,Self-employed,2,Primary,General,No,Urban,1
1829,56.0,Female,994874.0,Employed,3,Graduate,General,No,Rural,1
1830,26.0,Male,505911.0,Self-employed,7,Graduate,ST,,Rural,0
1831,71.0,Male,503638.0,Employed,4,Secondary,SC,No,Rural,1
1832,39.0,Female,582259.0,Employed,6,Primary,ST,No,Rural,0
1833,60.0,Male,933237.0,Employed,3,Graduate,OBC,No,Urban,0
1834,63.0,Female,829215.0,Employed,1,Secondary,General,No,Urban,0
1835,21.0,Male,337795.0,Employed,6,Secondary,OBC,No,Urban,0
1836,43.0,Female,369118.0,Employed,4,Secondary,General,No,Rural,0
1837,75.0,Female,544509.0,Employed,2,Secondary,General,No,Rural,1
1838,46.0,Female,73446.0,Unemployed,7,Secondary,OBC,No,Urban,0
1839,62.0,Male,831707.0,Unemployed,10,Postgraduate,SC,No,Urban,1
1840,51.0,Male,219180.0,Employed,5,Secondary,OBC,Yes,Rural,1
1841,40.0,Male,578111.0,Employed,6,Secondary,SC,,Urban,1
1842,54.0,Male,194526.0,Self-employed,6,Secondary,OBC,,Rural,0
1843,28.0,Male,709292.0,Self-employed,9,Graduate,SC,No,Urban,0
1844,23.0,Female,977724.0,Employed,2,Graduate,SC,No,Rural,1
1845,35.0,Female,255162.0,Employed,6,Graduate,OBC,No,Urban,0
1846,38.0,Other,117965.0,Self-employed,9,Graduate,OBC,No,Rural,0
1847,59.0,Male,995712.0,Unemployed,4,Secondary,ST,No,Rural,0
1848,53.0,Male,516196.0,Employed,6,Postgraduate,General,No,Rural,0
1849,58.0,Male,322654.0,Employed,7,Secondary,OBC,,Rural,1
1850,55.0,Female,487261.0,Employed,1,Primary,OBC,,Rural,1
1851,51.0,Female,715897.0,Unemployed,5,Secondary,General,No,Urban,0
1852,34.0,Female,515899.0,Employed,4,Secondary,General,No,Rural,1
1853,54.0,Female,155935.0,,10,,General,No,Urban,1
1854,42.0,Female,905566.0,Employed,2,Graduate,ST,No,Rural,1
1855,55.0,Male,807993.0,Self-employed,2,Graduate,ST,No,Rural,0
1856,75.0,Male,908686.0,Unemployed,2,Primary,SC,No,Urban,0
1857,29.0,Female,551443.0,Unemployed,7,Graduate,OBC,No,Rural,0
1858,40.0,Male,303978.0,Unemployed,4,Secondary,OBC,No,Urban,1
1859,70.0,Male,719142.0,Employed,6,Graduate,OBC,No,Urban,0
1860,59.0,Female,426924.0,Self-employed,7,Primary,SC,No,Urban,1
1861,39.0,Other,,Employed,9,Primary,OBC,No,Rural,0
1862,38.0,Female,566404.0,Self-employed,2,Graduate,OBC,,Rural,0
1863,44.0,Female,902019.0,Employed,10,Graduate,ST,No,Urban,1
1864,74.0,Female,918670.0,Employed,9,Graduate,OBC,No,Rural,0
1865,48.0,Male,387864.0,,5,Primary,General,,Urban,0
1866,,Male,652292.0,Unemployed,6,Secondary,General,,Rural,1
1867,44.0,Female,72072.0,Self-employed,6,Secondary,ST,No,Rural,0
1868,57.0,Female,131015.0,Employed,3,Graduate,General,No,Urban,0
1869,51.0,Male,275075.0,Employed,10,Graduate,SC,,Urban,0
1870,29.0,Female,794298.0,Self-employed,7,Secondary,OBC,No,Rural,1
1871,62.0,Male,122746.0,Employed,7,Secondary,SC,No,Rural,0
1872,74.0,Male,,Self-employed,8,Graduate,General,No,Urban,1
1873,70.0,Female,414404.0,Unemployed,5,Secondary,SC,,Rural,0
1874,24.0,Male,449273.0,Employed,2,Secondary,SC,,Rural,0
1875,27.0,Male,178259.0,Employed,3,Graduate,General,Yes,Rural,0
1876,62.0,Male,80916.0,Employed,9,Secondary,OBC,No,Rural,0
1877,34.0,Female,601556.0,Employed,6,Postgraduate,General,No,Urban,0
1878,43.0,Male,749338.0,Employed,8,Graduate,SC,No,Urban,1
1879,38.0,Female,,Employed,8,Secondary,OBC,No,Rural,0
1880,45.0,Female,73259.0,Employed,5,Secondary,General,No,Rural,0
1881,79.0,Male,496799.0,Unemployed,1,Secondary,OBC,,Rural,1
1882,75.0,Other,653688.0,,6,Graduate,General,No,Rural,0
1883,63.0,Male,346437.0,Employed,7,Postgraduate,General,,Rural,0
1884,19.0,Other,685869.0,,9,Secondary,OBC,No,Urban,0
1885,77.0,Female,57043.0,Employed,2,Postgraduate,OBC,No,Rural,0
1886,71.0,Other,755790.0,Employed,2,Graduate,OBC,No,Urban,0
1887,60.0,Male,157009.0,Self-employed,10,Postgraduate,SC,No,Urban,0
1888,18.0,Female,875325.0,Employed,1,Graduate,OBC,No,Urban,0
1889,68.0,Male,259137.0,Self-employed,5,Graduate,General,No,Rural,0
1890,70.0,Male,211940.0,Employed,2,Graduate,OBC,No,Rural,0
1891,53.0,Female,862741.0,Unemployed,3,Graduate,General,No,Rural,0
1892,68.0,Male,569466.0,Employed,2,Secondary,General,No,Urban,1
1893,43.0,Female,859716.0,Self-employed,4,Postgraduate,General,No,Urban,1
1894,46.0,Male,963233.0,Self-employed,3,Graduate,General,No,Urban,0
1895,38.0,Male,687547.0,Unemployed,9,Graduate,General,No,Rural,0
1896,28.0,Female,150804.0,Self-employed,10,Postgraduate,General,,Rural,1
1897,57.0,Male,119000.0,Employed,2,Postgraduate,General,No,Urban,1
1898,28.0,Female,134179.0,Self-employed,7,Graduate,General,No,Urban,1
1899,53.0,Female,901481.0,Employed,3,Secondary,General,No,Urban,0
1900,66.0,Female,865697.0,Employed,10,Postgraduate,General,No,Rural,0
1901,76.0,Male,524706.0,Employed,8,Graduate,OBC,No,Rural,1
1902,56.0,Female,834514.0,Self-employed,4,Graduate,OBC,No,Rural,1
1903,57.0,Other,73880.0,Self-employed,4,Postgraduate,ST,No,Urban,0
1904,52.0,Female,921011.0,Self-employed,9,Secondary,SC,No,Urban,1
1905,71.0,Female,443471.0,Self-employed,3,Secondary,OBC,No,Rural,0
1906,51.0,Female,444718.0,Employed,7,Graduate,General,No,Urban,1
1907,72.0,Female,775552.0,Self-employed,1,Primary,OBC,No,Rural,0
1908,64.0,Female,901856.0,Self-employed,7,Graduate,SC,No,Rural,1
1909,41.0,Male,519054.0,Employed,10,Secondary,General,No,Rural,1
1910,71.0,Male,907398.0,Employed,2,Secondary,General,No,Rural,0
1911,39.0,Female,222438.0,Unemployed,6,,General,No,Rural,0
1912,22.0,Male,470641.0,Self-employed,9,Graduate,General,No,Rural,0
1913,73.0,Female,495544.0,Self-employed,6,Secondary,SC,No,Urban,0
1914,50.0,Male,819640.0,Self-employed,3,Primary,OBC,No,Rural,0
1915,75.0,Female,641684.0,Self-employed,1,Graduate,OBC,No,Urban,0
1916,53.0,Male,,Self-employed,4,Graduate,SC,No,Rural,0
1917,64.0,Male,449022.0,Unemployed,4,Postgraduate,SC,No,Urban,1
1918,37.0,Female,529490.0,Unemployed,8,Primary,General,,Urban,0
1919,36.0,Female,853538.0,Employed,10,Graduate,General,Yes,Rural,0
1920,52.0,Female,106731.0,Unemployed,10,Secondary,ST,No,Rural,1
1921,69.0,Male,125010.0,Employed,7,Secondary,OBC,No,Rural,0
1922,60.0,Female,299091.0,Self-employed,10,Postgraduate,OBC,No,Rural,0
1923,34.0,Female,344743.0,Employed,7,,SC,No,Rural,0
1924,79.0,Female,121326.0,Employed,7,Secondary,General,No,Rural,1
1925,76.0,Male,823164.0,Employed,2,Secondary,SC,No,Urban,0
1926,62.0,Female,387850.0,Unemployed,9,,General,No,Rural,1
1927,60.0,Female,583292.0,Employed,6,Graduate,General,No,Rural,1
1928,51.0,Other,551498.0,Employed,2,Graduate,OBC,No,Rural,0
1929,26.0,Male,165018.0,Employed,1,Graduate,General,No,Rural,1
1930,43.0,Female,494580.0,Employed,1,Secondary,SC,No,Urban,0
1931,19.0,Female,600080.0,Employed,1,Graduate,OBC,No,Rural,0
1932,70.0,Male,538968.0,Employed,4,Primary,OBC,No,Urban,0
1933,26.0,Male,508128.0,Employed,4,Graduate,OBC,No,Rural,0
1934,26.0,Male,104645.0,Employed,9,Graduate,SC,No,Rural,1
1935,57.0,Male,581520.0,Employed,1,Secondary,OBC,No,Rural,1
1936,34.0,Male,521426.0,Employed,3,Secondary,OBC,No,Rural,0
1937,18.0,Female,629054.0,Self-employed,3,Graduate,OBC,,Urban,0
1938,42.0,Female,694889.0,Employed,8,Secondary,General,No,Urban,1
1939,78.0,Female,131588.0,Employed,2,Secondary,OBC,No,Rural,0
1940,60.0,Female,229614.0,Employed,6,Primary,General,No,Urban,0
1941,57.0,Male,580201.0,Employed,4,Graduate,SC,No,Rural,0
1942,59.0,Male,686694.0,Employed,10,Postgraduate,General,No,Rural,1
1943,42.0,Female,163693.0,Employed,6,Graduate,OBC,No,Rural,0
1944,,Male,667737.0,Unemployed,5,Graduate,SC,No,Urban,0
1945,52.0,Male,60567.0,Unemployed,9,Graduate,OBC,No,Rural,0
1946,20.0,Male,612667.0,Employed,9,Secondary,OBC,No,Rural,1
1947,67.0,Male,780328.0,Unemployed,1,Secondary,ST,No,Rural,0
1948,54.0,Female,312463.0,Employed,3,Graduate,General,,Urban,1
1949,61.0,Male,140005.0,Self-employed,1,Graduate,General,No,Urban,0
1950,61.0,Male,947422.0,Employed,6,Graduate,OBC,No,Rural,1
1951,68.0,Male,797386.0,Unemployed,3,Graduate,OBC,No,Urban,1
1952,47.0,Female,529336.0,Employed,1,Postgraduate,SC,No,Urban,1
1953,55.0,Male,54791.0,Self-employed,6,Postgraduate,General,No,Urban,1
1954,51.0,Female,540488.0,Employed,5,Secondary,OBC,Yes,Urban,0
1955,29.0,Male,181401.0,Employed,8,Secondary,SC,,Urban,1
1956,36.0,Male,255459.0,Unemployed,2,Graduate,OBC,No,Rural,1
1957,54.0,Female,111032.0,Employed,8,Secondary,SC,No,Rural,0
1958,61.0,Male,749438.0,Unemployed,5,Postgraduate,ST,Yes,Rural,0
1959,76.0,Male,925094.0,Unemployed,8,Secondary,SC,No,Urban,1
1960,76.0,Male,595588.0,Employed,10,Graduate,SC,No,Urban,0
1961,66.0,Female,912132.0,Employed,4,Graduate,SC,No,Rural,0
1962,78.0,Male,494161.0,Employed,4,Graduate,General,,Rural,1
1963,34.0,Female,629897.0,Unemployed,10,Secondary,General,No,Urban,0
1964,27.0,Male,241634.0,Employed,4,Postgraduate,OBC,,Urban,0
1965,74.0,Male,664333.0,Employed,6,Secondary,OBC,,Rural,1
1966,72.0,Male,898333.0,Self-employed,4,,OBC,No,Rural,1
1967,66.0,Female,842135.0,Employed,9,Graduate,OBC,,Rural,0
1968,64.0,Male,798005.0,Self-employed,9,Secondary,OBC,No,Urban,1
1969,29.0,Male,375259.0,Unemployed,3,Postgraduate,OBC,No,Urban,0
1970,79.0,Male,269162.0,Employed,7,Graduate,OBC,No,Urban,0
1971,,Male,,Employed,5,Graduate,OBC,No,Rural,1
1972,41.0,Male,504926.0,Unemployed,9,Graduate,OBC,No,Urban,1
1973,36.0,Female,957764.0,Employed,2,Graduate,OBC,No,Rural,1
1974,25.0,Male,794700.0,Employed,3,Secondary,General,No,Rural,1
1975,48.0,Male,750800.0,Employed,10,Graduate,General,No,Rural,1
1976,38.0,Female,217995.0,Unemployed,5,Graduate,General,No,Urban,0
1977,34.0,Male,341946.0,Unemployed,5,Secondary,General,No,Urban,0
1978,40.0,Male,402475.0,,10,Graduate,SC,No,Rural,1
1979,54.0,Male,506120.0,Employed,7,Graduate,General,No,Urban,1
1980,71.0,Female,174786.0,Self-employed,8,,OBC,No,Rural,0
1981,33.0,Male,901601.0,Self-employed,8,Primary,OBC,No,Urban,1
1982,23.0,Female,642435.0,Employed,1,Secondary,OBC,No,Urban,1
1983,25.0,Male,,Employed,1,Primary,SC,No,Urban,1
1984,42.0,Female,918447.0,Self-employed,3,Graduate,General,No,Urban,1
1985,35.0,Male,780076.0,Self-employed,1,Postgraduate,General,No,Rural,0
1986,42.0,Female,59304.0,Unemployed,1,Primary,OBC,No,Urban,0
1987,29.0,Female,179851.0,Self-employed,10,Secondary,SC,,Rural,1
1988,32.0,Female,432873.0,Unemployed,8,Graduate,General,No,Rural,0
1989,76.0,Male,109622.0,Employed,1,Primary,OBC,No,Rural,1
1990,43.0,Male,366359.0,Unemployed,9,Primary,OBC,No,Rural,0
1991,58.0,Male,910405.0,Unemployed,2,Graduate,OBC,No,Rural,1
1992,62.0,Male,682942.0,Self-employed,9,Graduate,General,No,Urban,1
1993,43.0,Male,455737.0,Employed,7,Graduate,SC,No,Rural,1
1994,64.0,Female,299109.0,Employed,9,Graduate,General,No,Rural,1
1995,49.0,Male,336172.0,Unemployed,3,Secondary,General,,Urban,1
1996,27.0,Male,613616.0,Employed,1,Postgraduate,OBC,No,Urban,1
1997,33.0,Female,339445.0,Employed,1,Primary,OBC,No,Rural,1
1998,24.0,Female,350159.0,Self-employed,10,Secondary,SC,No,Urban,1
1999,34.0,Male,792636.0,Employed,6,Secondary,SC,,Rural,1
2000,40.0,Female,611133.0,Unemployed,7,Secondary,SC,,Rural,1
2001,43.0,Male,923250.0,Self-employed,9,Secondary,ST,Yes,Rural,0
2002,38.0,Female,650682.0,Employed,6,Graduate,OBC,No,Urban,1
2003,39.0,Female,225231.0,Self-employed,5,Graduate,ST,Yes,Rural,1
2004,75.0,Female,355858.0,Unemployed,2,Secondary,OBC,Yes,Rural,1
2005,24.0,Female,130722.0,Employed,2,Graduate,OBC,No,Urban,0
2006,31.0,Male,337374.0,Employed,8,Graduate,OBC,No,Urban,0
2007,32.0,Male,666842.0,Self-employed,1,Secondary,General,No,Rural,0
2008,70.0,Female,99262.0,Employed,8,Secondary,OBC,No,Rural,0
2009,24.0,Male,91722.0,Employed,10,Secondary,SC,No,Urban,0
2010,26.0,Female,899228.0,Employed,7,Secondary,ST,No,Urban,1
2011,68.0,Male,745519.0,Employed,7,Graduate,General,Yes,Rural,1
2012,65.0,Male,290740.0,Employed,5,Primary,OBC,No,Rural,0
2013,25.0,Male,661340.0,Self-employed,3,Secondary,General,,Urban,1
2014,67.0,Male,150808.0,Self-employed,7,Secondary,General,Yes,Urban,1
2015,76.0,Female,305416.0,Employed,7,Graduate,ST,No,Urban,0
2016,40.0,Female,312128.0,Employed,7,Primary,OBC,No,Urban,1
2017,46.0,Female,795569.0,Unemployed,2,Graduate,OBC,No,Rural,0
2018,35.0,Female,448455.0,Employed,3,Primary,SC,No,Urban,1
2019,48.0,Female,820340.0,Self-employed,3,Graduate,ST,No,Rural,1
2020,47.0,Female,928383.0,Self-employed,4,Postgraduate,OBC,No,Rural,1
2021,69.0,Male,363030.0,Self-employed,9,Graduate,General,,Urban,1
2022,56.0,Female,,Employed,10,Graduate,OBC,,Urban,0
2023,52.0,Male,470411.0,Employed,1,Graduate,OBC,No,Urban,1
2024,35.0,Male,154697.0,Employed,7,Graduate,SC,No,Rural,1
2025,76.0,Female,538075.0,Employed,7,Graduate,OBC,No,Urban,1
2026,59.0,Male,281572.0,Employed,4,Secondary,General,No,Urban,1
2027,56.0,Male,807130.0,Self-employed,1,Graduate,OBC,No,Rural,0
2028,34.0,Male,670587.0,Self-employed,3,Postgraduate,General,Yes,Urban,1
2029,31.0,Male,740034.0,Self-employed,5,Secondary,OBC,No,Rural,0
2030,48.0,Female,199177.0,Self-employed,2,Postgraduate,General,No,Rural,1
2031,41.0,Male,210811.0,Employed,7,Graduate,ST,No,Urban,1
2032,,Male,556957.0,Unemployed,10,Graduate,General,No,Urban,1
2033,61.0,Male,213041.0,Employed,10,Graduate,General,No,Urban,1
2034,77.0,Male,588785.0,Employed,7,Graduate,General,No,Urban,0
2035,62.0,Female,,Employed,10,Secondary,ST,Yes,Rural,0
2036,51.0,Male,828492.0,Unemployed,5,,OBC,No,Rural,1
2037,20.0,Female,955347.0,Unemployed,10,Graduate,OBC,,Rural,1
2038,54.0,Female,307471.0,Employed,6,Postgraduate,General,No,Urban,0
2039,60.0,Female,142019.0,Employed,1,Graduate,OBC,No,Rural,1
2040,57.0,Female,764614.0,Employed,4,Secondary,General,No,Rural,1
2041,43.0,Female,159017.0,Employed,4,Secondary,OBC,No,Urban,0
2042,72.0,Male,905817.0,Employed,8,Postgraduate,OBC,No,Rural,0
2043,40.0,Male,268220.0,Unemployed,2,Primary,SC,Yes,Rural,0
2044,61.0,Male,155153.0,Self-employed,1,Graduate,ST,No,Rural,0
2045,56.0,Female,608114.0,Employed,7,Secondary,SC,,Rural,1
2046,32.0,Male,684322.0,Unemployed,6,Secondary,SC,No,Rural,0
2047,73.0,Male,658530.0,Employed,5,Secondary,SC,No,Urban,0
2048,66.0,Male,959498.0,Self-employed,8,Secondary,General,No,Rural,1
2049,21.0,Male,624388.0,Employed,2,Graduate,OBC,,Urban,1
2050,46.0,Male,795459.0,Self-employed,2,Secondary,General,No,Rural,1
2051,39.0,Other,961602.0,Self-employed,9,Secondary,OBC,No,Rural,0
2052,42.0,Male,,Self-employed,1,Graduate,General,No,Urban,1
2053,30.0,Female,408349.0,Employed,6,Postgraduate,OBC,,Rural,0
2054,35.0,Female,,Unemployed,3,Graduate,SC,No,Rural,0
2055,50.0,Male,638738.0,Employed,5,Primary,OBC,No,Rural,0
2056,33.0,Male,350572.0,Employed,8,Primary,OBC,No,Rural,1
2057,62.0,Male,909222.0,Employed,7,Graduate,OBC,No,Urban,1
2058,59.0,Male,161126.0,Self-employed,4,Postgraduate,General,No,Rural,1
2059,61.0,Female,402465.0,Self-employed,8,Secondary,General,,Rural,0
2060,79.0,Male,838525.0,Employed,10,Secondary,OBC,,Rural,0
2061,19.0,Male,618786.0,Employed,2,Graduate,General,,Rural,0
2062,72.0,Female,690539.0,Self-employed,7,Graduate,OBC,No,Rural,0
2063,52.0,Female,615273.0,Employed,5,Graduate,SC,No,Rural,1
2064,59.0,Female,868441.0,Employed,6,Secondary,OBC,No,Rural,0
2065,,Female,440659.0,Employed,3,Secondary,General,No,Rural,0
2066,47.0,Female,67718.0,Unemployed,10,Secondary,OBC,No,Rural,1
2067,76.0,Male,328849.0,Employed,7,Secondary,General,No,Rural,0
2068,72.0,Female,399762.0,Unemployed,7,Postgraduate,SC,No,Urban,0
2069,30.0,Male,112598.0,Employed,2,Primary,General,No,Rural,0
2070,30.0,Female,914310.0,Employed,1,Graduate,General,No,Rural,1
2071,35.0,Female,324383.0,Employed,10,Graduate,General,No,Rural,0
2072,49.0,Male,883054.0,Employed,2,Secondary,OBC,No,Urban,1
2073,49.0,Female,,Employed,8,Postgraduate,OBC,No,Urban,1
2074,52.0,Female,868706.0,Employed,10,Graduate,OBC,No,Urban,0
2075,76.0,Male,978923.0,Self-employed,3,Postgraduate,OBC,,Rural,0
2076,56.0,Female,944800.0,Employed,4,Secondary,General,No,Rural,1
2077,63.0,Male,196075.0,Unemployed,8,Primary,SC,No,Urban,1
2078,69.0,Female,736226.0,Self-employed,3,Secondary,OBC,No,Rural,0
2079,46.0,Female,203060.0,Self-employed,6,Secondary,SC,No,Rural,0
2080,79.0,Female,499110.0,Self-employed,2,Graduate,OBC,,Rural,0
2081,66.0,Female,944995.0,Employed,3,Postgraduate,General,No,Rural,1
2082,46.0,Female,565340.0,Employed,1,Secondary,SC,No,Rural,0
2083,79.0,Female,271516.0,Self-employed,9,Postgraduate,General,No,Rural,1
2084,70.0,Male,711034.0,Self-employed,4,Graduate,SC,No,Urban,1
2085,61.0,Female,775898.0,Self-employed,6,Graduate,OBC,No,Rural,0
2086,74.0,Male,405247.0,Unemployed,7,Secondary,OBC,No,Rural,0
2087,33.0,Female,116446.0,Unemployed,2,Secondary,ST,No,Urban,1
2088,73.0,Male,603360.0,Employed,8,Postgraduate,SC,No,Rural,1
2089,61.0,Male,83717.0,Unemployed,9,Secondary,General,No,Urban,1
2090,64.0,Female,,Employed,10,Graduate,OBC,No,Urban,1
2091,74.0,Male,207723.0,Employed,2,Graduate,SC,No,Rural,0
2092,27.0,Male,429346.0,Employed,5,Postgraduate,General,No,Rural,0
2093,47.0,Male,434533.0,Employed,2,Graduate,ST,No,Urban,0
2094,42.0,Male,159525.0,Employed,5,Secondary,General,,Rural,0
2095,80.0,Male,506566.0,Self-employed,7,Graduate,OBC,No,Rural,1
2096,56.0,Male,263092.0,Self-employed,6,Primary,SC,No,Rural,1
2097,37.0,Male,54646.0,Unemployed,4,Graduate,SC,,Urban,0
2098,22.0,Male,351857.0,Employed,2,Primary,OBC,No,Urban,1
2099,18.0,Female,380080.0,Self-employed,7,Graduate,SC,No,Rural,0
2100,47.0,Male,225403.0,Employed,10,Secondary,SC,No,Rural,0
2101,66.0,Female,,Unemployed,9,Postgraduate,General,No,Rural,0
2102,20.0,Female,396407.0,Employed,1,Graduate,OBC,Yes,Rural,1
2103,62.0,Male,804016.0,Employed,3,Postgraduate,OBC,,Rural,1
2104,31.0,Female,626395.0,Employed,7,Primary,OBC,No,Rural,0
2105,73.0,Female,819153.0,Unemployed,9,Graduate,OBC,No,Urban,1
2106,47.0,Other,509770.0,Employed,5,Secondary,OBC,No,Rural,0
2107,67.0,Female,853995.0,Employed,7,Graduate,OBC,No,Urban,0
2108,21.0,Male,645017.0,Employed,10,Postgraduate,General,No,Rural,1
2109,35.0,Female,327845.0,Employed,7,Postgraduate,OBC,No,Rural,0
2110,79.0,Female,250144.0,Unemployed,4,Secondary,OBC,No,Urban,0
2111,54.0,Female,789782.0,Employed,5,Postgraduate,SC,No,Rural,0
2112,42.0,Male,545339.0,Employed,2,Graduate,SC,No,Rural,0
2113,65.0,Female,826903.0,Employed,8,Postgraduate,SC,No,Rural,1
2114,18.0,Female,702619.0,Employed,1,Graduate,OBC,No,Urban,1
2115,70.0,Male,734770.0,Employed,2,Postgraduate,OBC,No,Rural,1
2116,63.0,Male,149280.0,Unemployed,3,Postgraduate,SC,No,Rural,0
2117,32.0,Male,764075.0,Employed,7,Secondary,General,No,Urban,1
2118,26.0,Female,88665.0,Employed,6,Secondary,OBC,No,Rural,0
2119,32.0,Female,328101.0,Employed,7,Secondary,General,No,Rural,1
2120,66.0,Female,882440.0,Employed,5,Graduate,OBC,No,Rural,1
2121,74.0,Male,898352.0,Employed,4,Graduate,General,No,Rural,0
2122,41.0,Female,833573.0,Employed,7,Graduate,General,No,Rural,0
2123,21.0,Male,738235.0,Employed,3,Graduate,General,No,Rural,1
2124,29.0,Male,163828.0,Employed,10,Secondary,OBC,,Rural,0
2125,76.0,Female,960284.0,Self-employed,7,Secondary,OBC,No,Urban,0
2126,75.0,Other,706986.0,Unemployed,2,Secondary,OBC,No,Rural,0
2127,54.0,Female,140815.0,Unemployed,8,Graduate,OBC,No,Rural,1
2128,78.0,Female,244894.0,Employed,6,Secondary,ST,No,Urban,0
2129,54.0,Male,777773.0,Unemployed,3,Secondary,OBC,No,Rural,1
2130,60.0,Male,214714.0,Self-employed,3,Graduate,ST,No,Rural,0
2131,77.0,Female,874743.0,Unemployed,5,Primary,ST,No,Urban,0
2132,23.0,Female,82356.0,Employed,3,Secondary,SC,No,Urban,0
2133,56.0,Male,315953.0,Employed,6,Secondary,OBC,No,Rural,1
2134,73.0,Male,871307.0,Employed,2,Postgraduate,ST,No,Urban,1
2135,80.0,Male,,Employed,8,Secondary,OBC,No,Urban,0
2136,63.0,Female,321609.0,Employed,9,Postgraduate,General,,Urban,1
2137,41.0,Male,771455.0,Self-employed,7,Secondary,OBC,No,Urban,0
2138,28.0,Male,385988.0,Unemployed,3,Postgraduate,General,No,Urban,1
2139,79.0,Male,246322.0,Employed,10,Graduate,SC,No,Urban,0
2140,30.0,Male,923321.0,Employed,4,Graduate,General,No,Urban,0
2141,51.0,Female,589538.0,Employed,10,,ST,No,Rural,1
2142,42.0,Male,96023.0,Employed,2,Graduate,General,No,Urban,0
2143,24.0,Female,675638.0,Employed,9,,ST,,Rural,1
2144,69.0,Female,227696.0,Employed,5,Graduate,General,No,Urban,1
2145,21.0,Female,590715.0,Employed,2,Graduate,SC,,Urban,1
2146,76.0,Male,476492.0,Self-employed,10,Graduate,OBC,,Rural,1
2147,25.0,Other,908075.0,Employed,6,Postgraduate,ST,No,Rural,1
2148,37.0,Female,260084.0,Employed,7,Graduate,OBC,No,Urban,0
2149,46.0,Other,184511.0,Employed,2,Secondary,OBC,No,Rural,1
2150,80.0,Female,529064.0,Employed,1,Graduate,General,No,Rural,1
2151,71.0,Male,792691.0,Employed,7,Postgraduate,OBC,No,Rural,1
2152,70.0,Male,128672.0,Unemployed,1,Graduate,OBC,,Rural,1
2153,68.0,Male,522919.0,Employed,3,Postgraduate,SC,No,Urban,1
2154,62.0,Female,67300.0,Employed,4,Secondary,OBC,No,Rural,0
2155,63.0,Male,372433.0,Self-employed,2,Secondary,SC,,Urban,0
2156,27.0,Male,460398.0,Employed,7,Graduate,General,No,Urban,0
2157,60.0,Male,513723.0,Employed,5,Secondary,ST,,Urban,1
2158,51.0,Male,494128.0,Employed,1,Secondary,OBC,No,Urban,0
2159,74.0,Male,994413.0,Unemployed,8,Graduate,OBC,,Rural,1
2160,43.0,Male,69659.0,Employed,10,Secondary,OBC,No,Rural,1
2161,58.0,Male,736763.0,Employed,7,Secondary,OBC,No,Rural,1
2162,66.0,Male,295259.0,Unemployed,4,Secondary,ST,Yes,Urban,1
2163,,Male,476802.0,Employed,2,Graduate,SC,No,Rural,0
2164,20.0,Male,60360.0,Employed,7,Secondary,General,No,Urban,0
2165,73.0,Female,857856.0,Employed,2,Secondary,OBC,,Rural,1
2166,23.0,Female,672323.0,Unemployed,6,Graduate,General,No,Rural,1
2167,22.0,Male,553447.0,Self-employed,1,Primary,OBC,No,Rural,1
2168,22.0,Male,98791.0,Self-employed,7,Postgraduate,OBC,No,Rural,1
2169,71.0,Female,446281.0,Self-employed,7,Secondary,SC,No,Urban,0
2170,64.0,Female,774155.0,Unemployed,4,Postgraduate,OBC,No,Urban,1
2171,40.0,Female,558810.0,Unemployed,4,Graduate,OBC,No,Urban,0
2172,66.0,Female,324444.0,Unemployed,10,Postgraduate,OBC,No,Urban,1
2173,26.0,Male,607658.0,Employed,5,Secondary,General,No,Rural,0
2174,52.0,Male,775191.0,Employed,2,Secondary,SC,Yes,Rural,0
2175,37.0,Male,77209.0,Employed,9,Graduate,General,No,Rural,1
2176,75.0,Female,551503.0,Employed,10,Secondary,OBC,No,Rural,1
2177,66.0,Female,333071.0,Unemployed,4,Graduate,ST,No,Rural,1
2178,78.0,Female,608867.0,Employed,9,,ST,No,Rural,1
2179,,Male,553623.0,Employed,3,Graduate,OBC,No,Urban,0
2180,59.0,Female,845464.0,Employed,9,Postgraduate,OBC,No,Rural,0
2181,52.0,Male,667542.0,Self-employed,1,Postgraduate,ST,No,Rural,1
2182,67.0,Male,914845.0,Unemployed,7,Secondary,OBC,No,Rural,1
2183,35.0,Male,687816.0,Employed,4,Secondary,SC,,Rural,1
2184,79.0,Female,797562.0,Employed,7,Postgraduate,OBC,No,Rural,0
2185,34.0,Male,436060.0,Employed,10,Postgraduate,ST,No,Rural,0
2186,41.0,Female,812580.0,Employed,6,Primary,General,No,Urban,1
2187,20.0,Male,908734.0,Employed,4,Graduate,SC,No,Rural,0
2188,49.0,Female,755314.0,Unemployed,4,Secondary,General,Yes,Urban,0
2189,52.0,Female,,Employed,8,Postgraduate,SC,No,Urban,0
2190,55.0,Male,793725.0,Employed,7,Secondary,OBC,No,Rural,1
2191,30.0,Female,922189.0,Employed,4,Graduate,SC,No,Urban,0
2192,73.0,Female,,Employed,6,Graduate,ST,No,Rural,1
2193,78.0,Female,,Employed,6,,General,No,Rural,1
2194,64.0,Female,862146.0,Employed,1,Graduate,OBC,No,Rural,0
2195,42.0,Female,107803.0,Employed,2,Secondary,SC,No,Urban,0
2196,26.0,Male,482959.0,Self-employed,4,Graduate,SC,No,Rural,0
2197,21.0,Female,183624.0,Employed,6,Postgraduate,ST,No,Rural,0
2198,31.0,Male,630915.0,Employed,6,Graduate,General,No,Rural,0
2199,,Male,751347.0,Employed,1,Graduate,General,No,Urban,1
2200,51.0,Male,391954.0,Unemployed,8,Graduate,OBC,No,Rural,0
2201,28.0,Female,95380.0,Employed,2,Secondary,OBC,No,Rural,0
2202,58.0,Female,210322.0,Unemployed,5,Graduate,General,No,Rural,1
2203,73.0,Male,773704.0,Self-employed,4,Secondary,OBC,No,Rural,1
2204,20.0,Female,901118.0,Employed,5,Graduate,General,No,Urban,0
2205,76.0,Female,552610.0,Unemployed,5,Postgraduate,OBC,No,Rural,1
2206,45.0,Male,432465.0,Self-employed,10,Primary,ST,No,Urban,0
2207,46.0,Male,569339.0,Employed,8,Graduate,General,No,Urban,0
2208,26.0,Female,881460.0,Unemployed,10,Secondary,OBC,No,Rural,1
2209,20.0,Male,,Employed,7,Secondary,OBC,No,Rural,1
2210,42.0,Female,949573.0,Employed,9,Graduate,SC,,Urban,1
2211,51.0,Male,891680.0,Unemployed,1,Graduate,OBC,No,Rural,0
2212,,Male,322667.0,Unemployed,6,Secondary,OBC,,Rural,1
2213,59.0,Female,357674.0,Self-employed,6,Graduate,OBC,No,Urban,0
2214,26.0,Female,833413.0,Employed,2,Graduate,OBC,No,Rural,0
2215,32.0,Female,588057.0,Employed,8,Secondary,OBC,No,Urban,1
2216,57.0,Female,162035.0,Employed,6,Graduate,OBC,No,Urban,0
2217,42.0,Female,225717.0,Employed,10,Secondary,General,No,Rural,0
2218,22.0,Female,796103.0,Employed,9,Graduate,General,No,Rural,0
2219,28.0,Male,505358.0,Employed,10,Secondary,OBC,No,Urban,1
2220,76.0,Female,806120.0,Employed,5,Secondary,OBC,No,Rural,0
2221,51.0,Male,730917.0,Employed,7,Primary,OBC,No,Rural,1
2222,41.0,Female,809087.0,Employed,6,Secondary,General,No,Urban,1
2223,77.0,Male,391926.0,Self-employed,5,Postgraduate,OBC,No,Rural,1
2224,32.0,Female,390526.0,Unemployed,6,Secondary,General,,Urban,0
2225,55.0,Male,218157.0,Employed,4,Primary,ST,No,Rural,1
2226,25.0,Female,494573.0,Self-employed,3,Postgraduate,SC,No,Rural,0
2227,76.0,Female,,Unemployed,1,Graduate,SC,No,Rural,1
2228,22.0,Male,194542.0,Self-employed,1,Secondary,OBC,No,Urban,1
2229,65.0,Female,915144.0,Employed,6,Postgraduate,OBC,,Urban,0
2230,43.0,Male,692931.0,Employed,9,Secondary,ST,No,Rural,1
2231,35.0,Female,419561.0,Self-employed,8,Graduate,OBC,No,Rural,1
2232,23.0,Female,260154.0,Employed,2,Primary,SC,No,Rural,0
2233,54.0,Male,712165.0,Self-employed,9,Graduate,ST,No,Rural,1
2234,77.0,Female,263396.0,Self-employed,8,Graduate,OBC,No,Rural,1
2235,65.0,Male,964688.0,Self-employed,9,Secondary,General,No,Urban,1
2236,30.0,Male,800244.0,Employed,4,Graduate,OBC,No,Urban,0
2237,45.0,Female,231844.0,Employed,9,Graduate,General,No,Urban,1
2238,22.0,Male,572797.0,,2,Graduate,OBC,No,Rural,1
2239,30.0,Other,675710.0,Self-employed,1,Postgraduate,ST,No,Urban,0
2240,34.0,Female,401444.0,Employed,9,Graduate,SC,No,Urban,1
2241,67.0,Male,,Employed,10,Graduate,General,No,Rural,0
2242,57.0,Female,960906.0,Employed,8,Graduate,OBC,No,Urban,0
2243,62.0,Male,411013.0,Employed,7,Graduate,OBC,No,Rural,1
2244,49.0,Male,852133.0,Employed,8,Secondary,General,No,Rural,1
2245,79.0,Male,195931.0,Employed,1,Graduate,ST,No,Rural,1
2246,46.0,Male,464399.0,,9,Graduate,OBC,No,Rural,0
2247,68.0,Male,933717.0,Employed,10,Postgraduate,OBC,,Rural,0
2248,75.0,Male,691844.0,Self-employed,9,Graduate,General,,Urban,1
2249,20.0,Other,278495.0,Unemployed,9,Secondary,OBC,Yes,Urban,1
2250,73.0,Female,304809.0,Unemployed,6,Graduate,General,Yes,Urban,1
2251,57.0,Female,779672.0,Unemployed,4,Graduate,OBC,No,Rural,0
2252,51.0,Female,65021.0,Employed,2,Postgraduate,General,No,Rural,1
2253,57.0,Female,775223.0,Employed,4,Graduate,OBC,No,Rural,1
2254,,Male,498781.0,Unemployed,7,Postgraduate,ST,No,Rural,0
2255,30.0,Female,491259.0,Employed,1,Secondary,OBC,No,Urban,0
2256,62.0,Other,778510.0,Employed,9,Graduate,General,No,Rural,1
2257,50.0,Male,114361.0,Employed,3,Graduate,OBC,No,Rural,0
2258,23.0,Female,968749.0,Unemployed,4,Secondary,ST,No,Urban,0
2259,41.0,Female,846787.0,Employed,5,Secondary,SC,No,Rural,0
2260,36.0,Female,148841.0,Employed,3,Graduate,ST,,Rural,0
2261,33.0,Female,754364.0,Employed,4,Graduate,General,No,Urban,0
2262,57.0,Male,296300.0,Self-employed,5,Postgraduate,SC,No,Urban,0
2263,45.0,Male,210786.0,Employed,1,Postgraduate,OBC,No,Rural,0
2264,50.0,Male,,Unemployed,9,Secondary,OBC,No,Rural,1
2265,76.0,Female,379095.0,Employed,10,Postgraduate,General,No,Rural,0
2266,76.0,Male,969156.0,Unemployed,10,Primary,General,,Rural,0
2267,65.0,Female,486841.0,Employed,4,Graduate,General,,Rural,0
2268,58.0,Male,,Unemployed,9,Secondary,OBC,No,Rural,1
2269,30.0,Male,529198.0,Employed,4,Secondary,General,,Urban,0
2270,60.0,Male,593028.0,Employed,1,Postgraduate,ST,No,Rural,0
2271,62.0,Female,315954.0,Unemployed,5,Secondary,OBC,No,Urban,0
2272,42.0,Male,960175.0,Unemployed,9,Graduate,General,No,Rural,1
2273,,Male,984073.0,Unemployed,3,Secondary,OBC,No,Urban,1
2274,59.0,Female,308308.0,Self-employed,5,Primary,General,No,Urban,0
2275,53.0,Male,149855.0,Employed,3,Secondary,OBC,No,Urban,1
2276,80.0,Male,784480.0,Self-employed,3,Graduate,OBC,No,Urban,0
2277,44.0,Female,863215.0,Employed,1,Secondary,OBC,No,Urban,0
2278,55.0,Female,171701.0,Unemployed,2,Secondary,OBC,No,Urban,1
2279,77.0,Male,542281.0,Employed,2,Graduate,SC,No,Urban,0
2280,24.0,Female,390191.0,Employed,9,Secondary,SC,No,Rural,1
2281,22.0,Other,845903.0,Employed,7,Graduate,General,No,Rural,0
2282,60.0,Female,160771.0,Employed,8,,General,No,Rural,1
2283,62.0,Female,56163.0,Employed,2,Secondary,SC,No,Urban,0
2284,75.0,Female,898503.0,Employed,9,Graduate,OBC,No,Rural,0
2285,74.0,Female,66065.0,Employed,3,Graduate,OBC,,Rural,1
2286,68.0,Female,434467.0,Employed,10,Graduate,OBC,No,Rural,1
2287,48.0,Male,815550.0,Employed,2,Graduate,OBC,No,Rural,0
2288,40.0,Female,954401.0,Employed,1,Postgraduate,OBC,No,Urban,1
2289,59.0,Female,395600.0,Employed,9,Primary,OBC,No,Rural,1
2290,27.0,Male,547721.0,Employed,8,Postgraduate,General,No,Urban,1
2291,49.0,Male,298924.0,Self-employed,4,Postgraduate,OBC,,Urban,0
2292,60.0,Female,753708.0,Self-employed,7,Postgraduate,OBC,No,Rural,1
2293,70.0,Female,855586.0,Employed,3,Graduate,OBC,No,Urban,1
2294,47.0,Male,942135.0,Unemployed,3,Postgraduate,OBC,No,Rural,0
2295,56.0,Female,594517.0,,4,Secondary,OBC,No,Rural,0
2296,48.0,Male,364731.0,Employed,2,Graduate,OBC,No,Rural,0
2297,35.0,Male,824758.0,Unemployed,10,Secondary,OBC,No,Urban,1
2298,53.0,Female,361857.0,Employed,4,Graduate,OBC,No,Urban,1
2299,19.0,Male,732357.0,Employed,10,Graduate,OBC,No,Urban,0
2300,,Male,595389.0,Employed,3,Primary,OBC,No,Urban,0
2301,30.0,Female,614679.0,Employed,8,Postgraduate,General,No,Rural,1
2302,46.0,Male,256935.0,Unemployed,2,Graduate,OBC,No,Rural,1
2303,29.0,Male,122723.0,Employed,9,Graduate,OBC,No,Urban,0
2304,56.0,Other,276293.0,Employed,3,Secondary,General,No,Urban,0
2305,19.0,Female,240477.0,Employed,4,Postgraduate,ST,No,Rural,1
2306,49.0,Female,216020.0,Unemployed,10,Graduate,SC,No,Urban,0
2307,30.0,Female,936696.0,Self-employed,10,Graduate,OBC,No,Rural,0
2308,63.0,Male,350065.0,Unemployed,3,Graduate,SC,No,Rural,1
2309,44.0,Female,515787.0,Employed,3,Graduate,OBC,No,Rural,1
2310,66.0,Female,520223.0,Employed,8,Graduate,ST,No,Rural,1
2311,58.0,Female,864892.0,Employed,8,Secondary,General,Yes,Urban,0
2312,34.0,Female,561174.0,Employed,6,Secondary,OBC,No,Urban,1
2313,57.0,Female,464287.0,Employed,4,Graduate,OBC,No,Rural,0
2314,48.0,Male,771478.0,Employed,1,Postgraduate,OBC,,Urban,0
2315,51.0,Male,,Employed,4,Graduate,OBC,No,Urban,0
2316,77.0,Female,666013.0,Self-employed,8,Secondary,SC,No,Urban,0
2317,41.0,Female,370589.0,Unemployed,6,Secondary,General,No,Rural,1
2318,62.0,Female,786427.0,Employed,2,Graduate,SC,No,Urban,0
2319,52.0,Male,394352.0,Employed,3,Postgraduate,SC,No,Rural,0
2320,65.0,Female,498032.0,Employed,7,Primary,SC,No,Rural,0
2321,23.0,Female,,Unemployed,4,Graduate,ST,,Urban,1
2322,36.0,Female,135779.0,Unemployed,4,Secondary,General,No,Rural,1
2323,47.0,Female,53060.0,Self-employed,5,Secondary,OBC,Yes,Rural,0
2324,24.0,Female,700094.0,Employed,8,Primary,OBC,No,Rural,1
2325,27.0,Female,325875.0,Self-employed,7,Postgraduate,General,No,Rural,1
2326,58.0,Female,389974.0,Employed,9,Postgraduate,ST,Yes,Rural,0
2327,49.0,Female,690159.0,Self-employed,5,,OBC,No,Rural,1
2328,51.0,Female,595007.0,Unemployed,1,Graduate,General,No,Urban,1
2329,80.0,Female,,Unemployed,4,Secondary,General,No,Rural,1
2330,45.0,Female,564583.0,Employed,6,Graduate,SC,No,Rural,1
2331,77.0,Female,600613.0,Unemployed,6,Graduate,OBC,,Urban,1
2332,32.0,Female,990101.0,Employed,9,Secondary,ST,No,Rural,0
2333,47.0,Male,64551.0,Employed,10,Secondary,OBC,No,Urban,1
2334,54.0,Male,405431.0,Employed,5,Graduate,OBC,No,Rural,0
2335,,Other,336422.0,Employed,5,Graduate,General,No,Rural,0
2336,39.0,Female,534405.0,Employed,6,Primary,SC,No,Urban,0
2337,21.0,Female,65141.0,Employed,6,Graduate,SC,,Rural,0
2338,37.0,Female,380057.0,Employed,3,Graduate,SC,No,Urban,1
2339,49.0,Female,870047.0,Employed,6,Graduate,ST,No,Rural,1
2340,53.0,Female,696346.0,Employed,8,Graduate,SC,No,Rural,1
2341,67.0,Female,768111.0,Employed,6,Graduate,General,No,Urban,0
2342,21.0,Female,686972.0,Employed,5,Graduate,OBC,,Rural,1
2343,44.0,Male,339596.0,Employed,3,Graduate,SC,No,Urban,1
2344,34.0,Male,465941.0,Employed,1,Postgraduate,OBC,,Rural,0
2345,29.0,Male,624679.0,Self-employed,5,Secondary,General,No,Rural,0
2346,39.0,Male,694576.0,Employed,6,Graduate,General,No,Urban,0
2347,34.0,Female,780420.0,Unemployed,6,Secondary,General,No,Urban,1
2348,27.0,Male,163535.0,Employed,6,Secondary,SC,No,Rural,1
2349,71.0,Male,192770.0,Self-employed,3,Graduate,General,No,Urban,1
2350,18.0,Male,289947.0,Employed,4,Postgraduate,OBC,Yes,Rural,0
2351,,Male,660999.0,Employed,3,Secondary,OBC,No,Urban,0
2352,43.0,Female,,Employed,2,Postgraduate,General,No,Rural,1
2353,73.0,Female,946165.0,Employed,8,Secondary,General,No,Rural,0
2354,76.0,Female,314509.0,Unemployed,7,Secondary,General,No,Rural,0
2355,35.0,Male,802913.0,Employed,8,Secondary,SC,No,Urban,0
2356,67.0,Male,934094.0,Employed,6,Graduate,OBC,No,Rural,1
2357,,Male,617660.0,Self-employed,7,Graduate,General,No,Rural,0
2358,64.0,Female,,Employed,1,Graduate,OBC,No,Urban,0
2359,46.0,Male,874255.0,Employed,10,Graduate,SC,No,Rural,1
2360,29.0,Female,,Employed,5,Graduate,General,No,Rural,0
2361,53.0,Male,932508.0,Employed,4,Graduate,SC,No,Urban,1
2362,76.0,Female,811447.0,Self-employed,10,Secondary,General,No,Rural,0
2363,52.0,Male,183021.0,Self-employed,3,Postgraduate,General,No,Rural,1
2364,69.0,Male,623684.0,Self-employed,2,Graduate,OBC,No,Urban,1
2365,78.0,Female,420480.0,Self-employed,9,Secondary,OBC,No,Rural,1
2366,29.0,Male,81912.0,Employed,8,Secondary,OBC,No,Rural,1
2367,24.0,Male,106947.0,Employed,10,Graduate,General,No,Rural,0
2368,46.0,Female,563676.0,Employed,2,Secondary,OBC,No,Rural,0
2369,28.0,Female,540913.0,Unemployed,6,Graduate,OBC,,Rural,0
2370,50.0,Female,94387.0,Self-employed,3,Secondary,OBC,Yes,Rural,0
2371,23.0,Male,328652.0,Employed,3,Graduate,OBC,No,Rural,1
2372,64.0,Male,357736.0,Employed,5,Secondary,OBC,,Urban,0
2373,32.0,Male,683537.0,Self-employed,7,Postgraduate,General,No,Urban,0
2374,49.0,Male,51919.0,Employed,7,Postgraduate,General,No,Urban,0
2375,68.0,Female,879027.0,Self-employed,10,Postgraduate,SC,No,Urban,1
2376,28.0,Female,190689.0,Employed,1,Secondary,SC,No,Rural,0
2377,75.0,Male,518484.0,Employed,7,Graduate,OBC,No,Rural,1
2378,40.0,Female,83298.0,Employed,7,Graduate,OBC,,Urban,0
2379,43.0,Male,287225.0,Unemployed,6,Graduate,OBC,No,Urban,1
2380,51.0,Female,974433.0,Employed,6,Secondary,General,No,Urban,1
2381,63.0,Male,,Employed,2,Graduate,SC,No,Rural,0
2382,51.0,Male,326600.0,Self-employed,3,Postgraduate,SC,No,Urban,1
2383,46.0,Female,159599.0,Unemployed,3,Secondary,SC,No,Rural,1
2384,21.0,Female,923108.0,Unemployed,3,Secondary,General,No,Urban,1
2385,34.0,Female,133721.0,Employed,2,Secondary,SC,No,Rural,0
2386,52.0,Male,874356.0,Self-employed,9,Secondary,OBC,No,Rural,0
2387,30.0,Male,860672.0,Employed,6,Graduate,OBC,No,Rural,1
2388,58.0,Female,399525.0,Employed,2,Graduate,OBC,No,Rural,1
2389,56.0,Male,321372.0,Employed,3,Secondary,SC,No,Rural,0
2390,32.0,Female,858118.0,Employed,10,Graduate,OBC,No,Rural,1
2391,72.0,Male,586208.0,,6,Graduate,OBC,No,Rural,1
2392,46.0,Female,581720.0,Employed,4,Secondary,General,No,Rural,0
2393,,Female,506791.0,Employed,7,Graduate,General,No,Urban,0
2394,28.0,Male,684795.0,Self-employed,6,Secondary,OBC,No,Rural,1
2395,,Female,442653.0,Unemployed,6,Graduate,General,Yes,Rural,1
2396,49.0,Female,383869.0,Unemployed,3,Secondary,SC,No,Rural,0
2397,19.0,Male,798935.0,Employed,8,Graduate,General,No,Rural,1
2398,64.0,Female,739270.0,Unemployed,9,Secondary,OBC,,Urban,1
2399,31.0,Female,696052.0,Employed,6,Postgraduate,OBC,No,Rural,0
2400,37.0,Male,211298.0,Self-employed,2,Graduate,SC,No,Rural,0
2401,39.0,Male,254222.0,Employed,1,,OBC,No,Rural,0
2402,28.0,Male,371243.0,Unemployed,3,Graduate,SC,No,Rural,1
2403,44.0,Female,162557.0,Employed,3,Secondary,OBC,No,Rural,0
2404,20.0,Female,923192.0,Employed,8,Graduate,ST,No,Rural,0
2405,34.0,Female,592301.0,Employed,5,Secondary,General,No,Rural,1
2406,79.0,Other,595734.0,Employed,1,Graduate,OBC,No,Urban,0
2407,,Female,,Employed,4,Primary,General,No,Urban,1
2408,73.0,Female,,Unemployed,7,Secondary,General,No,Rural,1
2409,45.0,Male,775735.0,Employed,5,Secondary,SC,No,Urban,0
2410,46.0,Female,676549.0,Unemployed,10,Secondary,SC,No,Rural,0
2411,38.0,Male,932171.0,Employed,6,Graduate,OBC,No,Rural,0
2412,64.0,Female,312701.0,Employed,10,Primary,General,Yes,Rural,0
2413,33.0,Male,998170.0,Unemployed,4,Postgraduate,OBC,No,Rural,1
2414,54.0,Male,742749.0,Unemployed,2,Graduate,General,No,Rural,1
2415,76.0,Male,753060.0,Employed,9,Secondary,General,No,Urban,1
2416,37.0,Male,180878.0,Employed,2,Graduate,General,No,Rural,1
2417,23.0,Female,673431.0,Unemployed,2,Graduate,OBC,No,Rural,0
2418,36.0,Male,598866.0,Employed,2,Graduate,OBC,No,Urban,0
2419,74.0,Female,649067.0,Employed,1,Graduate,General,No,Rural,0
2420,22.0,Female,714956.0,Unemployed,3,Primary,General,No,Rural,0
2421,20.0,Female,893932.0,Employed,6,Secondary,OBC,No,Rural,0
2422,76.0,Male,646822.0,Employed,7,Graduate,OBC,No,Urban,0
2423,18.0,Male,846561.0,Self-employed,1,Postgraduate,OBC,,Rural,1
2424,75.0,Female,506610.0,Unemployed,5,Postgraduate,OBC,No,Rural,0
2425,77.0,Female,247118.0,Employed,5,Secondary,General,,Urban,1
2426,55.0,Male,,Employed,1,Graduate,OBC,No,Rural,0
2427,32.0,Male,639643.0,Employed,4,Postgraduate,ST,No,Rural,0
2428,51.0,Male,587262.0,Self-employed,10,Primary,ST,No,Urban,0
2429,78.0,Female,247745.0,Unemployed,1,Graduate,General,No,Rural,0
2430,52.0,Male,948436.0,Employed,1,Graduate,OBC,No,Urban,0
2431,66.0,Female,301366.0,Employed,7,Graduate,OBC,,Urban,0
2432,42.0,Female,438938.0,Employed,7,Graduate,SC,No,Rural,0
2433,41.0,Male,536649.0,Employed,3,Postgraduate,OBC,No,Urban,0
2434,29.0,Other,906634.0,Unemployed,7,Secondary,SC,No,Urban,1
2435,,Female,,Employed,3,Graduate,OBC,No,Urban,0
2436,32.0,Female,727178.0,Employed,2,Secondary,OBC,No,Rural,1
2437,61.0,Female,629886.0,Employed,10,Graduate,OBC,No,Rural,0
2438,33.0,Female,183726.0,Employed,4,Postgraduate,General,No,Rural,0
2439,44.0,Female,608046.0,Employed,10,Graduate,SC,No,Rural,1
2440,25.0,Male,860636.0,Employed,3,Secondary,ST,No,Rural,1
2441,77.0,Male,177309.0,Unemployed,7,Graduate,SC,No,Urban,0
2442,63.0,Male,740288.0,Self-employed,1,Primary,SC,No,Urban,0
2443,42.0,Male,563644.0,Self-employed,6,Secondary,SC,No,Rural,1
2444,34.0,Male,234681.0,Employed,2,Graduate,General,No,Urban,0
2445,46.0,Male,604840.0,Unemployed,8,Graduate,OBC,No,Rural,1
2446,70.0,Male,453552.0,Self-employed,5,Graduate,General,,Urban,1
2447,25.0,Female,359181.0,Employed,3,Graduate,SC,No,Urban,0
2448,32.0,Female,,Employed,10,Secondary,OBC,No,Rural,0
2449,44.0,Female,,Employed,7,Primary,General,,Rural,0
2450,63.0,Female,,,2,Graduate,SC,No,Urban,0
2451,67.0,Female,68361.0,Unemployed,5,Postgraduate,OBC,No,Rural,1
2452,,Female,877767.0,Employed,8,Postgraduate,General,No,Rural,1
2453,24.0,Male,124469.0,Employed,1,Graduate,OBC,No,Urban,0
2454,20.0,Male,570581.0,Employed,1,Primary,OBC,,Urban,0
2455,46.0,Female,560571.0,Employed,3,Graduate,OBC,No,Urban,0
2456,61.0,Female,600104.0,Employed,3,Graduate,General,,Urban,1
2457,70.0,Female,831710.0,Employed,7,Secondary,OBC,No,Rural,0
2458,41.0,Male,720979.0,Employed,6,Graduate,SC,No,Rural,0
2459,77.0,Male,284295.0,Self-employed,7,Postgraduate,General,No,Urban,0
2460,75.0,Female,666767.0,Self-employed,4,Graduate,OBC,No,Urban,0
2461,20.0,Female,76819.0,Self-employed,2,Secondary,OBC,No,Urban,1
2462,37.0,Male,979245.0,Unemployed,2,Graduate,General,No,Rural,0
2463,63.0,Male,434474.0,Unemployed,10,Secondary,OBC,,Urban,1
2464,32.0,Female,58798.0,Unemployed,1,Secondary,SC,No,Rural,0
2465,42.0,Female,730503.0,Unemployed,9,Postgraduate,OBC,No,Rural,1
2466,47.0,Male,886127.0,Unemployed,7,Secondary,General,No,Rural,1
2467,31.0,Female,475963.0,Employed,10,Secondary,OBC,No,Urban,0
2468,24.0,Male,818230.0,Employed,3,Graduate,General,No,Urban,0
2469,34.0,Male,804547.0,Unemployed,2,Postgraduate,SC,No,Rural,0
2470,,Female,703832.0,Employed,3,Graduate,ST,No,Rural,0
2471,61.0,Male,726542.0,Employed,7,Primary,OBC,No,Urban,0
2472,37.0,Female,303800.0,Employed,5,Graduate,OBC,No,Urban,1
2473,53.0,Female,583703.0,Employed,3,Graduate,ST,No,Rural,0
2474,26.0,Female,978589.0,Self-employed,9,Graduate,General,No,Urban,1
2475,55.0,Male,458224.0,Employed,2,Graduate,SC,No,Urban,0
2476,65.0,Male,661926.0,Employed,7,Secondary,SC,,Rural,0
2477,,Male,592740.0,Employed,10,Postgraduate,General,No,Rural,1
2478,77.0,Female,,,6,Graduate,OBC,No,Urban,1
2479,80.0,Female,451336.0,Employed,6,Secondary,General,No,Rural,0
2480,39.0,Female,769745.0,Unemployed,7,Graduate,ST,,Rural,0
2481,71.0,Female,684493.0,Self-employed,6,Secondary,SC,No,Urban,1
2482,70.0,Female,68170.0,Employed,2,Graduate,General,No,Urban,1
2483,70.0,Female,66259.0,Employed,5,Primary,General,No,Urban,1
2484,19.0,Male,334243.0,Employed,3,Secondary,OBC,No,Urban,0
2485,41.0,Male,190721.0,Unemployed,9,Graduate,SC,,Urban,1
2486,25.0,Female,179394.0,Unemployed,8,Graduate,OBC,No,Rural,0
2487,,Male,371402.0,Employed,10,Secondary,SC,No,Rural,0
2488,30.0,Male,,Employed,2,Graduate,General,No,Rural,0
2489,34.0,Female,323949.0,Employed,1,Graduate,ST,No,Urban,0
2490,25.0,Female,559212.0,Unemployed,4,Graduate,General,No,Urban,1
2491,38.0,Male,304599.0,Employed,4,Secondary,OBC,Yes,Rural,0
2492,35.0,Female,93147.0,Employed,10,Graduate,OBC,No,Rural,0
2493,47.0,Female,124280.0,Employed,2,Secondary,General,No,Urban,1
2494,35.0,Female,227125.0,Unemployed,7,Postgraduate,SC,No,Rural,1
2495,63.0,Male,418921.0,Unemployed,3,Graduate,General,No,Rural,0
2496,64.0,Male,672129.0,Employed,7,Postgraduate,SC,No,Urban,0
2497,48.0,Female,534609.0,Unemployed,7,Secondary,OBC,No,Rural,0
2498,55.0,Female,699014.0,Employed,1,,OBC,No,Rural,0
2499,49.0,Female,440503.0,Self-employed,6,Secondary,General,No,Urban,1
2500,28.0,Female,,Employed,4,Graduate,SC,No,Urban,0
2501,62.0,Male,687197.0,Unemployed,8,Secondary,OBC,No,Rural,1
2502,42.0,Male,407509.0,Employed,8,Graduate,OBC,No,Urban,1
2503,50.0,Female,323129.0,Employed,3,Secondary,OBC,No,Urban,1
2504,77.0,Male,324535.0,Unemployed,4,Primary,ST,No,Rural,0
2505,55.0,Male,579149.0,Employed,1,Graduate,OBC,No,Urban,0
2506,58.0,Female,311968.0,Employed,10,Graduate,SC,No,Rural,1
2507,25.0,Male,757288.0,Employed,2,Graduate,OBC,No,Rural,0
2508,28.0,Male,346508.0,Employed,7,Secondary,General,No,Rural,1
2509,39.0,Male,394543.0,Employed,7,Secondary,General,No,Urban,0
2510,68.0,Male,540251.0,Employed,9,Graduate,OBC,,Rural,1
2511,41.0,Male,823360.0,Unemployed,10,Graduate,OBC,No,Urban,1
2512,58.0,Female,564060.0,Unemployed,9,Secondary,SC,No,Urban,1
2513,,Female,274402.0,Employed,9,Graduate,OBC,No,Rural,0
2514,29.0,Male,617211.0,Employed,6,Graduate,General,,Urban,1
2515,74.0,Female,975423.0,Self-employed,8,Postgraduate,OBC,No,Rural,1
2516,63.0,Male,236968.0,Employed,9,Primary,OBC,No,Rural,1
2517,49.0,Female,551854.0,Employed,7,Graduate,General,No,Rural,0
2518,32.0,Female,397962.0,Unemployed,4,Secondary,OBC,No,Rural,1
2519,33.0,Female,740200.0,Unemployed,4,Graduate,OBC,No,Rural,0
2520,71.0,Female,747615.0,Employed,6,Secondary,SC,No,Urban,1
2521,39.0,Male,383304.0,Employed,4,,OBC,No,Rural,1
2522,45.0,Male,178165.0,Employed,7,Graduate,ST,No,Rural,1
2523,37.0,Female,280314.0,Self-employed,8,Graduate,OBC,No,Rural,1
2524,50.0,Male,451392.0,Employed,8,Graduate,OBC,Yes,Rural,0
2525,27.0,Male,345673.0,Self-employed,8,Graduate,General,No,Rural,1
2526,57.0,Female,499622.0,Employed,2,Graduate,SC,No,Rural,0
2527,49.0,Female,718301.0,Employed,10,Primary,OBC,No,Rural,0
2528,67.0,Female,575957.0,Employed,2,Primary,OBC,,Rural,1
2529,,Male,791142.0,Unemployed,2,Graduate,SC,No,Rural,0
2530,50.0,Female,953805.0,Employed,2,Graduate,OBC,No,Rural,1
2531,,Male,357003.0,Employed,4,Graduate,ST,No,Rural,0
2532,50.0,Male,630074.0,Self-employed,5,Secondary,ST,No,Urban,0
2533,50.0,Female,756443.0,Self-employed,4,Graduate,SC,No,Urban,1
2534,58.0,Male,594611.0,Employed,5,Secondary,OBC,No,Urban,1
2535,30.0,Male,280502.0,Employed,4,Postgraduate,General,No,Rural,0
2536,47.0,Female,831537.0,Unemployed,7,Secondary,SC,No,Rural,0
2537,50.0,Male,580309.0,Unemployed,10,,General,No,Rural,0
2538,30.0,Male,570766.0,Employed,1,Graduate,OBC,No,Rural,1
2539,,Male,351951.0,Self-employed,1,Postgraduate,OBC,No,Rural,0
2540,43.0,Male,440449.0,Employed,2,Primary,OBC,,Rural,1
2541,39.0,Male,362499.0,Unemployed,1,Secondary,General,No,Rural,0
2542,56.0,Female,545655.0,Employed,10,Graduate,General,No,Rural,1
2543,19.0,Female,687703.0,Employed,10,Graduate,General,,Rural,1
2544,55.0,Male,320855.0,Employed,3,Primary,General,Yes,Rural,0
2545,56.0,Female,506295.0,Unemployed,6,Graduate,ST,No,Rural,0
2546,43.0,Male,57904.0,Self-employed,10,Graduate,General,,Rural,1
2547,63.0,Male,638321.0,Employed,6,Graduate,General,No,Rural,1
2548,75.0,Female,805947.0,Employed,1,Secondary,SC,,Rural,1
2549,67.0,Male,922910.0,Employed,6,Secondary,General,,Rural,0
2550,,Other,170035.0,Self-employed,5,Graduate,OBC,No,Rural,0
2551,51.0,Male,795147.0,Self-employed,7,Graduate,General,No,Rural,0
2552,59.0,Female,236168.0,Unemployed,6,Graduate,General,No,Rural,0
2553,72.0,Male,271666.0,Employed,7,Graduate,General,No,Urban,0
2554,61.0,Male,806141.0,Self-employed,2,Secondary,General,No,Urban,0
2555,66.0,Male,315237.0,Employed,1,Secondary,SC,Yes,Urban,1
2556,57.0,Female,337062.0,Employed,7,Secondary,SC,No,Rural,1
2557,28.0,Female,243708.0,Employed,9,Postgraduate,SC,No,Rural,0
2558,78.0,Female,764166.0,Employed,2,Graduate,SC,No,Rural,0
2559,20.0,Male,190466.0,Self-employed,7,Secondary,OBC,Yes,Urban,0
2560,76.0,Male,174501.0,Unemployed,3,Secondary,OBC,,Urban,1
2561,23.0,Male,834516.0,Employed,6,Postgraduate,OBC,No,Urban,1
2562,26.0,Female,,Employed,3,Graduate,General,No,Rural,0
2563,23.0,Female,143708.0,Employed,10,Postgraduate,General,No,Rural,0
2564,26.0,Male,672107.0,Employed,5,Secondary,OBC,No,Rural,0
2565,56.0,Female,285603.0,Employed,2,Graduate,OBC,No,Urban,0
2566,48.0,Male,980784.0,Employed,8,Secondary,ST,Yes,Rural,0
2567,49.0,Female,,Unemployed,8,Secondary,SC,No,Rural,0
2568,58.0,Female,601741.0,Self-employed,7,Primary,OBC,,Rural,0
2569,,Male,564908.0,Self-employed,6,Secondary,General,Yes,Urban,1
2570,29.0,Male,,Self-employed,1,Graduate,OBC,No,Rural,0
2571,25.0,Other,897127.0,Unemployed,8,Postgraduate,General,No,Urban,0
2572,25.0,Female,773809.0,Employed,1,Secondary,OBC,No,Rural,1
2573,67.0,Female,573526.0,Self-employed,8,Postgraduate,SC,,Rural,1
2574,45.0,Female,206837.0,Employed,2,Secondary,General,No,Rural,0
2575,79.0,Male,445556.0,Unemployed,8,Graduate,ST,No,Urban,0
2576,37.0,Female,569676.0,Employed,10,Secondary,OBC,No,Urban,1
2577,79.0,Female,797075.0,Self-employed,4,Graduate,General,No,Rural,0
2578,64.0,Female,612345.0,Employed,7,Secondary,SC,No,Rural,0
2579,76.0,Male,968101.0,Employed,5,Graduate,OBC,No,Rural,0
2580,80.0,Male,763348.0,Employed,8,Graduate,OBC,No,Rural,1
2581,24.0,Male,668943.0,Employed,6,Graduate,General,No,Rural,0
2582,,Male,327169.0,Self-employed,5,Secondary,SC,No,Urban,1
2583,37.0,Male,319289.0,Employed,1,Graduate,General,Yes,Rural,0
2584,33.0,Male,675494.0,Employed,3,Graduate,SC,No,Rural,0
2585,21.0,Male,236869.0,Self-employed,10,Postgraduate,OBC,,Urban,1
2586,23.0,Male,878155.0,Unemployed,9,Graduate,OBC,No,Urban,1
2587,75.0,Female,,Employed,9,Postgraduate,ST,No,Rural,0
2588,39.0,Male,972334.0,Employed,5,Graduate,OBC,No,Rural,0
2589,43.0,Male,729290.0,Employed,3,Graduate,SC,No,Urban,0
2590,80.0,Male,466968.0,Self-employed,6,Primary,OBC,,Rural,0
2591,20.0,Male,158138.0,Unemployed,5,Graduate,SC,No,Rural,0
2592,80.0,Female,781385.0,Self-employed,1,Graduate,General,,Urban,1
2593,58.0,Male,786664.0,Employed,2,Primary,SC,,Urban,1
2594,77.0,Female,112040.0,Employed,5,Secondary,General,No,Urban,0
2595,59.0,Female,682956.0,Employed,9,Postgraduate,General,No,Rural,0
2596,31.0,Female,773056.0,Unemployed,4,Graduate,OBC,No,Rural,0
2597,28.0,Female,554788.0,Employed,9,Secondary,OBC,No,Rural,1
2598,35.0,Female,507864.0,Employed,3,Graduate,OBC,Yes,Rural,1
2599,71.0,Female,891462.0,Employed,1,Primary,General,,Rural,0
2600,29.0,Male,106815.0,Employed,6,Graduate,OBC,No,Rural,1
2601,40.0,Male,266741.0,Unemployed,10,Graduate,General,No,Rural,1
2602,29.0,Female,162789.0,Employed,7,Secondary,OBC,No,Urban,1
2603,30.0,Male,478906.0,Employed,4,Graduate,General,No,Urban,1
2604,42.0,Male,793766.0,Employed,10,Secondary,OBC,,Rural,1
2605,62.0,Female,894355.0,Self-employed,5,Postgraduate,General,No,Rural,0
2606,68.0,Female,217644.0,Employed,4,Postgraduate,SC,,Rural,0
2607,75.0,Male,235102.0,Employed,3,Primary,OBC,No,Rural,1
2608,36.0,Female,380048.0,Employed,1,Graduate,OBC,No,Rural,0
2609,72.0,Male,818821.0,Employed,6,Graduate,OBC,No,Urban,0
2610,63.0,Female,287469.0,Self-employed,10,Graduate,OBC,No,Rural,0
2611,53.0,Male,,Employed,5,Secondary,OBC,,Rural,1
2612,62.0,Male,734563.0,Self-employed,1,Graduate,ST,No,Rural,0
2613,25.0,Female,127088.0,Employed,5,Postgraduate,OBC,No,Rural,0
2614,46.0,Male,579896.0,Self-employed,6,Secondary,OBC,No,Rural,1
2615,,Female,619955.0,Unemployed,10,Secondary,OBC,,Urban,1
2616,70.0,Male,629835.0,Employed,5,Secondary,General,No,Urban,0
2617,72.0,Male,,Unemployed,1,Graduate,SC,,Urban,1
2618,49.0,Female,550812.0,Employed,5,Postgraduate,SC,No,Rural,0
2619,68.0,Male,977366.0,Employed,10,Graduate,OBC,No,Urban,0
2620,61.0,Male,964823.0,Employed,1,Secondary,General,No,Rural,0
2621,35.0,Male,284907.0,Employed,3,Graduate,OBC,No,Urban,1
2622,23.0,Female,912380.0,Unemployed,2,Secondary,General,,Rural,1
2623,35.0,Female,908312.0,Employed,1,Primary,OBC,No,Urban,1
2624,36.0,Other,107560.0,Self-employed,4,Graduate,General,No,Rural,0
2625,39.0,Male,951495.0,Employed,2,Secondary,OBC,No,Urban,1
2626,54.0,Male,264601.0,Employed,5,Graduate,General,No,Rural,0
2627,49.0,Male,930650.0,Self-employed,10,Graduate,OBC,No,Rural,0
2628,73.0,Female,426606.0,Unemployed,1,Graduate,OBC,No,Rural,1
2629,58.0,Male,733775.0,Unemployed,10,Postgraduate,SC,No,Rural,1
2630,76.0,Female,986827.0,Unemployed,1,Postgraduate,General,No,Rural,1
2631,20.0,Male,234286.0,Self-employed,10,Secondary,General,Yes,Rural,1
2632,45.0,Other,330141.0,Employed,4,Postgraduate,General,No,Rural,1
2633,27.0,Female,171266.0,Unemployed,7,Graduate,ST,,Rural,0
2634,68.0,Female,53679.0,Employed,2,Graduate,SC,No,Rural,0
2635,52.0,Male,538241.0,Employed,2,Primary,OBC,No,Rural,1
2636,78.0,Male,614596.0,Employed,1,Secondary,OBC,No,Rural,0
2637,46.0,Male,256096.0,Employed,5,Postgraduate,General,No,Rural,0
2638,71.0,Male,745202.0,Employed,6,Secondary,OBC,No,Rural,1
2639,80.0,Male,497154.0,Self-employed,6,Secondary,ST,No,Urban,1
2640,32.0,Female,579983.0,Unemployed,2,Secondary,OBC,No,Urban,0
2641,50.0,Male,276812.0,Employed,7,Postgraduate,General,No,Urban,0
2642,24.0,Female,632787.0,Employed,6,Graduate,OBC,No,Rural,1
2643,29.0,Female,73382.0,Employed,8,Postgraduate,General,No,Urban,1
2644,66.0,Male,850667.0,Employed,6,Secondary,SC,No,Rural,1
2645,47.0,Other,767583.0,Unemployed,9,Secondary,General,No,Rural,1
2646,38.0,Male,707726.0,Employed,10,Graduate,OBC,No,Urban,0
2647,,Male,208539.0,Employed,2,Graduate,ST,No,Urban,0
2648,75.0,Female,502532.0,,7,Secondary,General,Yes,Urban,0
2649,,Female,424612.0,Unemployed,5,Secondary,OBC,No,Rural,0
2650,41.0,Male,56764.0,Unemployed,1,Secondary,OBC,No,Rural,0
2651,37.0,Male,796256.0,Unemployed,3,Secondary,OBC,No,Rural,0
2652,,Female,688119.0,Employed,4,Graduate,SC,No,Rural,0
2653,21.0,Male,111836.0,,2,Secondary,General,No,Urban,0
2654,45.0,Female,344067.0,Self-employed,7,Primary,OBC,No,Rural,0
2655,61.0,Female,305033.0,Unemployed,1,Secondary,General,,Rural,0
2656,79.0,Other,932143.0,Employed,3,Secondary,OBC,No,Rural,0
2657,37.0,Male,66292.0,Employed,9,Postgraduate,SC,Yes,Rural,0
2658,77.0,Male,961345.0,Unemployed,2,Secondary,OBC,No,Urban,0
2659,41.0,Male,969118.0,Employed,5,Primary,General,,Rural,1
2660,67.0,Male,333083.0,Employed,4,Graduate,General,No,Rural,1
2661,,Male,293772.0,Employed,3,Graduate,OBC,No,Rural,1
2662,68.0,Male,68800.0,Employed,5,Graduate,ST,No,Urban,0
2663,49.0,Female,106440.0,Employed,6,Secondary,General,No,Urban,1
2664,58.0,Female,466462.0,Employed,1,Graduate,General,No,Rural,1
2665,53.0,Male,701809.0,Unemployed,2,Graduate,General,No,Rural,0
2666,75.0,Male,496021.0,Employed,1,Secondary,SC,No,Rural,1
2667,70.0,Male,695615.0,Employed,3,Secondary,SC,No,Urban,1
2668,51.0,Male,623936.0,Employed,8,Graduate,OBC,No,Rural,0
2669,53.0,Female,951624.0,Self-employed,8,Graduate,SC,Yes,Urban,1
2670,19.0,Female,500067.0,Employed,4,Postgraduate,General,No,Rural,1
2671,32.0,Female,999192.0,Employed,6,Graduate,OBC,,Urban,1
2672,51.0,Female,405642.0,Unemployed,9,Graduate,General,No,Rural,1
2673,53.0,Female,866196.0,Employed,7,Secondary,SC,No,Rural,0
2674,23.0,Female,868902.0,Employed,2,Postgraduate,OBC,No,Rural,0
2675,56.0,Male,830448.0,,2,Graduate,OBC,No,Rural,0
2676,59.0,Female,219573.0,Self-employed,3,Graduate,OBC,No,Rural,0
2677,68.0,Female,107207.0,Self-employed,8,Secondary,OBC,No,Rural,0
2678,68.0,Male,112157.0,Self-employed,10,Primary,OBC,No,Rural,1
2679,75.0,Male,184288.0,Employed,9,Graduate,General,No,Urban,1
2680,71.0,Male,727432.0,Self-employed,3,Secondary,SC,No,Rural,1
2681,78.0,Female,143778.0,Employed,9,Secondary,General,No,Urban,0
2682,29.0,Male,180016.0,Unemployed,10,Secondary,General,No,Rural,0
2683,20.0,Male,698576.0,Unemployed,8,Primary,General,No,Urban,1
2684,62.0,Male,218204.0,Employed,5,Graduate,General,Yes,Rural,0
2685,35.0,Female,160573.0,Unemployed,10,Graduate,ST,No,Rural,1
2686,57.0,Male,170730.0,Employed,3,,OBC,No,Rural,0
2687,38.0,Female,985365.0,Employed,7,Graduate,General,No,Rural,0
2688,,Female,114186.0,Self-employed,9,Graduate,OBC,No,Rural,0
2689,50.0,Female,555349.0,Employed,6,Postgraduate,OBC,No,Urban,0
2690,52.0,Female,841392.0,Employed,3,Graduate,General,No,Rural,1
2691,43.0,Male,68781.0,Employed,5,Graduate,OBC,No,Urban,0
2692,25.0,Male,287677.0,Self-employed,7,Secondary,General,,Urban,1
2693,53.0,Female,,Employed,8,Graduate,OBC,No,Rural,1
2694,65.0,Male,81126.0,Employed,4,Graduate,General,,Urban,1
2695,47.0,Male,288217.0,Self-employed,2,Graduate,General,No,Urban,0
2696,40.0,Female,465794.0,Employed,10,Secondary,OBC,No,Rural,0
2697,59.0,Male,565474.0,Employed,2,Graduate,SC,,Rural,0
2698,61.0,Female,942466.0,Unemployed,3,Postgraduate,SC,,Rural,1
2699,31.0,Male,330027.0,Employed,8,Postgraduate,OBC,,Rural,0
2700,31.0,Female,604070.0,Self-employed,1,Graduate,General,,Rural,0
2701,19.0,Female,368531.0,Employed,7,Secondary,OBC,No,Urban,0
2702,72.0,Female,722339.0,Self-employed,6,Secondary,ST,No,Rural,1
2703,54.0,Male,,Self-employed,2,Graduate,OBC,No,Rural,1
2704,22.0,Female,311161.0,Employed,9,Secondary,OBC,No,Urban,0
2705,55.0,Female,116266.0,Employed,5,Graduate,OBC,,Rural,1
2706,62.0,Male,574344.0,Self-employed,2,Graduate,General,No,Urban,1
2707,58.0,Male,343601.0,Employed,3,Graduate,OBC,No,Rural,0
2708,79.0,Female,445459.0,Employed,7,,OBC,No,Rural,0
2709,71.0,Female,498247.0,Unemployed,7,Postgraduate,OBC,No,Rural,0
2710,77.0,Male,182773.0,Unemployed,10,Primary,General,,Urban,1
2711,78.0,Female,761741.0,Self-employed,1,Graduate,OBC,No,Rural,1
2712,64.0,Male,755798.0,Employed,10,,OBC,No,Urban,0
2713,31.0,Male,385983.0,Employed,4,Postgraduate,OBC,No,Rural,0
2714,73.0,Female,130636.0,Self-employed,6,Graduate,General,No,Urban,1
2715,56.0,Female,419841.0,Self-employed,8,,SC,Yes,Rural,1
2716,42.0,Female,116483.0,Unemployed,3,Postgraduate,ST,No,Urban,0
2717,37.0,Other,,Self-employed,3,Graduate,SC,No,Rural,0
2718,19.0,Male,449769.0,Unemployed,8,Graduate,General,No,Rural,1
2719,56.0,Male,607813.0,Employed,8,Secondary,SC,Yes,Rural,1
2720,23.0,Male,,Self-employed,8,Primary,General,No,Rural,0
2721,34.0,Female,146008.0,Employed,1,Graduate,OBC,Yes,Rural,1
2722,76.0,Female,94348.0,Employed,8,Graduate,OBC,No,Urban,0
2723,42.0,Male,776547.0,Employed,8,Graduate,General,No,Rural,1
2724,74.0,Male,319417.0,Unemployed,2,Primary,OBC,No,Rural,0
2725,45.0,Male,376380.0,Self-employed,9,Graduate,OBC,No,Rural,0
2726,19.0,Female,780929.0,Employed,7,Graduate,ST,No,Rural,0
2727,52.0,Male,184607.0,Employed,8,Graduate,OBC,No,Urban,0
2728,54.0,Male,986181.0,Employed,2,Postgraduate,General,,Rural,0
2729,22.0,Female,788384.0,Self-employed,4,Secondary,General,No,Rural,0
2730,80.0,Female,157157.0,Unemployed,7,Graduate,General,No,Rural,0
2731,18.0,Female,575196.0,Employed,6,Graduate,General,No,Rural,1
2732,57.0,Female,302299.0,Unemployed,7,Graduate,General,No,Rural,1
2733,29.0,Male,251225.0,Employed,1,Graduate,General,No,Rural,0
2734,73.0,Female,158352.0,Employed,8,Secondary,OBC,No,Urban,1
2735,53.0,Female,145967.0,Employed,7,Graduate,OBC,No,Urban,1
2736,62.0,Other,401133.0,Self-employed,4,Secondary,General,No,Urban,0
2737,40.0,Male,609367.0,Employed,1,Secondary,OBC,No,Urban,0
2738,64.0,Male,262628.0,Unemployed,8,Graduate,General,No,Rural,1
2739,48.0,Male,161889.0,Employed,10,Graduate,SC,No,Rural,0
2740,28.0,Male,312063.0,Employed,7,Graduate,SC,No,Rural,1
2741,27.0,Female,361467.0,Employed,8,Graduate,OBC,No,Urban,1
2742,20.0,Male,402053.0,Employed,10,Graduate,SC,,Rural,0
2743,71.0,Male,96105.0,Employed,1,Postgraduate,General,,Urban,1
2744,31.0,Male,473380.0,Unemployed,5,Postgraduate,ST,No,Rural,0
2745,33.0,Male,182957.0,Employed,9,Secondary,OBC,No,Rural,0
2746,,Male,51049.0,Unemployed,5,Postgraduate,SC,,Rural,1
2747,46.0,Male,627569.0,Employed,10,Secondary,SC,No,Rural,1
2748,27.0,Male,,Employed,3,Primary,ST,No,Urban,0
2749,29.0,Female,116697.0,Employed,9,Graduate,General,No,Urban,0
2750,47.0,Female,509567.0,Self-employed,9,Postgraduate,General,No,Rural,1
2751,58.0,Male,86534.0,,4,Postgraduate,OBC,No,Urban,1
2752,18.0,Other,143034.0,Employed,4,Secondary,General,No,Rural,1
2753,22.0,Female,108097.0,Self-employed,8,Graduate,General,No,Rural,0
2754,37.0,Female,759173.0,Employed,7,Graduate,OBC,No,Rural,0
2755,25.0,Male,337181.0,Self-employed,5,Secondary,OBC,No,Rural,1
2756,60.0,Male,479223.0,Employed,6,Graduate,OBC,No,Urban,0
2757,29.0,Male,522694.0,Unemployed,3,Graduate,SC,No,Rural,0
2758,,Male,601566.0,Employed,6,Secondary,ST,No,Urban,0
2759,74.0,Male,713632.0,Self-employed,8,Graduate,OBC,No,Urban,0
2760,71.0,Female,560708.0,Employed,10,Secondary,SC,No,Rural,0
2761,37.0,Male,411317.0,Employed,9,,General,Yes,Rural,0
2762,45.0,Male,874726.0,Employed,3,Secondary,General,No,Urban,1
2763,74.0,Female,647565.0,Employed,8,Graduate,ST,No,Urban,1
2764,60.0,Male,54694.0,Unemployed,3,Graduate,General,No,Rural,0
2765,54.0,Female,632438.0,Employed,2,Graduate,General,No,Rural,0
2766,64.0,Female,641758.0,Employed,5,Graduate,OBC,No,Urban,1
2767,54.0,Female,595844.0,Employed,4,Secondary,OBC,No,Rural,1
2768,29.0,Other,245543.0,Employed,5,Postgraduate,ST,No,Rural,0
2769,,Male,623374.0,Employed,6,Graduate,SC,No,Urban,1
2770,66.0,Female,724267.0,Employed,3,Secondary,OBC,No,Rural,0
2771,66.0,Female,822687.0,Unemployed,1,Secondary,OBC,No,Rural,1
2772,73.0,Female,229559.0,Self-employed,4,Secondary,SC,No,Rural,0
2773,61.0,Female,996662.0,Employed,6,Postgraduate,OBC,No,Rural,0
2774,73.0,Female,987797.0,Unemployed,2,Graduate,General,No,Urban,1
2775,45.0,Male,673756.0,Employed,2,Graduate,General,No,Rural,1
2776,64.0,Female,869819.0,Employed,1,Primary,General,No,Urban,0
2777,32.0,Male,642890.0,Employed,9,Graduate,General,No,Rural,0
2778,23.0,Female,988760.0,Employed,3,Postgraduate,General,No,Rural,0
2779,61.0,Female,543857.0,Employed,2,Secondary,SC,,Urban,1
2780,76.0,Male,566304.0,Self-employed,4,Graduate,General,No,Urban,0
2781,78.0,Male,973098.0,Self-employed,6,Postgraduate,General,Yes,Rural,1
2782,37.0,Male,576748.0,Employed,1,Graduate,ST,No,Rural,0
2783,67.0,Female,122356.0,Employed,9,Primary,OBC,No,Rural,0
2784,31.0,Female,891130.0,Self-employed,9,Secondary,OBC,No,Urban,0
2785,19.0,Female,309925.0,Employed,8,Primary,SC,No,Urban,0
2786,26.0,Female,938178.0,Unemployed,6,Postgraduate,ST,No,Urban,0
2787,80.0,Female,590479.0,Employed,4,Graduate,SC,No,Urban,0
2788,54.0,Male,,Employed,2,Postgraduate,General,,Rural,0
2789,37.0,Male,295702.0,Employed,8,Primary,SC,,Rural,1
2790,43.0,Female,846961.0,Self-employed,7,Graduate,OBC,No,Rural,0
2791,46.0,Male,82175.0,Self-employed,4,Secondary,SC,No,Rural,0
2792,18.0,Male,329819.0,Employed,3,Secondary,General,No,Urban,0
2793,72.0,Male,486374.0,Self-employed,6,Secondary,General,No,Rural,1
2794,52.0,Male,883230.0,Employed,1,Secondary,OBC,No,Rural,0
2795,23.0,Female,907342.0,Employed,2,Graduate,SC,No,Urban,0
2796,54.0,Male,442544.0,Unemployed,7,Secondary,OBC,No,Urban,0
2797,70.0,Female,731336.0,Employed,3,Graduate,General,No,Rural,0
2798,76.0,Male,768476.0,Employed,1,Postgraduate,General,No,Rural,1
2799,22.0,Male,390822.0,Employed,2,Postgraduate,General,No,Rural,1
2800,50.0,Male,112821.0,Self-employed,10,Secondary,ST,No,Rural,1
2801,66.0,Female,560559.0,Self-employed,10,Postgraduate,SC,No,Rural,0
2802,68.0,Female,62204.0,Self-employed,9,Secondary,SC,No,Urban,0
2803,31.0,Female,843826.0,,7,,General,No,Urban,0
2804,29.0,Female,296464.0,Unemployed,7,Postgraduate,OBC,No,Urban,0
2805,59.0,Female,901246.0,Employed,10,,General,No,Rural,1
2806,37.0,Female,83593.0,Self-employed,8,Postgraduate,General,No,Rural,1
2807,70.0,Female,258260.0,Employed,8,Graduate,General,No,Rural,0
2808,67.0,Female,165064.0,Employed,9,Secondary,ST,No,Urban,0
2809,41.0,Male,542492.0,Employed,2,Graduate,SC,No,Rural,0
2810,76.0,Female,103365.0,Self-employed,8,Secondary,General,No,Rural,1
2811,60.0,Female,814932.0,Unemployed,8,Graduate,General,No,Rural,1
2812,79.0,Female,967947.0,Employed,5,Secondary,OBC,No,Urban,1
2813,51.0,Male,270511.0,Employed,5,Secondary,General,No,Rural,1
2814,42.0,Female,542274.0,Self-employed,4,Postgraduate,ST,No,Rural,1
2815,67.0,Female,471396.0,Employed,5,Postgraduate,SC,No,Rural,0
2816,46.0,Male,529871.0,Self-employed,2,Graduate,OBC,No,Rural,1
2817,74.0,Female,256971.0,Self-employed,2,Graduate,General,No,Rural,1
2818,56.0,Male,153700.0,Employed,5,Graduate,OBC,No,Urban,0
2819,48.0,Male,409221.0,Employed,3,Graduate,OBC,No,Rural,0
2820,73.0,Male,446681.0,Employed,1,Postgraduate,SC,,Urban,0
2821,64.0,Male,118247.0,Employed,9,Secondary,OBC,No,Rural,0
2822,60.0,Female,232631.0,Employed,2,Graduate,General,No,Rural,0
2823,67.0,Male,206270.0,Unemployed,10,Postgraduate,SC,No,Urban,1
2824,40.0,Male,891172.0,Employed,2,Postgraduate,General,No,Rural,1
2825,61.0,Male,203560.0,Employed,4,Graduate,General,No,Rural,1
2826,55.0,Male,743875.0,,2,Secondary,General,Yes,Urban,1
2827,37.0,Male,559627.0,Unemployed,7,Graduate,General,No,Rural,0
2828,40.0,Female,340042.0,Self-employed,10,Graduate,OBC,No,Urban,0
2829,79.0,Male,445135.0,Employed,1,Graduate,OBC,No,Urban,0
2830,62.0,Female,231142.0,Unemployed,2,Graduate,SC,Yes,Rural,1
2831,69.0,Female,636901.0,Self-employed,5,Secondary,OBC,No,Rural,0
2832,33.0,Male,146707.0,Employed,2,Primary,OBC,No,Rural,1
2833,67.0,Female,,Employed,9,Graduate,ST,No,Rural,1
2834,59.0,Male,97003.0,Employed,4,Secondary,General,No,Rural,0
2835,77.0,Male,622766.0,Self-employed,9,Secondary,General,No,Rural,1
2836,72.0,Male,457650.0,Employed,1,Graduate,ST,No,Rural,0
2837,25.0,Male,479865.0,Self-employed,1,Graduate,SC,,Rural,1
2838,67.0,Female,633318.0,Self-employed,1,Secondary,ST,No,Rural,1
2839,38.0,Female,758421.0,Employed,4,Secondary,OBC,No,Rural,1
2840,18.0,Male,445215.0,Employed,9,Postgraduate,General,Yes,Urban,1
2841,72.0,Female,195921.0,Employed,8,Secondary,OBC,,Rural,0
2842,25.0,Male,519655.0,Employed,7,Secondary,SC,No,Rural,0
2843,46.0,Female,820448.0,Unemployed,1,Secondary,ST,No,Urban,1
2844,49.0,Male,556220.0,Unemployed,3,Postgraduate,OBC,No,Urban,0
2845,55.0,Male,889232.0,Employed,9,Graduate,OBC,No,Urban,0
2846,22.0,Male,,Self-employed,9,Secondary,ST,No,Rural,1
2847,64.0,Male,723400.0,Employed,5,Primary,ST,,Urban,1
2848,39.0,Female,,Employed,6,Graduate,ST,No,Rural,1
2849,64.0,Female,836678.0,Employed,6,Graduate,OBC,No,Rural,1
2850,51.0,Male,81153.0,Employed,10,Graduate,OBC,,Urban,1
2851,18.0,Female,841644.0,Self-employed,4,Secondary,General,No,Rural,1
2852,72.0,Female,184411.0,Unemployed,1,Secondary,OBC,No,Rural,1
2853,72.0,Female,630526.0,Employed,5,Graduate,OBC,No,Urban,0
2854,43.0,Male,462610.0,Employed,1,Graduate,SC,,Urban,0
2855,60.0,Male,366015.0,Employed,1,Primary,SC,No,Rural,0
2856,27.0,Female,937104.0,Employed,5,Graduate,OBC,Yes,Urban,1
2857,47.0,Female,520938.0,Unemployed,5,Secondary,SC,No,Rural,0
2858,67.0,Male,346751.0,Self-employed,7,Graduate,OBC,No,Rural,1
2859,35.0,Male,102055.0,Self-employed,2,Graduate,SC,No,Urban,0
2860,34.0,Male,154509.0,Employed,6,Postgraduate,SC,No,Urban,1
2861,43.0,Female,185467.0,Employed,2,Graduate,SC,No,Rural,1
2862,25.0,Female,701666.0,Employed,10,Graduate,General,No,Urban,1
2863,64.0,Male,458506.0,Employed,5,,OBC,Yes,Rural,0
2864,57.0,Female,137687.0,Employed,4,Secondary,SC,No,Urban,0
2865,66.0,Female,377222.0,Employed,10,Primary,ST,No,Urban,0
2866,29.0,Female,446907.0,Employed,5,Secondary,OBC,No,Urban,0
2867,44.0,Female,450686.0,Unemployed,2,Primary,General,No,Urban,0
2868,25.0,Female,971345.0,Unemployed,8,Postgraduate,SC,No,Rural,0
2869,42.0,Male,152652.0,Employed,8,Graduate,General,No,Rural,0
2870,63.0,Female,375341.0,Unemployed,6,Secondary,OBC,No,Urban,1
2871,21.0,Male,630061.0,Employed,3,Secondary,OBC,No,Rural,1
2872,50.0,Male,,,4,Secondary,OBC,No,Urban,0
2873,18.0,Male,569846.0,Self-employed,1,Secondary,General,No,Rural,1
2874,36.0,Male,252668.0,Employed,9,Secondary,OBC,No,Urban,0
2875,48.0,Male,955375.0,Self-employed,10,Graduate,SC,,Urban,0
2876,33.0,Male,601872.0,Employed,5,Postgraduate,OBC,No,Rural,0
2877,,Female,819189.0,Employed,8,Graduate,SC,,Rural,1
2878,70.0,Male,447516.0,Employed,3,Graduate,General,Yes,Rural,0
2879,65.0,Female,839770.0,Unemployed,4,Graduate,ST,No,Urban,1
2880,22.0,Male,112601.0,Self-employed,4,Primary,OBC,No,Rural,0
2881,58.0,Female,186559.0,Unemployed,8,Secondary,SC,No,Rural,1
2882,43.0,Female,86282.0,Unemployed,9,,SC,,Rural,0
2883,79.0,Male,276137.0,Employed,3,Graduate,OBC,No,Rural,1
2884,45.0,Female,427591.0,Employed,7,Graduate,OBC,No,Urban,1
2885,19.0,Female,670086.0,Unemployed,9,Secondary,OBC,,Urban,1
2886,67.0,Female,,Employed,2,Postgraduate,SC,,Rural,1
2887,23.0,Female,945043.0,Self-employed,4,Secondary,General,No,Rural,0
2888,80.0,Female,209876.0,Employed,3,Graduate,SC,No,Rural,1
2889,26.0,Female,715275.0,Employed,8,Postgraduate,OBC,Yes,Rural,1
2890,50.0,Male,323302.0,Employed,4,Secondary,OBC,No,Rural,0
2891,58.0,Male,255229.0,Self-employed,9,Graduate,OBC,,Rural,1
2892,42.0,Female,60547.0,Self-employed,1,Graduate,SC,No,Urban,0
2893,65.0,Male,400857.0,Employed,1,Postgraduate,General,No,Rural,0
2894,30.0,Female,,Employed,4,Secondary,OBC,No,Urban,1
2895,26.0,Male,996272.0,Employed,3,,SC,,Rural,0
2896,70.0,Female,113146.0,Employed,3,Primary,OBC,No,Rural,0
2897,30.0,Other,415721.0,Self-employed,10,Graduate,SC,No,Urban,0
2898,48.0,Male,682049.0,Employed,2,Graduate,OBC,No,Rural,1
2899,58.0,Male,415871.0,Employed,10,Secondary,General,No,Rural,1
2900,28.0,Female,362604.0,Employed,10,Primary,General,No,Urban,0
2901,21.0,Female,132970.0,Employed,2,Secondary,OBC,Yes,Rural,1
2902,51.0,Male,766177.0,Self-employed,8,Secondary,ST,No,Rural,0
2903,78.0,Male,,Employed,1,Secondary,ST,Yes,Rural,1
2904,55.0,Female,589707.0,Employed,8,Secondary,OBC,,Rural,0
2905,63.0,Female,609865.0,Self-employed,10,Secondary,OBC,No,Rural,0
2906,21.0,Male,52921.0,Employed,3,Graduate,SC,No,Urban,1
2907,55.0,Male,972180.0,Unemployed,2,Graduate,General,No,Rural,1
2908,36.0,Female,529177.0,Employed,9,Postgraduate,ST,,Urban,1
2909,23.0,Male,492900.0,Employed,5,Graduate,OBC,No,Urban,1
2910,51.0,Male,194535.0,Employed,5,Primary,SC,No,Urban,0
2911,35.0,Female,,Employed,6,Graduate,General,No,Urban,1
2912,30.0,Male,730834.0,Employed,4,Graduate,ST,Yes,Urban,0
2913,58.0,Female,877367.0,Employed,7,Primary,ST,No,Rural,1
2914,40.0,Male,699822.0,Employed,7,Graduate,OBC,Yes,Rural,1
2915,36.0,Female,510221.0,Employed,9,Graduate,General,No,Rural,0
2916,62.0,Female,,Unemployed,6,Postgraduate,OBC,No,Urban,1
2917,28.0,Male,122828.0,Self-employed,1,Graduate,SC,No,Rural,1
2918,18.0,Female,697937.0,Employed,9,Graduate,General,No,Urban,0
2919,41.0,Male,401206.0,Employed,10,Secondary,ST,,Rural,0
2920,79.0,Female,105152.0,Self-employed,9,Graduate,OBC,No,Urban,1
2921,71.0,Female,270073.0,Unemployed,5,Secondary,OBC,,Urban,0
2922,24.0,Male,408635.0,Employed,7,Graduate,OBC,No,Urban,1
2923,42.0,Male,273393.0,Employed,1,Graduate,SC,No,Urban,0
2924,38.0,Male,136569.0,Employed,4,Postgraduate,General,,Urban,1
2925,32.0,Female,,Employed,10,Primary,OBC,No,Rural,1
2926,18.0,Male,731132.0,Self-employed,4,Secondary,General,No,Urban,1
2927,29.0,Male,459579.0,Unemployed,5,Graduate,General,No,Rural,0
2928,75.0,Male,733850.0,Unemployed,6,Graduate,General,No,Urban,0
2929,24.0,Male,502220.0,Employed,4,Secondary,OBC,No,Rural,0
2930,32.0,Female,172537.0,Employed,6,Secondary,SC,No,Rural,0
2931,38.0,Male,103806.0,Self-employed,10,Secondary,General,Yes,Urban,1
2932,36.0,Female,967764.0,Employed,7,Graduate,General,No,Urban,1
2933,77.0,Male,650280.0,Employed,3,Graduate,General,,Rural,1
2934,46.0,Male,334464.0,Employed,9,Primary,OBC,No,Rural,1
2935,42.0,Female,391115.0,Employed,8,Postgraduate,OBC,No,Urban,1
2936,50.0,Other,833140.0,Employed,1,Graduate,General,No,Rural,1
2937,66.0,Female,223217.0,Employed,2,Secondary,General,No,Rural,1
2938,49.0,Male,244760.0,Self-employed,2,Graduate,SC,No,Rural,0
2939,66.0,Male,360725.0,Unemployed,10,Graduate,OBC,No,Rural,0
2940,52.0,Female,930077.0,,9,Primary,OBC,No,Rural,1
2941,61.0,Male,595042.0,Unemployed,9,Graduate,SC,No,Rural,1
2942,55.0,Male,119837.0,Employed,9,Graduate,General,No,Rural,0
2943,43.0,Female,712567.0,Employed,1,Secondary,OBC,No,Urban,0
2944,28.0,Female,995424.0,Unemployed,7,Secondary,OBC,,Urban,1
2945,52.0,Other,,Employed,3,Secondary,General,No,Urban,1
2946,25.0,Female,960178.0,Employed,9,Graduate,SC,No,Urban,1
2947,63.0,Female,689068.0,Unemployed,8,Secondary,General,No,Rural,0
2948,31.0,Male,661369.0,Self-employed,3,Graduate,General,No,Rural,1
2949,27.0,Male,860448.0,Employed,1,Graduate,General,No,Urban,1
2950,19.0,Female,372666.0,Employed,9,Graduate,OBC,No,Rural,0
2951,63.0,Female,567447.0,Employed,10,Graduate,SC,Yes,Rural,1
2952,26.0,Male,957328.0,Employed,1,Secondary,OBC,No,Rural,1
2953,20.0,Male,162099.0,Employed,3,Postgraduate,OBC,No,Rural,1
2954,38.0,Male,725462.0,Employed,6,Graduate,OBC,No,Rural,0
2955,43.0,Female,940861.0,Unemployed,6,Graduate,OBC,No,Rural,1
2956,25.0,Male,838356.0,Employed,10,Graduate,OBC,No,Urban,1
2957,65.0,Male,135015.0,Employed,4,Graduate,OBC,No,Rural,0
2958,19.0,Female,679275.0,Employed,2,Secondary,General,No,Rural,0
2959,23.0,Female,628621.0,,10,Graduate,General,No,Rural,0
2960,,Male,,Self-employed,6,Secondary,OBC,No,Urban,0
2961,70.0,Female,227171.0,Employed,10,Postgraduate,General,No,Urban,0
2962,46.0,Female,762706.0,Self-employed,5,Graduate,SC,No,Rural,1
2963,43.0,Male,700660.0,Self-employed,6,Primary,General,No,Rural,0
2964,42.0,Male,,Self-employed,7,Graduate,OBC,No,Rural,1
2965,29.0,Male,443522.0,Employed,9,Primary,OBC,,Rural,1
2966,22.0,Male,400639.0,Self-employed,7,Secondary,OBC,No,Rural,0
2967,51.0,Female,644055.0,Employed,4,Graduate,OBC,No,Rural,0
2968,65.0,Male,154332.0,Employed,10,,ST,No,Rural,1
2969,54.0,Female,717567.0,Employed,5,Postgraduate,SC,No,Rural,1
2970,32.0,Male,875858.0,Employed,6,Postgraduate,SC,No,Rural,0
2971,61.0,Male,580624.0,Employed,9,Primary,OBC,,Rural,1
2972,53.0,Female,424344.0,Employed,5,Graduate,SC,No,Urban,1
2973,32.0,Male,780526.0,Employed,5,Graduate,ST,No,Urban,1
2974,60.0,Male,329400.0,Unemployed,7,Secondary,SC,No,Rural,0
2975,65.0,Male,804805.0,Employed,2,Graduate,SC,Yes,Rural,1
2976,40.0,Male,230889.0,Employed,3,Postgraduate,General,,Urban,1
2977,23.0,Female,549920.0,Self-employed,2,Graduate,OBC,Yes,Urban,0
2978,63.0,Male,345863.0,Employed,10,Secondary,General,No,Urban,1
2979,67.0,Female,878449.0,Unemployed,10,Postgraduate,OBC,No,Rural,0
2980,61.0,Female,95704.0,Self-employed,2,Postgraduate,General,,Rural,0
2981,76.0,Male,866445.0,Employed,3,Graduate,OBC,,Urban,0
2982,60.0,Male,392135.0,Employed,6,Secondary,OBC,No,Rural,0
2983,62.0,Female,906690.0,Self-employed,5,Graduate,OBC,No,Urban,0
2984,38.0,Female,390492.0,Self-employed,5,Secondary,OBC,No,Urban,1
2985,40.0,Male,276884.0,Unemployed,2,Secondary,OBC,No,Urban,0
2986,60.0,Female,217848.0,Employed,2,Graduate,General,No,Urban,0
2987,72.0,Male,322204.0,Self-employed,1,Postgraduate,General,No,Rural,0
2988,33.0,Female,521808.0,Employed,3,Graduate,OBC,No,Rural,0
2989,64.0,Male,974159.0,Employed,7,,General,No,Rural,1
2990,70.0,Female,793470.0,Employed,5,Graduate,General,No,Urban,1
2991,77.0,Female,362067.0,Employed,7,Secondary,OBC,No,Rural,1
2992,32.0,Male,128563.0,Unemployed,9,Postgraduate,General,No,Rural,1
2993,42.0,Male,709390.0,Self-employed,6,Graduate,SC,No,Urban,0
2994,53.0,Male,139779.0,Unemployed,2,Graduate,SC,No,Rural,0
2995,28.0,Other,738649.0,Employed,1,Graduate,SC,No,Urban,1
2996,68.0,Male,987243.0,Employed,1,Graduate,General,No,Rural,0
2997,32.0,Male,149704.0,Unemployed,10,Postgraduate,SC,No,Rural,1
2998,21.0,Female,311757.0,Employed,9,Secondary,SC,No,Rural,0
2999,38.0,Female,965589.0,Self-employed,6,Primary,SC,,Rural,0
3000,30.0,Female,160234.0,Self-employed,6,Secondary,OBC,,Rural,0
3001,39.0,Female,373831.0,Unemployed,4,Postgraduate,OBC,No,Urban,0
3002,36.0,Male,86491.0,Employed,2,Graduate,SC,No,Rural,0
3003,51.0,Female,800909.0,Unemployed,10,Graduate,OBC,No,Rural,0
3004,31.0,Male,908547.0,Self-employed,3,Secondary,ST,No,Rural,1
3005,78.0,Male,954367.0,Employed,3,Graduate,ST,,Urban,0
3006,21.0,Female,395922.0,Self-employed,8,Graduate,General,No,Urban,0
3007,65.0,Female,972285.0,Employed,6,Secondary,General,No,Rural,0
3008,70.0,Male,70448.0,Employed,7,Postgraduate,OBC,No,Rural,0
3009,69.0,Female,554393.0,Unemployed,9,Secondary,OBC,No,Urban,1
3010,63.0,Male,363694.0,Unemployed,1,Secondary,General,No,Urban,1
3011,44.0,Male,623582.0,Self-employed,2,Secondary,OBC,,Urban,1
3012,46.0,Female,333590.0,Employed,9,Primary,General,No,Rural,1
3013,64.0,Male,388723.0,Employed,5,Graduate,OBC,No,Rural,1
3014,45.0,Male,790749.0,,4,Secondary,ST,No,Urban,1
3015,52.0,Female,951111.0,Employed,1,Graduate,OBC,No,Rural,0
3016,25.0,Other,135615.0,Employed,9,Secondary,OBC,No,Rural,1
3017,33.0,Male,67101.0,Employed,9,Graduate,OBC,,Rural,0
3018,59.0,Female,340160.0,Employed,4,Graduate,ST,No,Rural,1
3019,53.0,Female,,Unemployed,9,Graduate,General,No,Urban,1
3020,47.0,Female,487869.0,Unemployed,10,Secondary,ST,No,Rural,0
3021,35.0,Female,664769.0,Employed,1,Postgraduate,OBC,No,Rural,1
3022,19.0,Male,627090.0,,5,Graduate,OBC,No,Urban,0
3023,66.0,Male,843981.0,Employed,1,Primary,OBC,No,Rural,1
3024,30.0,Male,,Employed,4,Graduate,ST,No,Rural,0
3025,21.0,Female,730722.0,Employed,5,Graduate,OBC,No,Rural,1
3026,43.0,Female,622130.0,Employed,3,Graduate,ST,Yes,Urban,1
3027,42.0,Female,96539.0,Unemployed,2,Secondary,OBC,,Rural,0
3028,47.0,Other,608005.0,Unemployed,6,Secondary,OBC,No,Urban,0
3029,28.0,Male,820569.0,Employed,3,Primary,General,No,Rural,0
3030,24.0,Male,466232.0,Unemployed,10,Secondary,General,No,Rural,1
3031,48.0,Male,236272.0,Self-employed,1,Graduate,General,,Urban,0
3032,61.0,Male,523484.0,Employed,5,Graduate,General,No,Urban,0
3033,27.0,Male,503503.0,Employed,2,Primary,SC,,Rural,0
3034,56.0,Male,165042.0,Employed,2,Secondary,General,No,Urban,0
3035,30.0,Female,177922.0,Employed,4,Secondary,SC,No,Rural,0
3036,48.0,Female,142447.0,Unemployed,4,Graduate,OBC,No,Urban,1
3037,24.0,Female,395546.0,Self-employed,4,Graduate,ST,No,Urban,1
3038,80.0,Female,354751.0,Employed,7,Primary,General,No,Rural,1
3039,73.0,Male,208693.0,Unemployed,1,Secondary,OBC,No,Rural,1
3040,66.0,Female,62823.0,Unemployed,8,Graduate,OBC,Yes,Urban,1
3041,59.0,Female,79986.0,Employed,10,Postgraduate,General,No,Urban,0
3042,78.0,Female,695970.0,Employed,9,Graduate,OBC,No,Rural,0
3043,59.0,Male,638613.0,Self-employed,10,Secondary,OBC,No,Rural,0
3044,73.0,Male,560119.0,Self-employed,6,Secondary,SC,No,Urban,0
3045,53.0,Male,440069.0,Unemployed,4,Graduate,General,No,Urban,0
3046,37.0,Female,300476.0,Self-employed,6,Graduate,General,No,Urban,1
3047,21.0,Female,107771.0,Employed,10,Primary,General,No,Urban,1
3048,71.0,Female,104973.0,Employed,7,Secondary,ST,No,Rural,1
3049,24.0,Male,720050.0,Employed,6,Graduate,ST,Yes,Urban,0
3050,71.0,Female,875539.0,Employed,1,Secondary,OBC,No,Rural,0
3051,18.0,Female,632176.0,Self-employed,5,Graduate,OBC,No,Urban,1
3052,61.0,Male,585244.0,Self-employed,8,Secondary,OBC,No,Rural,0
3053,73.0,Male,136839.0,Self-employed,8,Graduate,OBC,,Rural,0
3054,62.0,Female,217605.0,Employed,10,Primary,General,No,Urban,1
3055,59.0,Male,566754.0,,9,Postgraduate,General,No,Urban,0
3056,64.0,Female,151131.0,Employed,4,Secondary,SC,No,Urban,1
3057,76.0,Other,379738.0,Employed,10,Secondary,ST,No,Rural,0
3058,30.0,Female,762261.0,Unemployed,6,Graduate,ST,No,Rural,1
3059,72.0,Female,585807.0,Employed,7,Postgraduate,OBC,No,Urban,0
3060,39.0,Female,,Self-employed,5,Primary,OBC,Yes,Rural,0
3061,71.0,Female,51832.0,Self-employed,8,Postgraduate,OBC,No,Urban,0
3062,38.0,Male,531641.0,Employed,3,Secondary,General,No,Urban,0
3063,39.0,Male,688210.0,Employed,8,Graduate,OBC,No,Urban,0
3064,45.0,Male,155474.0,Unemployed,5,Primary,OBC,No,Rural,1
3065,26.0,Female,644003.0,Employed,1,Secondary,General,No,Urban,1
3066,43.0,Male,908267.0,Unemployed,6,Graduate,General,No,Rural,0
3067,26.0,Male,647654.0,Employed,2,Graduate,OBC,No,Rural,0
3068,32.0,Male,87570.0,Employed,7,Graduate,General,No,Rural,0
3069,27.0,Female,531193.0,Employed,9,Graduate,OBC,No,Urban,0
3070,41.0,Other,711975.0,Employed,3,Postgraduate,General,No,Rural,1
3071,75.0,Other,88311.0,Self-employed,10,Secondary,OBC,Yes,Urban,0
3072,74.0,Female,402389.0,Employed,4,Secondary,SC,,Rural,1
3073,78.0,Female,677475.0,Self-employed,4,Graduate,General,No,Rural,0
3074,59.0,Female,859866.0,Unemployed,4,Primary,OBC,,Rural,1
3075,25.0,Female,136879.0,Unemployed,3,Graduate,OBC,No,Urban,1
3076,41.0,Female,590027.0,Employed,5,Graduate,General,No,Rural,0
3077,33.0,Male,116202.0,Unemployed,9,Secondary,OBC,No,Urban,0
3078,66.0,Female,148580.0,Employed,8,Postgraduate,OBC,No,Rural,0
3079,,Male,798779.0,Employed,10,Secondary,General,,Rural,0
3080,44.0,Male,129599.0,Unemployed,2,Secondary,General,No,Rural,1
3081,54.0,Female,739009.0,Employed,9,Secondary,General,No,Rural,0
3082,21.0,Male,805724.0,Self-employed,10,Secondary,General,No,Rural,1
3083,67.0,Male,691058.0,Employed,2,Secondary,General,,Urban,0
3084,41.0,Female,351614.0,Self-employed,7,Graduate,General,No,Rural,0
3085,36.0,Male,387109.0,Employed,5,Graduate,OBC,No,Rural,1
3086,,Female,437476.0,Self-employed,7,Graduate,SC,No,Rural,0
3087,77.0,Female,753981.0,Self-employed,5,Secondary,OBC,No,Urban,0
3088,56.0,Female,441825.0,Employed,6,Primary,SC,No,Rural,0
3089,27.0,Female,835339.0,Employed,8,Postgraduate,SC,No,Rural,1
3090,42.0,Female,688588.0,Unemployed,1,Primary,General,No,Urban,0
3091,35.0,Female,350141.0,Employed,1,Postgraduate,OBC,No,Rural,1
3092,36.0,Female,241012.0,Employed,5,Graduate,General,No,Rural,0
3093,53.0,Female,746084.0,Employed,1,Postgraduate,OBC,No,Urban,0
3094,27.0,Female,934237.0,Self-employed,3,Secondary,OBC,No,Rural,1
3095,50.0,Female,212776.0,Self-employed,10,Secondary,SC,No,Rural,0
3096,72.0,Male,434346.0,Unemployed,9,Graduate,General,No,Urban,0
3097,67.0,Male,471607.0,Unemployed,7,Graduate,SC,No,Rural,0
3098,22.0,Female,816230.0,Unemployed,6,Secondary,OBC,No,Rural,1
3099,64.0,Male,52526.0,Employed,8,Graduate,SC,No,Urban,0
3100,66.0,Male,992190.0,Employed,8,Secondary,ST,,Rural,0
3101,52.0,Female,,Employed,6,Graduate,SC,No,Rural,1
3102,61.0,Male,318718.0,Self-employed,4,Postgraduate,OBC,No,Urban,1
3103,51.0,Male,320877.0,Unemployed,4,Secondary,General,,Rural,1
3104,50.0,Other,362434.0,Employed,4,Secondary,OBC,,Rural,1
3105,72.0,Female,384937.0,Unemployed,6,Primary,OBC,No,Rural,1
3106,38.0,Male,86051.0,Employed,1,Secondary,General,No,Urban,0
3107,34.0,Other,65909.0,Unemployed,2,Secondary,General,No,Rural,0
3108,39.0,Other,532898.0,Employed,6,Secondary,General,No,Urban,1
3109,,Male,127338.0,,1,Secondary,OBC,,Rural,0
3110,54.0,Male,909864.0,Unemployed,9,Graduate,General,No,Urban,0
3111,32.0,Female,570551.0,Unemployed,6,Postgraduate,OBC,No,Rural,1
3112,52.0,Female,340277.0,Employed,7,Graduate,SC,No,Rural,1
3113,45.0,Female,756931.0,Employed,1,Secondary,SC,,Urban,1
3114,24.0,Female,653350.0,Unemployed,8,Secondary,ST,Yes,Rural,1
3115,49.0,Female,231980.0,Unemployed,5,Graduate,OBC,No,Rural,0
3116,28.0,Male,454494.0,Self-employed,5,Graduate,General,No,Rural,1
3117,27.0,Female,423690.0,Employed,6,Postgraduate,General,No,Urban,1
3118,26.0,Male,625746.0,Self-employed,7,Primary,General,No,Rural,0
3119,31.0,Female,891847.0,Unemployed,7,Graduate,OBC,,Urban,1
3120,30.0,Female,796447.0,Unemployed,5,Graduate,General,No,Urban,0
3121,78.0,Male,890592.0,Unemployed,1,Postgraduate,ST,No,Rural,1
3122,74.0,Female,366543.0,Employed,9,Graduate,OBC,,Rural,0
3123,79.0,Male,861730.0,Employed,6,Graduate,General,No,Urban,1
3124,42.0,Male,281946.0,Unemployed,9,Graduate,General,No,Rural,1
3125,19.0,Female,727551.0,Employed,4,Graduate,OBC,No,Urban,0
3126,52.0,Male,500180.0,Unemployed,2,Secondary,OBC,No,Rural,0
3127,24.0,Female,214164.0,Employed,3,Secondary,ST,No,Rural,0
3128,38.0,Male,139407.0,Employed,4,Graduate,General,No,Rural,1
3129,35.0,Female,256329.0,Employed,10,Secondary,General,No,Rural,0
3130,20.0,Female,547165.0,Unemployed,8,Graduate,OBC,No,Rural,1
3131,,Female,636801.0,Employed,3,Postgraduate,SC,No,Rural,1
3132,71.0,Female,887529.0,Unemployed,8,Graduate,OBC,No,Rural,1
3133,78.0,Female,997783.0,Employed,6,Graduate,OBC,No,Rural,0
3134,56.0,Male,719764.0,Unemployed,4,Graduate,OBC,No,Rural,1
3135,58.0,Male,513238.0,Employed,7,Graduate,OBC,No,Rural,1
3136,66.0,Male,609486.0,Employed,5,Postgraduate,General,,Rural,0
3137,28.0,Male,275295.0,Unemployed,5,Graduate,OBC,No,Rural,0
3138,56.0,Female,886429.0,Employed,9,Graduate,SC,No,Urban,1
3139,41.0,Male,968071.0,Employed,3,Secondary,General,No,Rural,0
3140,77.0,Female,838611.0,,10,Secondary,OBC,,Urban,1
3141,63.0,Female,52019.0,Employed,4,Secondary,General,No,Rural,1
3142,36.0,Male,655743.0,Employed,5,Secondary,OBC,,Rural,0
3143,21.0,Female,790599.0,Employed,1,Graduate,SC,No,Rural,1
3144,43.0,Male,199776.0,Employed,7,Graduate,SC,,Rural,0
3145,55.0,Female,199102.0,Employed,8,Secondary,SC,No,Urban,0
3146,59.0,Male,439027.0,Employed,6,Postgraduate,General,No,Rural,0
3147,49.0,Female,905877.0,Unemployed,9,Graduate,OBC,No,Rural,0
3148,56.0,Other,909983.0,Employed,3,Graduate,General,No,Rural,0
3149,62.0,Male,53420.0,Unemployed,2,Graduate,General,No,Urban,0
3150,63.0,Male,896307.0,Employed,5,Graduate,OBC,No,Urban,0
3151,53.0,Female,228725.0,Employed,9,Secondary,General,No,Rural,0
3152,57.0,Male,591028.0,Employed,1,Graduate,OBC,No,Urban,1
3153,54.0,Female,377407.0,Unemployed,1,Secondary,SC,No,Urban,1
3154,,Female,,Unemployed,10,Graduate,General,No,Rural,1
3155,53.0,Male,593753.0,Self-employed,3,Secondary,ST,,Rural,0
3156,20.0,Female,494648.0,Employed,10,Graduate,General,No,Rural,0
3157,26.0,Female,578419.0,Unemployed,3,Secondary,General,No,Rural,0
3158,25.0,Female,584940.0,Unemployed,5,Graduate,General,No,Rural,0
3159,50.0,Female,508189.0,Employed,4,Secondary,General,No,Urban,1
3160,76.0,Male,792403.0,Employed,6,Postgraduate,OBC,No,Rural,1
3161,23.0,Male,359815.0,Employed,8,Postgraduate,OBC,No,Urban,0
3162,,Other,295289.0,Unemployed,8,Secondary,SC,No,Rural,0
3163,56.0,Female,139342.0,Employed,4,Secondary,General,No,Urban,0
3164,21.0,Male,331315.0,Unemployed,1,Graduate,ST,No,Rural,1
3165,30.0,Female,267201.0,Employed,7,Primary,General,Yes,Urban,0
3166,66.0,Male,309820.0,Employed,6,Primary,General,No,Urban,1
3167,77.0,Male,236764.0,Employed,5,Secondary,ST,No,Rural,0
3168,19.0,Female,108541.0,Employed,4,Graduate,SC,,Rural,1
3169,77.0,Male,59470.0,,6,Secondary,OBC,Yes,Urban,0
3170,22.0,Female,766704.0,Employed,8,Secondary,General,No,Rural,0
3171,61.0,Male,618596.0,Unemployed,6,Graduate,General,No,Urban,1
3172,44.0,Female,988830.0,Employed,3,Primary,OBC,No,Rural,0
3173,49.0,Male,185669.0,Employed,9,Secondary,General,No,Urban,1
3174,,Female,677128.0,Employed,3,Postgraduate,SC,No,Urban,1
3175,25.0,Female,211860.0,Employed,4,Graduate,OBC,No,Rural,1
3176,55.0,Male,99477.0,Employed,5,Secondary,OBC,Yes,Rural,1
3177,25.0,Female,682549.0,Employed,2,Primary,SC,No,Rural,0
3178,67.0,Male,676754.0,Employed,10,Graduate,OBC,,Rural,1
3179,20.0,Male,345215.0,Employed,10,Secondary,General,No,Urban,0
3180,71.0,Female,513819.0,Self-employed,2,Postgraduate,General,No,Rural,1
3181,61.0,Male,505139.0,Employed,6,Graduate,OBC,No,Rural,1
3182,78.0,Female,120560.0,Employed,2,Postgraduate,General,No,Rural,1
3183,75.0,Female,829680.0,Employed,10,Graduate,SC,No,Rural,0
3184,20.0,Female,835566.0,Employed,1,Graduate,General,No,Urban,0
3185,39.0,Male,500708.0,Self-employed,8,Graduate,SC,No,Rural,1
3186,23.0,Male,474986.0,Employed,10,Graduate,OBC,No,Urban,0
3187,19.0,Male,388906.0,Employed,10,Graduate,ST,No,Rural,0
3188,,Female,216471.0,Unemployed,1,Primary,General,No,Rural,0
3189,61.0,Female,564295.0,Employed,10,Graduate,ST,,Rural,0
3190,19.0,Female,294413.0,Self-employed,6,Secondary,SC,No,Rural,0
3191,55.0,Male,238511.0,Self-employed,1,Graduate,OBC,No,Rural,1
3192,34.0,Male,980073.0,Employed,8,Graduate,SC,,Rural,0
3193,52.0,Male,576657.0,Employed,5,Postgraduate,ST,Yes,Rural,0
3194,51.0,Male,422107.0,Employed,3,Graduate,OBC,No,Rural,0
3195,40.0,Male,278629.0,Employed,5,Graduate,ST,No,Rural,0
3196,47.0,Male,836960.0,Employed,1,Secondary,ST,No,Urban,1
3197,69.0,Male,158806.0,Employed,1,Secondary,SC,No,Urban,0
3198,25.0,Male,211386.0,Self-employed,4,Postgraduate,SC,No,Rural,0
3199,39.0,Male,677267.0,Employed,9,Graduate,OBC,No,Rural,1
3200,61.0,Male,985551.0,Unemployed,9,Graduate,OBC,,Rural,0
3201,75.0,Male,856180.0,Unemployed,1,Secondary,OBC,No,Urban,0
3202,53.0,Male,85109.0,Self-employed,3,Graduate,SC,No,Urban,0
3203,22.0,Female,588207.0,Employed,4,Postgraduate,OBC,No,Rural,0
3204,30.0,Male,359642.0,Employed,2,Secondary,OBC,No,Rural,1
3205,46.0,Male,367952.0,Unemployed,7,Graduate,OBC,No,Urban,1
3206,48.0,Male,786152.0,Self-employed,3,Secondary,OBC,No,Rural,1
3207,64.0,Male,644729.0,Self-employed,1,Secondary,SC,No,Rural,1
3208,74.0,Male,425987.0,Unemployed,1,Graduate,SC,No,Rural,1
3209,72.0,Male,556775.0,Employed,3,Secondary,OBC,,Rural,1
3210,33.0,Female,,Employed,6,Secondary,SC,No,Rural,0
3211,59.0,Male,,Employed,4,Graduate,OBC,No,Rural,0
3212,79.0,Male,419591.0,Unemployed,1,Graduate,OBC,No,Urban,0
3213,,Female,514702.0,Employed,7,Secondary,General,No,Rural,0
3214,74.0,Male,116896.0,Unemployed,2,Postgraduate,OBC,No,Urban,0
3215,72.0,Male,153431.0,Self-employed,5,Secondary,OBC,No,Rural,1
3216,33.0,Female,465162.0,Unemployed,8,Postgraduate,OBC,,Rural,0
3217,29.0,Female,621308.0,Employed,7,Graduate,SC,No,Rural,1
3218,34.0,Male,255338.0,Employed,8,Secondary,OBC,No,Rural,0
3219,,Female,566915.0,Self-employed,10,Secondary,OBC,No,Urban,0
3220,29.0,Male,858593.0,Employed,6,Secondary,General,No,Rural,0
3221,25.0,Male,77738.0,Employed,7,Secondary,General,No,Urban,0
3222,37.0,Female,709285.0,Employed,9,Graduate,ST,No,Rural,1
3223,20.0,Male,451679.0,Employed,6,Secondary,ST,No,Urban,1
3224,33.0,Male,107153.0,Employed,9,Secondary,OBC,Yes,Rural,0
3225,47.0,Female,788308.0,Self-employed,2,Graduate,OBC,No,Urban,1
3226,62.0,Female,111009.0,Self-employed,2,Secondary,ST,No,Rural,1
3227,40.0,Male,924370.0,Self-employed,2,Graduate,OBC,No,Urban,0
3228,45.0,Female,935978.0,Employed,6,Secondary,OBC,,Urban,0
3229,68.0,Male,534469.0,Self-employed,2,Graduate,OBC,No,Rural,0
3230,57.0,Female,746912.0,Self-employed,3,Graduate,ST,No,Urban,0
3231,71.0,Male,368415.0,Self-employed,8,Graduate,OBC,Yes,Rural,1
3232,22.0,Male,846229.0,Unemployed,8,Primary,General,No,Urban,1
3233,37.0,Male,398274.0,Unemployed,4,Secondary,General,No,Urban,0
3234,57.0,Male,121942.0,Employed,9,Secondary,General,No,Rural,1
3235,73.0,Male,168065.0,Self-employed,8,Secondary,OBC,,Rural,1
3236,61.0,Female,326109.0,Employed,1,Secondary,OBC,No,Urban,0
3237,18.0,Female,325877.0,Employed,8,Graduate,OBC,No,Urban,0
3238,74.0,Male,496439.0,Self-employed,1,Graduate,SC,No,Rural,0
3239,47.0,Male,439326.0,Employed,4,Graduate,SC,,Rural,1
3240,38.0,Male,569790.0,Employed,10,Graduate,SC,No,Rural,1
3241,37.0,Female,732286.0,Self-employed,6,Graduate,OBC,No,Urban,1
3242,23.0,Female,734143.0,Self-employed,7,Postgraduate,OBC,,Rural,0
3243,39.0,Other,657648.0,Employed,10,Graduate,SC,,Urban,0
3244,35.0,Female,217466.0,Self-employed,4,Graduate,OBC,Yes,Rural,1
3245,25.0,Male,420522.0,,8,Postgraduate,OBC,No,Rural,1
3246,56.0,Male,770156.0,Employed,8,,General,No,Rural,0
3247,,Female,340431.0,Employed,9,Graduate,OBC,No,Urban,0
3248,50.0,Female,132104.0,Employed,6,Graduate,SC,No,Rural,0
3249,,Male,735796.0,Employed,4,Graduate,SC,No,Rural,0
3250,33.0,Male,399060.0,Employed,2,Graduate,General,No,Urban,1
3251,29.0,Female,795692.0,Self-employed,7,Postgraduate,ST,No,Urban,0
3252,55.0,Male,516783.0,Unemployed,10,Secondary,OBC,No,Urban,1
3253,69.0,Male,530699.0,Self-employed,3,Graduate,OBC,No,Urban,0
3254,51.0,Female,839620.0,Unemployed,3,Graduate,General,No,Urban,0
3255,78.0,Male,665493.0,Employed,3,Secondary,OBC,,Urban,0
3256,31.0,Male,282321.0,Self-employed,4,Graduate,OBC,No,Rural,0
3257,53.0,Female,933781.0,Self-employed,2,Graduate,OBC,No,Rural,1
3258,50.0,Female,,Employed,5,Secondary,General,,Rural,1
3259,40.0,Other,494842.0,Employed,3,Postgraduate,OBC,,Urban,1
3260,67.0,Male,794067.0,Unemployed,10,Graduate,SC,No,Rural,0
3261,62.0,Male,191879.0,Unemployed,5,Graduate,OBC,No,Urban,0
3262,19.0,Female,60204.0,Self-employed,7,Graduate,OBC,No,Rural,0
3263,58.0,Female,797962.0,Employed,9,Postgraduate,SC,No,Urban,0
3264,38.0,Male,,Employed,2,Postgraduate,OBC,No,Rural,1
3265,19.0,Female,,Employed,9,Graduate,General,No,Urban,0
3266,44.0,Male,152903.0,Unemployed,10,Graduate,OBC,No,Rural,0
3267,74.0,Male,465874.0,Employed,6,Secondary,OBC,No,Urban,0
3268,26.0,Male,873513.0,Employed,6,Graduate,OBC,No,Rural,0
3269,,Male,830975.0,Employed,3,Postgraduate,OBC,No,Rural,1
3270,28.0,Male,609274.0,Unemployed,10,Graduate,OBC,No,Rural,0
3271,20.0,Female,915754.0,Employed,9,Primary,OBC,No,Rural,0
3272,69.0,Female,931251.0,Employed,4,Secondary,SC,,Rural,1
3273,79.0,Female,966447.0,Self-employed,5,Postgraduate,SC,No,Urban,0
3274,40.0,Male,624592.0,Self-employed,3,Graduate,General,Yes,Rural,1
3275,43.0,Male,902024.0,Employed,5,Graduate,General,No,Rural,1
3276,,Male,370692.0,Employed,8,Graduate,ST,,Rural,0
3277,35.0,Male,410591.0,Self-employed,8,Secondary,OBC,No,Rural,0
3278,72.0,Female,,Employed,8,Graduate,General,No,Urban,0
3279,23.0,Female,386239.0,Unemployed,6,Graduate,ST,No,Rural,1
3280,52.0,Female,141594.0,Unemployed,1,Graduate,OBC,No,Urban,1
3281,39.0,Male,400425.0,Employed,10,Secondary,SC,No,Urban,0
3282,60.0,Male,640439.0,Unemployed,6,Graduate,OBC,,Urban,0
3283,32.0,Female,910030.0,Unemployed,10,Secondary,General,No,Rural,1
3284,39.0,Male,864646.0,Employed,7,Postgraduate,General,No,Urban,1
3285,77.0,Female,875177.0,Employed,9,Postgraduate,OBC,No,Rural,1
3286,54.0,Other,552939.0,Self-employed,8,Graduate,OBC,No,Rural,1
3287,69.0,Male,223620.0,,8,Postgraduate,OBC,No,Rural,0
3288,59.0,Female,,,7,Graduate,SC,No,Rural,1
3289,29.0,Female,188056.0,Self-employed,2,Secondary,SC,,Urban,0
3290,64.0,Male,208651.0,Employed,1,Graduate,General,No,Rural,0
3291,66.0,Female,927242.0,Unemployed,2,Secondary,ST,No,Urban,0
3292,59.0,Male,284347.0,Self-employed,6,Graduate,OBC,No,Rural,1
3293,55.0,Male,760293.0,Employed,2,Secondary,OBC,No,Urban,0
3294,35.0,Female,470615.0,Employed,10,Graduate,General,No,Rural,1
3295,62.0,Female,736841.0,Self-employed,4,Graduate,OBC,No,Urban,0
3296,,Male,50944.0,Employed,10,Secondary,OBC,Yes,Urban,1
3297,,Male,668281.0,Employed,3,Secondary,OBC,No,Rural,0
3298,41.0,Female,321258.0,Self-employed,6,Graduate,General,No,Urban,1
3299,59.0,Female,,Self-employed,8,Graduate,OBC,No,Urban,1
3300,47.0,Female,789026.0,Self-employed,6,Graduate,General,No,Rural,0
3301,,Male,258920.0,Employed,2,Secondary,OBC,,Rural,0
3302,23.0,Female,306805.0,Employed,5,Graduate,OBC,No,Urban,1
3303,20.0,Male,344740.0,Employed,6,Graduate,General,No,Rural,0
3304,,Female,678375.0,Unemployed,9,Graduate,General,No,Rural,0
3305,24.0,Male,843339.0,Unemployed,6,Secondary,SC,No,Rural,1
3306,,Female,305035.0,Employed,10,Postgraduate,ST,No,Urban,1
3307,31.0,Male,209186.0,Employed,5,Secondary,General,No,Rural,0
3308,26.0,Male,861441.0,Unemployed,1,Secondary,OBC,No,Urban,0
3309,32.0,Male,396990.0,Employed,10,Graduate,OBC,No,Urban,1
3310,38.0,Male,886673.0,Employed,5,Secondary,OBC,No,Rural,1
3311,52.0,Female,741085.0,Self-employed,5,Postgraduate,OBC,No,Rural,1
3312,19.0,Female,855428.0,Employed,6,Primary,General,,Urban,0
3313,,Female,449263.0,Unemployed,7,Secondary,OBC,No,Urban,1
3314,19.0,Male,340911.0,Self-employed,4,Secondary,OBC,No,Rural,0
3315,52.0,Female,328491.0,Employed,7,Graduate,SC,No,Urban,0
3316,35.0,Female,152063.0,Employed,5,Primary,General,No,Rural,0
3317,31.0,Male,598390.0,Employed,6,Primary,General,No,Rural,1
3318,37.0,Male,578551.0,Self-employed,4,Secondary,General,No,Rural,1
3319,35.0,Female,420729.0,Employed,8,Graduate,OBC,,Rural,1
3320,27.0,Female,117438.0,Unemployed,9,Graduate,OBC,Yes,Rural,1
3321,42.0,Female,146359.0,Self-employed,2,Graduate,General,No,Urban,0
3322,19.0,Male,473756.0,Self-employed,4,Graduate,General,,Urban,0
3323,42.0,Female,704539.0,Employed,8,Secondary,General,,Urban,0
3324,78.0,Male,544087.0,Self-employed,8,Postgraduate,OBC,,Rural,0
3325,71.0,Female,518942.0,Self-employed,9,Graduate,OBC,No,Rural,1
3326,50.0,Female,506985.0,Employed,3,Secondary,General,No,Rural,0
3327,53.0,Male,746203.0,Employed,1,Graduate,OBC,No,Rural,1
3328,48.0,Female,77690.0,Employed,9,Graduate,OBC,No,Rural,1
3329,31.0,Male,577282.0,Employed,1,,OBC,No,Rural,1
3330,18.0,Other,153533.0,Self-employed,3,Primary,OBC,Yes,Urban,0
3331,,Male,117546.0,Employed,3,Primary,General,,Rural,1
3332,33.0,Male,450593.0,Self-employed,9,Graduate,SC,No,Urban,0
3333,71.0,Male,390716.0,Unemployed,1,Primary,General,No,Urban,0
3334,63.0,Male,600755.0,Unemployed,7,Graduate,SC,No,Rural,0
3335,78.0,Male,820878.0,Unemployed,2,Secondary,General,No,Urban,0
3336,69.0,Female,705408.0,Employed,7,Secondary,OBC,No,Rural,0
3337,20.0,Female,218050.0,Self-employed,1,Secondary,General,No,Rural,1
3338,52.0,Female,559082.0,Employed,10,Primary,OBC,No,Rural,1
3339,58.0,Male,563672.0,Employed,10,Secondary,SC,No,Rural,1
3340,23.0,Female,884038.0,Employed,8,Graduate,OBC,No,Rural,0
3341,42.0,Male,934544.0,Self-employed,10,Graduate,General,No,Rural,1
3342,30.0,Female,647702.0,Self-employed,10,Graduate,SC,No,Urban,1
3343,70.0,Male,929577.0,Employed,2,Primary,OBC,,Urban,1
3344,51.0,Female,754582.0,Employed,3,Postgraduate,OBC,No,Urban,0
3345,25.0,Female,622403.0,Unemployed,8,Postgraduate,ST,No,Urban,0
3346,38.0,Female,926038.0,Employed,3,Primary,General,No,Rural,1
3347,51.0,Male,614935.0,Employed,1,Postgraduate,OBC,No,Rural,0
3348,21.0,Male,104607.0,Unemployed,9,Secondary,OBC,No,Rural,0
3349,42.0,Male,500626.0,Employed,8,Graduate,ST,No,Rural,0
3350,32.0,Female,71996.0,Employed,4,Secondary,ST,No,Rural,0
3351,21.0,Female,133697.0,Employed,8,Graduate,SC,No,Urban,1
3352,62.0,Male,358166.0,Employed,5,Graduate,OBC,No,Rural,1
3353,77.0,Female,876580.0,Employed,3,Secondary,OBC,No,Rural,0
3354,29.0,Female,642052.0,Employed,1,Graduate,SC,No,Rural,0
3355,49.0,Female,928333.0,Employed,10,Graduate,General,No,Urban,0
3356,49.0,Male,402868.0,Employed,5,Graduate,OBC,No,Urban,0
3357,45.0,Male,961198.0,Unemployed,6,Postgraduate,SC,No,Rural,0
3358,30.0,Male,289190.0,Self-employed,4,Postgraduate,SC,No,Rural,1
3359,48.0,Female,58888.0,Employed,7,Postgraduate,SC,No,Rural,0
3360,31.0,Male,794026.0,Self-employed,3,Postgraduate,ST,No,Rural,0
3361,37.0,Female,485413.0,Employed,7,Secondary,OBC,No,Urban,0
3362,35.0,Female,271432.0,Employed,1,Secondary,General,No,Urban,0
3363,46.0,Female,411085.0,Employed,7,Secondary,General,No,Urban,0
3364,77.0,Female,991978.0,Employed,1,Postgraduate,General,No,Rural,0
3365,80.0,Male,329477.0,Unemployed,1,Secondary,OBC,No,Urban,0
3366,23.0,Male,551616.0,Employed,2,Secondary,OBC,,Rural,1
3367,49.0,Female,610643.0,Employed,2,Secondary,General,No,Rural,0
3368,46.0,Male,280487.0,Self-employed,4,Secondary,OBC,No,Rural,1
3369,60.0,Male,703974.0,Employed,1,Secondary,OBC,Yes,Urban,1
3370,79.0,Male,517119.0,Employed,4,Graduate,OBC,No,Urban,1
3371,19.0,Male,736505.0,Employed,2,Primary,OBC,No,Rural,0
3372,77.0,Male,823890.0,Employed,4,Graduate,OBC,No,Urban,0
3373,40.0,Female,299434.0,Employed,4,Graduate,General,No,Rural,1
3374,36.0,Female,939602.0,Employed,9,Graduate,SC,No,Urban,1
3375,48.0,Female,387819.0,Employed,9,Secondary,SC,No,Urban,0
3376,68.0,Male,230926.0,Employed,1,Postgraduate,OBC,No,Rural,0
3377,,Male,641952.0,Unemployed,5,Graduate,ST,,Rural,0
3378,36.0,Male,550638.0,Unemployed,7,Primary,OBC,,Rural,0
3379,51.0,Female,660441.0,Self-employed,4,Graduate,OBC,No,Urban,1
3380,27.0,Male,667904.0,Self-employed,5,Graduate,OBC,No,Rural,0
3381,42.0,Female,871717.0,Self-employed,2,Graduate,OBC,Yes,Rural,0
3382,,Female,306349.0,Unemployed,3,Primary,OBC,No,Rural,0
3383,79.0,Male,460749.0,Unemployed,7,Graduate,OBC,No,Rural,0
3384,28.0,Male,621284.0,Employed,10,Graduate,OBC,,Urban,0
3385,67.0,Other,359091.0,Unemployed,7,Secondary,ST,Yes,Urban,1
3386,78.0,Other,471172.0,Employed,4,Graduate,OBC,No,Urban,1
3387,48.0,Male,887462.0,Self-employed,1,Secondary,OBC,No,Rural,1
3388,,Male,501813.0,Employed,1,Graduate,OBC,,Urban,0
3389,32.0,Other,,Unemployed,4,Secondary,ST,No,Rural,0
3390,26.0,Male,,Employed,4,Secondary,OBC,No,Rural,0
3391,40.0,Male,279685.0,Employed,6,Postgraduate,General,No,Rural,1
3392,36.0,Male,377608.0,Employed,7,Graduate,ST,,Urban,1
3393,26.0,Female,702307.0,Employed,9,Secondary,OBC,No,Urban,0
3394,52.0,Male,185024.0,Employed,9,Graduate,General,,Rural,0
3395,38.0,Male,,Employed,10,Graduate,OBC,No,Urban,1
3396,26.0,Male,694742.0,Employed,5,Graduate,SC,No,Urban,0
3397,45.0,Female,,Employed,10,Graduate,SC,No,Rural,1
3398,79.0,Other,424319.0,Self-employed,3,Graduate,SC,No,Rural,1
3399,63.0,Female,354604.0,Employed,3,Postgraduate,SC,No,Rural,1
3400,68.0,Female,203868.0,Employed,6,Graduate,General,No,Rural,0
3401,24.0,Female,212818.0,Self-employed,1,Secondary,ST,No,Urban,0
3402,33.0,Male,530001.0,Employed,7,Graduate,OBC,,Urban,0
3403,33.0,Male,50015.0,Employed,3,Graduate,SC,No,Rural,1
3404,77.0,Female,886189.0,Employed,5,Graduate,ST,No,Rural,0
3405,50.0,Male,207029.0,Self-employed,7,Primary,ST,No,Rural,0
3406,21.0,Male,655829.0,Employed,7,Graduate,ST,No,Rural,0
3407,21.0,Female,595580.0,,9,Secondary,SC,No,Urban,0
3408,56.0,Male,434838.0,Unemployed,1,Secondary,OBC,No,Rural,1
3409,57.0,Male,212948.0,Employed,3,Secondary,OBC,No,Rural,1
3410,34.0,Other,766087.0,Self-employed,9,Graduate,SC,No,Rural,1
3411,54.0,Female,97046.0,Employed,8,Secondary,General,No,Urban,1
3412,56.0,Male,589105.0,Employed,2,Graduate,ST,,Rural,0
3413,77.0,Other,59759.0,Unemployed,8,Graduate,ST,No,Rural,1
3414,69.0,Female,229504.0,Employed,8,Graduate,General,No,Rural,0
3415,46.0,Female,318556.0,Self-employed,2,Graduate,General,No,Rural,0
3416,69.0,Male,500973.0,Self-employed,8,Secondary,General,,Urban,0
3417,,Male,332648.0,Employed,3,Secondary,SC,No,Rural,1
3418,77.0,Female,420644.0,Self-employed,7,Graduate,General,,Urban,0
3419,55.0,Female,320651.0,,9,Graduate,OBC,No,Rural,1
3420,56.0,Female,71050.0,Self-employed,4,Graduate,OBC,No,Rural,1
3421,67.0,Male,448036.0,Employed,6,Graduate,General,No,Rural,0
3422,80.0,Male,975339.0,Employed,9,Primary,General,No,Urban,0
3423,54.0,Female,536383.0,Employed,5,Graduate,OBC,No,Urban,1
3424,69.0,Male,150153.0,Employed,1,Primary,General,No,Rural,0
3425,80.0,Female,850019.0,Employed,3,Postgraduate,OBC,No,Rural,1
3426,79.0,Male,281329.0,Self-employed,9,Secondary,OBC,No,Rural,0
3427,,Male,632020.0,Self-employed,3,Graduate,SC,No,Urban,1
3428,52.0,Female,626209.0,Employed,10,Primary,General,No,Rural,1
3429,24.0,Female,488715.0,Employed,2,Postgraduate,OBC,No,Rural,0
3430,44.0,Male,692022.0,Self-employed,4,Postgraduate,General,Yes,Urban,0
3431,45.0,Male,966536.0,Employed,5,Secondary,OBC,,Rural,0
3432,39.0,Female,187912.0,Employed,7,Secondary,General,No,Urban,0
3433,31.0,Male,546586.0,Employed,7,Primary,OBC,No,Urban,1
3434,24.0,Female,605728.0,Employed,9,,OBC,No,Urban,0
3435,,Other,609471.0,Employed,8,Secondary,General,No,Urban,1
3436,78.0,Male,932604.0,Unemployed,2,Graduate,SC,No,Rural,1
3437,39.0,Female,707749.0,Unemployed,8,Primary,OBC,No,Rural,1
3438,22.0,Male,688803.0,Employed,8,Graduate,OBC,No,Rural,0
3439,79.0,Female,435327.0,Self-employed,5,,OBC,,Urban,0
3440,72.0,Male,,Employed,3,Graduate,OBC,No,Rural,1
3441,19.0,Other,794821.0,Employed,9,Graduate,ST,No,Rural,1
3442,79.0,Male,689791.0,Employed,7,Primary,ST,No,Urban,0
3443,44.0,Male,89023.0,Employed,1,Graduate,General,No,Urban,0
3444,38.0,Other,231101.0,Employed,8,Graduate,General,No,Rural,0
3445,71.0,Female,352085.0,Employed,10,Graduate,General,No,Rural,1
3446,55.0,Female,497166.0,Employed,5,Secondary,SC,No,Rural,1
3447,32.0,Male,958109.0,Employed,6,Graduate,General,No,Rural,0
3448,38.0,Female,792319.0,Unemployed,9,Postgraduate,OBC,Yes,Rural,1
3449,27.0,Male,126054.0,Unemployed,10,Postgraduate,General,No,Rural,0
3450,40.0,Male,377507.0,Employed,8,Graduate,OBC,No,Rural,1
3451,75.0,Female,551772.0,Unemployed,3,Graduate,SC,No,Rural,1
3452,,Male,636030.0,Self-employed,5,Secondary,OBC,No,Rural,1
3453,56.0,Female,541112.0,Unemployed,4,Primary,OBC,No,Urban,1
3454,22.0,Female,619503.0,Employed,1,Graduate,General,Yes,Rural,0
3455,18.0,Female,884289.0,Employed,5,Secondary,General,No,Rural,1
3456,30.0,Female,891908.0,Self-employed,10,Secondary,OBC,No,Rural,1
3457,38.0,Female,209245.0,Employed,7,Postgraduate,General,No,Urban,1
3458,43.0,Male,452611.0,Employed,1,Postgraduate,OBC,No,Urban,0
3459,67.0,Female,896200.0,Employed,4,Postgraduate,SC,No,Rural,0
3460,62.0,Male,291443.0,Unemployed,6,Secondary,OBC,No,Urban,0
3461,38.0,Male,527959.0,Unemployed,9,Postgraduate,ST,No,Rural,0
3462,70.0,Female,153591.0,Employed,8,Secondary,SC,No,Rural,0
3463,35.0,Female,299045.0,Employed,2,Graduate,ST,No,Rural,0
3464,54.0,Female,620517.0,Self-employed,3,Graduate,ST,No,Rural,1
3465,62.0,Male,994143.0,Employed,10,Graduate,SC,No,Urban,1
3466,49.0,Female,948138.0,Employed,5,Postgraduate,General,,Rural,0
3467,53.0,Male,112583.0,Employed,7,Secondary,SC,,Urban,0
3468,34.0,Female,305931.0,Self-employed,3,Graduate,OBC,No,Rural,1
3469,52.0,Female,,Unemployed,7,Primary,OBC,No,Rural,0
3470,66.0,Female,700299.0,Self-employed,5,Postgraduate,SC,No,Rural,1
3471,77.0,Male,516185.0,Employed,10,Graduate,General,No,Rural,1
3472,28.0,Male,342248.0,Employed,6,Graduate,OBC,No,Urban,0
3473,80.0,Male,814948.0,Employed,6,Graduate,General,No,Urban,1
3474,38.0,Female,874026.0,Self-employed,4,Graduate,OBC,,Rural,0
3475,69.0,Female,315808.0,Employed,8,Graduate,General,No,Rural,0
3476,72.0,Male,846960.0,Employed,9,Secondary,General,No,Rural,1
3477,70.0,Female,733550.0,Unemployed,2,Graduate,OBC,,Urban,1
3478,43.0,Female,771393.0,Employed,9,Postgraduate,OBC,No,Rural,1
3479,79.0,Female,504377.0,Employed,4,Graduate,OBC,No,Rural,1
3480,21.0,Female,778537.0,Self-employed,6,Secondary,General,No,Rural,1
3481,51.0,Female,702692.0,,7,Primary,ST,No,Rural,1
3482,69.0,Male,251664.0,Employed,4,Graduate,OBC,Yes,Urban,1
3483,65.0,Male,345043.0,Employed,8,Graduate,SC,No,Rural,1
3484,77.0,Male,907411.0,Employed,10,Secondary,General,,Urban,0
3485,35.0,Other,591529.0,Employed,8,Graduate,OBC,No,Urban,1
3486,57.0,Female,882643.0,Unemployed,1,Postgraduate,General,No,Urban,0
3487,52.0,Female,637760.0,Employed,8,Graduate,General,No,Urban,0
3488,58.0,Male,255320.0,Self-employed,10,Secondary,OBC,No,Urban,0
3489,46.0,Male,81346.0,Employed,3,Postgraduate,OBC,No,Rural,0
3490,69.0,Male,655484.0,Employed,5,Graduate,OBC,,Rural,0
3491,46.0,Male,416595.0,Employed,10,Graduate,OBC,No,Rural,0
3492,55.0,Female,782484.0,Unemployed,8,Secondary,OBC,No,Rural,1
3493,59.0,Other,939340.0,Employed,6,Graduate,SC,No,Rural,0
3494,38.0,Female,485436.0,Self-employed,4,Graduate,OBC,No,Rural,0
3495,59.0,Female,,Unemployed,4,Graduate,General,No,Rural,1
3496,30.0,Male,885599.0,Self-employed,4,Secondary,ST,No,Rural,1
3497,66.0,Male,872805.0,Unemployed,6,Graduate,General,No,Urban,0
3498,58.0,Male,903575.0,Employed,7,Secondary,SC,,Urban,1
3499,34.0,Female,694911.0,Self-employed,5,Secondary,OBC,No,Urban,1
3500,73.0,Female,946445.0,Self-employed,10,Graduate,SC,No,Rural,0
3501,26.0,Male,52016.0,Self-employed,8,Postgraduate,OBC,,Rural,1
3502,58.0,Male,905542.0,Employed,7,Secondary,SC,No,Rural,1
3503,18.0,Male,573195.0,Unemployed,8,Secondary,OBC,Yes,Rural,1
3504,19.0,Male,581562.0,Employed,4,Graduate,OBC,No,Rural,0
3505,77.0,Male,65748.0,Employed,8,Graduate,General,No,Urban,0
3506,65.0,Male,463391.0,Unemployed,6,Graduate,OBC,No,Urban,0
3507,46.0,Male,547926.0,Self-employed,3,Primary,General,No,Rural,0
3508,50.0,Female,586114.0,Employed,8,Primary,General,No,Urban,0
3509,27.0,Female,919440.0,Self-employed,7,Graduate,SC,No,Urban,0
3510,67.0,Male,703576.0,Employed,10,Graduate,ST,No,Urban,0
3511,75.0,Male,477345.0,Employed,5,Postgraduate,SC,No,Rural,0
3512,77.0,Male,251081.0,Employed,4,Graduate,OBC,,Urban,0
3513,57.0,Male,825342.0,Employed,1,Graduate,OBC,No,Rural,0
3514,38.0,Male,466706.0,,10,Postgraduate,General,No,Rural,0
3515,45.0,Female,942055.0,Employed,3,Secondary,OBC,,Urban,1
3516,28.0,Female,222507.0,Employed,2,Graduate,General,No,Rural,1
3517,72.0,Female,780377.0,Employed,8,Primary,ST,No,Urban,0
3518,51.0,Male,976024.0,Employed,8,Secondary,SC,No,Urban,0
3519,25.0,Female,570140.0,Self-employed,5,Secondary,General,No,Rural,0
3520,76.0,Male,273023.0,Employed,5,,ST,No,Rural,1
3521,39.0,Male,395250.0,Employed,4,Postgraduate,General,,Rural,0
3522,25.0,Female,767237.0,Self-employed,1,Graduate,SC,No,Rural,0
3523,66.0,Female,987302.0,Employed,1,Postgraduate,General,No,Rural,0
3524,32.0,Female,366782.0,Self-employed,6,Graduate,General,No,Rural,0
3525,34.0,Female,119072.0,Employed,4,Graduate,OBC,Yes,Rural,0
3526,77.0,Female,117309.0,Employed,4,Primary,General,No,Urban,1
3527,40.0,Female,210966.0,Self-employed,3,Graduate,OBC,No,Rural,0
3528,41.0,Female,551775.0,Self-employed,9,Graduate,SC,No,Urban,1
3529,62.0,Female,436868.0,Employed,3,Primary,SC,No,Rural,1
3530,36.0,Female,235639.0,Unemployed,8,Graduate,ST,,Rural,0
3531,22.0,Other,964275.0,Self-employed,2,Secondary,OBC,,Urban,0
3532,49.0,Female,609614.0,Employed,4,Graduate,General,No,Rural,0
3533,61.0,Male,760419.0,Employed,1,Graduate,SC,No,Urban,1
3534,18.0,Female,841511.0,Employed,5,Postgraduate,General,No,Urban,0
3535,40.0,Male,993342.0,Employed,2,Primary,General,Yes,Urban,0
3536,54.0,Male,433556.0,Employed,1,Graduate,General,No,Rural,0
3537,25.0,Male,661628.0,Self-employed,1,Graduate,General,No,Urban,0
3538,30.0,Female,921643.0,Employed,2,Primary,General,No,Urban,0
3539,25.0,Female,468810.0,Self-employed,5,Graduate,OBC,No,Rural,1
3540,74.0,Male,354893.0,Employed,9,Secondary,OBC,No,Urban,1
3541,40.0,Male,741652.0,Employed,6,Secondary,OBC,No,Rural,1
3542,60.0,Male,692480.0,Unemployed,4,Secondary,SC,No,Rural,0
3543,18.0,Female,910966.0,Employed,3,Graduate,SC,No,Rural,0
3544,62.0,Male,301749.0,Employed,8,Secondary,OBC,,Rural,0
3545,68.0,Male,915665.0,Employed,3,Graduate,SC,No,Rural,1
3546,41.0,Male,626106.0,Unemployed,1,Secondary,General,No,Rural,1
3547,52.0,Female,948342.0,Employed,4,Secondary,OBC,No,Rural,0
3548,41.0,Male,587717.0,Employed,5,Secondary,OBC,,Rural,1
3549,34.0,Female,632036.0,Self-employed,5,Graduate,SC,No,Urban,1
3550,22.0,Male,623095.0,Self-employed,5,Secondary,OBC,No,Rural,1
3551,37.0,Female,319284.0,Employed,8,Primary,OBC,No,Urban,1
3552,38.0,Male,375370.0,Employed,8,Graduate,SC,No,Rural,0
3553,57.0,Female,812449.0,Unemployed,4,Graduate,General,No,Urban,0
3554,75.0,Male,458117.0,Self-employed,9,Secondary,ST,No,Rural,1
3555,48.0,Female,925247.0,Employed,1,Graduate,OBC,No,Rural,1
3556,63.0,Female,864957.0,Employed,5,Primary,SC,,Urban,1
3557,53.0,Female,332635.0,Self-employed,5,Graduate,General,No,Urban,1
3558,28.0,Female,,Self-employed,5,Secondary,OBC,No,Urban,0
3559,69.0,Male,216052.0,Unemployed,8,Secondary,OBC,No,Rural,0
3560,32.0,Female,556733.0,Employed,9,Secondary,General,No,Urban,1
3561,36.0,Female,276597.0,Employed,3,Secondary,OBC,No,Rural,0
3562,24.0,Male,58078.0,Unemployed,9,Graduate,SC,No,Rural,0
3563,68.0,Female,665942.0,Employed,8,Secondary,OBC,,Rural,1
3564,45.0,Male,179101.0,Employed,3,Secondary,ST,No,Rural,0
3565,68.0,Male,532737.0,Employed,2,Graduate,OBC,No,Rural,1
3566,60.0,Male,491920.0,Employed,4,Graduate,OBC,No,Urban,0
3567,75.0,Male,591285.0,Employed,2,Primary,General,No,Urban,0
3568,22.0,Female,523026.0,Self-employed,4,Secondary,ST,No,Rural,0
3569,22.0,Male,706228.0,Unemployed,5,Secondary,ST,,Urban,1
3570,,Male,558715.0,Self-employed,2,Secondary,General,No,Urban,1
3571,71.0,Male,469614.0,Self-employed,8,Secondary,General,No,Rural,0
3572,49.0,Female,262650.0,Employed,1,Primary,General,No,Rural,0
3573,25.0,Female,409500.0,Employed,3,Graduate,OBC,No,Rural,0
3574,27.0,Male,425855.0,Employed,7,Postgraduate,SC,No,Rural,1
3575,55.0,Male,857678.0,Employed,10,Graduate,General,No,Urban,0
3576,64.0,Male,201633.0,,1,Secondary,SC,No,Rural,0
3577,49.0,Female,983758.0,Employed,2,Graduate,SC,No,Rural,0
3578,65.0,Female,84512.0,Employed,3,Graduate,SC,No,Rural,1
3579,45.0,Male,275226.0,Employed,2,Graduate,OBC,No,Rural,0
3580,34.0,Male,258467.0,Employed,2,Graduate,SC,No,Rural,0
3581,48.0,Female,894297.0,Unemployed,6,Graduate,General,No,Rural,0
3582,25.0,Female,991084.0,Employed,7,Secondary,SC,No,Urban,0
3583,57.0,Male,514175.0,Employed,6,Graduate,SC,No,Rural,1
3584,42.0,Male,939825.0,Employed,6,Secondary,OBC,No,Rural,0
3585,26.0,Male,646432.0,Self-employed,9,Primary,OBC,No,Urban,0
3586,19.0,Female,747845.0,Employed,8,Secondary,General,No,Rural,1
3587,32.0,Female,167363.0,Employed,8,Graduate,General,,Rural,1
3588,67.0,Female,362809.0,Employed,6,Graduate,SC,No,Rural,0
3589,20.0,Female,775772.0,Employed,5,Postgraduate,General,,Rural,0
3590,66.0,Male,231675.0,Employed,9,Secondary,OBC,No,Rural,1
3591,53.0,Female,202110.0,Unemployed,2,Secondary,OBC,,Rural,1
3592,79.0,Female,667830.0,Unemployed,7,Postgraduate,General,No,Rural,1
3593,21.0,Male,937743.0,Unemployed,6,Postgraduate,General,No,Urban,1
3594,31.0,Female,539562.0,Employed,7,Graduate,SC,No,Rural,1
3595,58.0,Male,850757.0,Employed,4,Secondary,SC,No,Rural,0
3596,58.0,Male,216964.0,Employed,9,Graduate,OBC,No,Urban,0
3597,42.0,Female,444969.0,Employed,7,Secondary,SC,No,Urban,1
3598,75.0,Female,723356.0,Employed,2,Postgraduate,OBC,,Urban,1
3599,72.0,Female,905243.0,Employed,4,Graduate,OBC,,Rural,1
3600,79.0,Male,779643.0,Unemployed,5,Secondary,General,Yes,Rural,1
3601,80.0,Female,166737.0,Unemployed,2,Postgraduate,OBC,,Rural,0
3602,67.0,Female,506036.0,Self-employed,10,Graduate,ST,No,Urban,1
3603,27.0,Male,312968.0,Unemployed,8,Postgraduate,General,No,Rural,0
3604,38.0,Other,457096.0,Employed,1,Postgraduate,OBC,,Urban,0
3605,53.0,Female,814705.0,Employed,3,Primary,General,,Urban,0
3606,29.0,Male,692006.0,Employed,1,Secondary,General,No,Urban,1
3607,44.0,Female,378761.0,Employed,5,Graduate,General,No,Urban,0
3608,57.0,Male,323661.0,Employed,8,Postgraduate,OBC,,Rural,1
3609,19.0,Male,727043.0,Employed,7,,OBC,No,Rural,1
3610,71.0,Male,460092.0,Employed,9,Graduate,SC,,Rural,1
3611,30.0,Other,415212.0,Unemployed,2,Secondary,General,No,Rural,0
3612,70.0,Male,517018.0,Unemployed,8,Secondary,General,No,Rural,0
3613,49.0,Female,782079.0,Employed,8,Graduate,SC,No,Rural,0
3614,48.0,Male,823408.0,Employed,6,Graduate,SC,No,Urban,1
3615,33.0,Female,828610.0,Employed,3,Graduate,General,,Urban,1
3616,49.0,Female,529818.0,Unemployed,2,Graduate,SC,,Urban,0
3617,49.0,Female,951448.0,Employed,8,Graduate,SC,No,Rural,0
3618,77.0,Male,259485.0,Unemployed,6,Postgraduate,General,No,Rural,1
3619,51.0,Female,322126.0,Employed,4,Secondary,SC,No,Rural,0
3620,28.0,Other,469814.0,Employed,5,Secondary,SC,,Rural,0
3621,27.0,Female,195711.0,Employed,5,Graduate,OBC,No,Urban,0
3622,32.0,Female,644498.0,Employed,9,Postgraduate,General,No,Rural,0
3623,34.0,Female,644140.0,Employed,9,Secondary,OBC,No,Rural,0
3624,57.0,Male,950050.0,Unemployed,8,Secondary,OBC,,Rural,1
3625,35.0,Female,,Employed,8,Secondary,OBC,,Rural,0
3626,72.0,Female,59695.0,Employed,2,Secondary,OBC,,Urban,0
3627,26.0,Male,98582.0,Self-employed,3,Secondary,SC,No,Urban,0
3628,,Male,343238.0,Employed,8,Graduate,SC,,Urban,1
3629,57.0,Male,765995.0,Employed,5,Secondary,OBC,,Rural,0
3630,76.0,Female,334331.0,Employed,7,Graduate,General,No,Urban,0
3631,31.0,Female,954445.0,Unemployed,8,Primary,General,No,Rural,0
3632,77.0,Male,703009.0,Unemployed,6,Secondary,General,No,Urban,1
3633,75.0,Male,680971.0,Employed,5,Graduate,General,No,Urban,1
3634,42.0,Male,837646.0,Self-employed,8,Graduate,SC,No,Rural,1
3635,67.0,Male,,Unemployed,1,Secondary,General,No,Urban,1
3636,39.0,Male,569382.0,Employed,1,Graduate,General,No,Rural,1
3637,69.0,Female,618694.0,Unemployed,1,Secondary,OBC,No,Rural,1
3638,47.0,Male,197049.0,Employed,3,,ST,No,Rural,1
3639,37.0,Female,488055.0,Unemployed,10,Graduate,OBC,No,Urban,1
3640,38.0,Female,501090.0,Employed,6,Postgraduate,OBC,No,Urban,0
3641,61.0,Male,894846.0,Unemployed,6,Graduate,ST,No,Urban,1
3642,49.0,Female,413584.0,Employed,5,Secondary,OBC,,Rural,0
3643,68.0,Female,993042.0,Self-employed,7,Graduate,General,No,Rural,1
3644,63.0,Female,285994.0,Employed,5,Secondary,General,,Urban,1
3645,66.0,Male,940001.0,,2,Graduate,SC,,Rural,1
3646,73.0,Male,761601.0,Employed,4,Secondary,SC,No,Rural,1
3647,38.0,Male,254573.0,Self-employed,1,Graduate,OBC,No,Rural,0
3648,52.0,Male,780493.0,Unemployed,7,Secondary,General,No,Rural,1
3649,75.0,Male,110481.0,Employed,4,Postgraduate,OBC,No,Rural,1
3650,49.0,Male,812372.0,Self-employed,4,Secondary,General,No,Rural,1
3651,47.0,Male,339884.0,Employed,4,Postgraduate,SC,No,Urban,1
3652,72.0,Male,899760.0,Unemployed,3,Secondary,OBC,No,Urban,1
3653,56.0,Male,546733.0,Unemployed,8,Secondary,General,No,Urban,0
3654,66.0,Male,324025.0,Employed,4,Secondary,OBC,No,Rural,0
3655,29.0,Other,349140.0,Self-employed,8,Postgraduate,General,No,Urban,0
3656,58.0,Male,737537.0,Employed,9,Secondary,OBC,No,Rural,0
3657,64.0,Female,696484.0,Employed,1,Secondary,General,No,Rural,1
3658,35.0,Male,611465.0,Self-employed,4,Secondary,SC,No,Rural,1
3659,38.0,Female,116126.0,Unemployed,6,Postgraduate,SC,No,Urban,1
3660,,Male,368675.0,Employed,8,Secondary,SC,No,Rural,0
3661,79.0,Female,76119.0,Employed,6,Secondary,OBC,No,Rural,0
3662,38.0,Female,692032.0,Unemployed,6,Postgraduate,OBC,No,Rural,0
3663,79.0,Male,166894.0,Employed,10,Postgraduate,General,No,Urban,0
3664,25.0,Female,208987.0,Self-employed,4,Secondary,General,No,Urban,1
3665,63.0,Female,445924.0,Unemployed,9,Postgraduate,OBC,,Urban,1
3666,57.0,Male,,Employed,7,Secondary,ST,No,Rural,0
3667,63.0,Female,94989.0,Employed,6,Primary,General,No,Urban,1
3668,24.0,Female,858538.0,Employed,1,Graduate,OBC,No,Urban,1
3669,40.0,Female,853563.0,Employed,2,Graduate,General,,Rural,0
3670,61.0,Male,882985.0,Unemployed,6,Secondary,General,No,Urban,1
3671,49.0,Female,56553.0,Self-employed,1,Primary,General,No,Rural,1
3672,28.0,Female,592169.0,Employed,5,Secondary,OBC,No,Rural,1
3673,39.0,Female,51379.0,Employed,1,Graduate,General,,Rural,0
3674,39.0,Female,402935.0,Employed,3,Postgraduate,OBC,No,Rural,0
3675,60.0,Male,417808.0,Unemployed,7,Secondary,OBC,No,Rural,1
3676,42.0,Female,119306.0,Unemployed,5,Graduate,OBC,No,Urban,0
3677,39.0,Male,462942.0,Unemployed,10,Secondary,OBC,No,Rural,1
3678,45.0,Male,293825.0,Employed,1,Graduate,OBC,,Rural,1
3679,46.0,Female,976592.0,Self-employed,1,Primary,General,No,Rural,0
3680,30.0,Female,477530.0,Employed,8,Graduate,ST,No,Rural,0
3681,35.0,Male,561030.0,Unemployed,9,,OBC,No,Urban,1
3682,19.0,Female,678800.0,Unemployed,7,Postgraduate,General,No,Rural,1
3683,46.0,Male,328494.0,Unemployed,3,Secondary,General,No,Rural,1
3684,38.0,Male,550395.0,Employed,6,Secondary,OBC,No,Urban,0
3685,32.0,Female,149599.0,Unemployed,3,Graduate,General,No,Rural,1
3686,69.0,Male,,Employed,10,Graduate,General,No,Urban,0
3687,44.0,Male,391653.0,Unemployed,4,Secondary,OBC,No,Rural,0
3688,67.0,Male,592057.0,Employed,4,Graduate,General,No,Urban,0
3689,48.0,Female,752609.0,Employed,3,Graduate,OBC,No,Urban,1
3690,32.0,Male,675872.0,Employed,10,Graduate,General,No,Urban,1
3691,68.0,Male,358509.0,Self-employed,6,Secondary,OBC,No,Urban,0
3692,40.0,Female,362329.0,Employed,5,Secondary,OBC,No,Urban,1
3693,41.0,Female,708146.0,Unemployed,9,Postgraduate,OBC,No,Rural,1
3694,61.0,Male,805897.0,Unemployed,9,Primary,OBC,No,Rural,1
3695,30.0,Female,176525.0,,3,Graduate,ST,No,Urban,1
3696,39.0,Male,444836.0,Employed,9,Graduate,General,No,Rural,1
3697,60.0,Other,610591.0,Unemployed,3,Primary,ST,No,Rural,0
3698,54.0,Male,69589.0,Employed,4,Secondary,OBC,Yes,Rural,1
3699,78.0,Male,315026.0,Employed,1,Postgraduate,OBC,No,Rural,0
3700,50.0,Male,230394.0,Employed,5,Primary,General,No,Urban,1
3701,73.0,Male,703524.0,Employed,9,Graduate,General,No,Urban,0
3702,20.0,Female,467740.0,Employed,2,Graduate,General,No,Rural,1
3703,80.0,Male,846177.0,Employed,4,Secondary,General,No,Urban,1
3704,71.0,Male,65861.0,Employed,10,Secondary,OBC,No,Urban,0
3705,36.0,Female,665995.0,Employed,2,Postgraduate,General,Yes,Rural,0
3706,40.0,Female,366405.0,Employed,8,Graduate,ST,No,Rural,1
3707,46.0,Male,829331.0,Employed,9,Secondary,General,No,Urban,0
3708,47.0,Male,,Self-employed,3,Secondary,ST,No,Rural,0
3709,56.0,Male,386279.0,Employed,9,,General,No,Rural,1
3710,61.0,Male,628668.0,Employed,6,Graduate,OBC,,Rural,0
3711,64.0,Male,922521.0,Employed,6,Graduate,SC,,Rural,0
3712,42.0,Female,679313.0,Employed,7,Postgraduate,SC,No,Urban,1
3713,54.0,Female,755191.0,Employed,5,Graduate,SC,,Urban,1
3714,64.0,Male,270421.0,Employed,6,Postgraduate,OBC,,Rural,1
3715,25.0,Male,294497.0,Self-employed,1,Graduate,OBC,No,Urban,1
3716,59.0,Male,734880.0,Unemployed,3,Secondary,General,No,Rural,0
3717,75.0,Male,472757.0,Unemployed,9,Graduate,OBC,No,Rural,1
3718,33.0,Male,994854.0,Self-employed,5,Graduate,ST,No,Urban,1
3719,25.0,Female,94397.0,Self-employed,5,Secondary,General,No,Rural,0
3720,18.0,Female,913517.0,Unemployed,8,Secondary,SC,No,Urban,1
3721,,Other,900297.0,Unemployed,2,Graduate,General,No,Urban,0
3722,22.0,Female,892388.0,Employed,7,Graduate,OBC,No,Rural,1
3723,20.0,Male,,Employed,9,Postgraduate,OBC,No,Urban,1
3724,18.0,Female,505561.0,Employed,7,Postgraduate,SC,No,Rural,0
3725,21.0,Male,,Employed,5,Secondary,SC,No,Rural,0
3726,57.0,Male,456122.0,Self-employed,6,Graduate,General,No,Urban,0
3727,52.0,Female,327132.0,Employed,4,Primary,OBC,No,Urban,0
3728,49.0,Male,208795.0,Unemployed,7,Secondary,General,No,Rural,0
3729,59.0,Female,608088.0,Employed,1,Secondary,OBC,No,Urban,1
3730,51.0,Male,208502.0,Employed,4,Graduate,General,No,Rural,1
3731,60.0,Female,475751.0,Employed,3,Secondary,General,No,Rural,1
3732,42.0,Female,249548.0,Employed,4,Secondary,ST,No,Urban,0
3733,27.0,Female,307653.0,Employed,1,Secondary,General,,Urban,0
3734,38.0,Female,923761.0,Employed,2,Secondary,SC,,Rural,0
3735,63.0,Male,626572.0,Employed,9,Postgraduate,OBC,No,Urban,0
3736,56.0,Female,630520.0,Employed,7,Postgraduate,General,No,Urban,0
3737,44.0,Other,94420.0,Unemployed,6,Graduate,OBC,No,Urban,1
3738,44.0,Female,874142.0,Employed,2,Graduate,SC,,Urban,1
3739,19.0,Female,,Employed,1,Graduate,OBC,No,Urban,1
3740,58.0,Female,666323.0,Employed,2,Graduate,General,No,Rural,0
3741,65.0,Female,483714.0,Employed,7,Graduate,General,No,Rural,1
3742,30.0,Female,867715.0,Employed,2,Primary,General,No,Urban,0
3743,26.0,Female,247241.0,Employed,3,Secondary,ST,No,Rural,0
3744,69.0,Female,767817.0,Employed,8,Secondary,General,No,Rural,1
3745,53.0,Male,299863.0,Self-employed,7,Secondary,General,No,Rural,0
3746,39.0,Male,75968.0,Employed,9,Secondary,OBC,No,Rural,0
3747,59.0,Male,112508.0,Employed,4,Graduate,SC,No,Urban,0
3748,43.0,Male,810151.0,Employed,7,Graduate,General,No,Rural,0
3749,75.0,Male,768580.0,Employed,1,Primary,General,Yes,Rural,0
3750,71.0,Female,425579.0,Employed,2,Secondary,SC,No,Urban,1
3751,29.0,Male,135366.0,Self-employed,7,Graduate,General,No,Urban,1
3752,34.0,Male,580026.0,Self-employed,2,Secondary,OBC,No,Rural,1
3753,31.0,Female,,Employed,6,Primary,General,No,Rural,0
3754,31.0,Other,145424.0,Self-employed,10,Graduate,OBC,,Urban,1
3755,74.0,Female,778993.0,Employed,9,Graduate,OBC,No,Urban,1
3756,51.0,Other,652960.0,Unemployed,5,Postgraduate,ST,No,Rural,0
3757,70.0,Female,350388.0,Unemployed,10,Graduate,General,No,Rural,1
3758,74.0,Male,713613.0,Unemployed,7,Postgraduate,OBC,Yes,Rural,0
3759,37.0,Female,890765.0,Employed,1,Primary,General,No,Rural,1
3760,28.0,Female,175349.0,Employed,8,Secondary,SC,,Rural,1
3761,33.0,Male,625257.0,Employed,9,Secondary,General,No,Urban,1
3762,68.0,Male,665032.0,Employed,5,Secondary,OBC,No,Rural,0
3763,48.0,Female,251495.0,Employed,6,Graduate,SC,Yes,Urban,0
3764,72.0,Male,167286.0,Employed,8,Graduate,ST,No,Rural,0
3765,23.0,Female,125028.0,Employed,4,Postgraduate,SC,No,Rural,0
3766,73.0,Male,871853.0,Unemployed,2,Postgraduate,General,,Rural,0
3767,36.0,Female,968958.0,Employed,10,Graduate,OBC,No,Rural,1
3768,54.0,Female,985026.0,Self-employed,8,Graduate,SC,No,Rural,0
3769,75.0,Male,88575.0,Employed,2,Secondary,ST,,Urban,0
3770,21.0,Male,577480.0,Self-employed,5,Graduate,OBC,No,Urban,0
3771,64.0,Female,,Employed,6,Postgraduate,SC,No,Urban,1
3772,78.0,Female,,Employed,5,Primary,OBC,No,Urban,1
3773,21.0,Female,964306.0,Self-employed,6,Graduate,OBC,No,Rural,1
3774,37.0,Female,655599.0,Employed,6,Postgraduate,OBC,No,Urban,0
3775,27.0,Female,977906.0,Employed,3,Secondary,OBC,No,Urban,0
3776,41.0,Male,655069.0,Employed,3,,OBC,No,Rural,0
3777,71.0,Male,610815.0,Employed,9,Primary,SC,No,Urban,1
3778,52.0,Male,626469.0,Employed,3,Postgraduate,General,No,Rural,0
3779,,Female,665760.0,Employed,3,Secondary,General,No,Rural,1
3780,54.0,Male,994506.0,Self-employed,2,Secondary,OBC,No,Rural,1
3781,55.0,Male,655507.0,Unemployed,7,Secondary,OBC,,Urban,0
3782,38.0,Female,979964.0,Employed,10,Graduate,OBC,No,Urban,0
3783,71.0,Female,,Self-employed,10,Postgraduate,General,No,Urban,1
3784,57.0,Male,211554.0,Employed,4,Graduate,OBC,,Rural,0
3785,56.0,Male,983951.0,Employed,1,Postgraduate,General,No,Rural,0
3786,38.0,Male,229300.0,Employed,6,Graduate,OBC,No,Urban,1
3787,27.0,Male,657553.0,Unemployed,5,Primary,General,,Rural,1
3788,55.0,Female,100126.0,Employed,2,Graduate,OBC,No,Rural,1
3789,63.0,Male,856977.0,Unemployed,6,Secondary,OBC,No,Rural,0
3790,21.0,Female,105114.0,Employed,1,Graduate,OBC,No,Rural,1
3791,77.0,Female,405884.0,Self-employed,3,Primary,OBC,No,Urban,1
3792,74.0,Male,256422.0,Unemployed,4,Secondary,General,No,Urban,0
3793,62.0,Other,763161.0,Employed,3,Graduate,General,No,Rural,1
3794,37.0,Male,850322.0,Unemployed,6,Secondary,SC,No,Rural,1
3795,34.0,Male,,Employed,4,Graduate,OBC,No,Rural,0
3796,72.0,Male,364626.0,Employed,1,Postgraduate,General,No,Rural,0
3797,24.0,Male,244469.0,Employed,5,Primary,SC,No,Urban,1
3798,21.0,Male,969244.0,Employed,5,Graduate,OBC,No,Rural,0
3799,46.0,Male,,Self-employed,9,Graduate,SC,No,Rural,1
3800,31.0,Female,192290.0,Employed,8,Primary,SC,No,Rural,1
3801,20.0,Female,383735.0,Employed,8,Graduate,General,No,Rural,1
3802,41.0,Female,662529.0,Employed,5,Secondary,OBC,Yes,Urban,0
3803,,Male,871154.0,Employed,8,Secondary,OBC,No,Rural,1
3804,33.0,Female,885863.0,Employed,10,Primary,SC,No,Rural,0
3805,75.0,Female,232615.0,Unemployed,7,Graduate,SC,No,Rural,0
3806,72.0,Female,354144.0,Self-employed,1,Graduate,General,No,Urban,1
3807,69.0,Female,908407.0,Employed,7,Secondary,OBC,No,Urban,1
3808,21.0,Female,605209.0,Employed,8,Secondary,SC,,Rural,0
3809,73.0,Male,935697.0,Employed,3,Graduate,General,No,Urban,0
3810,79.0,Female,400891.0,Self-employed,9,Postgraduate,OBC,No,Urban,0
3811,41.0,Male,211686.0,Employed,8,Graduate,OBC,,Rural,1
3812,51.0,Other,766549.0,Employed,2,Secondary,OBC,No,Urban,1
3813,47.0,Male,,Unemployed,6,Primary,SC,No,Rural,0
3814,35.0,Male,667620.0,,4,Postgraduate,OBC,No,Urban,0
3815,36.0,Male,435398.0,Employed,3,Primary,OBC,No,Rural,0
3816,48.0,Female,776903.0,Unemployed,6,Primary,ST,No,Rural,1
3817,77.0,Male,988018.0,Employed,10,,General,No,Urban,0
3818,77.0,Male,510828.0,Employed,9,Graduate,OBC,No,Rural,0
3819,36.0,Female,431148.0,Employed,2,Graduate,General,No,Rural,1
3820,66.0,Female,809860.0,Employed,10,Primary,SC,,Urban,1
3821,,Male,983796.0,Employed,10,Graduate,General,No,Urban,1
3822,63.0,Male,,Self-employed,10,Graduate,General,,Urban,1
3823,36.0,Female,340144.0,Employed,5,Graduate,SC,No,Rural,1
3824,39.0,Female,180439.0,Unemployed,6,Secondary,General,No,Rural,1
3825,41.0,Female,289691.0,Employed,4,Graduate,OBC,No,Rural,0
3826,62.0,Female,169277.0,Employed,7,Graduate,General,No,Rural,1
3827,29.0,Male,342527.0,Employed,2,Graduate,General,No,Rural,0
3828,47.0,Female,192857.0,Employed,7,Graduate,SC,No,Rural,0
3829,75.0,Female,615198.0,Employed,2,Secondary,SC,No,Rural,1
3830,55.0,Female,744388.0,Employed,1,Secondary,ST,No,Rural,1
3831,70.0,Male,730215.0,Employed,5,Primary,OBC,No,Rural,0
3832,48.0,Female,860713.0,Employed,2,Secondary,OBC,No,Urban,0
3833,53.0,Female,425982.0,Self-employed,8,Graduate,OBC,,Rural,0
3834,36.0,Male,579129.0,Employed,8,Graduate,SC,,Rural,0
3835,65.0,Female,147204.0,Employed,1,Primary,OBC,No,Rural,0
3836,62.0,Female,110155.0,Employed,4,Postgraduate,SC,,Rural,1
3837,53.0,Female,994422.0,Employed,9,Secondary,OBC,No,Rural,1
3838,,Female,368457.0,Unemployed,5,,SC,No,Rural,1
3839,72.0,Female,567953.0,Employed,10,Primary,General,No,Urban,0
3840,66.0,Female,,Employed,6,Graduate,General,No,Rural,0
3841,72.0,Male,835428.0,Employed,3,Graduate,SC,No,Rural,1
3842,50.0,Male,948120.0,Unemployed,5,Postgraduate,General,No,Rural,0
3843,35.0,Male,568985.0,Employed,1,Secondary,General,No,Rural,1
3844,80.0,Female,198515.0,Employed,8,Secondary,General,No,Rural,0
3845,69.0,Female,475466.0,Employed,6,Graduate,OBC,No,Urban,1
3846,66.0,Female,182994.0,Employed,2,Graduate,OBC,No,Rural,0
3847,76.0,Female,868408.0,Employed,4,Postgraduate,OBC,No,Urban,0
3848,45.0,Female,717351.0,Self-employed,4,Secondary,OBC,No,Rural,1
3849,76.0,Other,154405.0,Unemployed,9,Graduate,OBC,,Urban,1
3850,64.0,Male,628032.0,Employed,9,Primary,OBC,,Rural,1
3851,28.0,Female,990237.0,Employed,5,Graduate,OBC,No,Rural,0
3852,74.0,Male,576761.0,Employed,3,Secondary,SC,No,Rural,0
3853,77.0,Female,713468.0,Employed,1,Graduate,SC,,Rural,0
3854,71.0,Female,603003.0,Employed,6,Graduate,General,No,Urban,0
3855,62.0,Female,294826.0,Employed,8,Primary,General,No,Rural,1
3856,50.0,Male,303856.0,Self-employed,1,Secondary,General,No,Urban,0
3857,34.0,Male,,Employed,1,Secondary,ST,No,Rural,0
3858,23.0,Female,569637.0,Self-employed,7,Secondary,General,No,Rural,0
3859,21.0,Female,826796.0,Employed,7,Primary,ST,No,Urban,1
3860,37.0,Male,475426.0,Employed,2,Secondary,General,No,Rural,1
3861,65.0,Female,873749.0,Employed,3,Graduate,SC,No,Urban,1
3862,64.0,Male,377660.0,Unemployed,2,Secondary,OBC,No,Rural,0
3863,44.0,Female,738722.0,Employed,6,Secondary,General,No,Rural,0
3864,32.0,Female,104604.0,Self-employed,8,Postgraduate,General,No,Rural,0
3865,23.0,Female,558410.0,Self-employed,8,Primary,General,No,Urban,0
3866,64.0,Other,54889.0,Unemployed,1,Graduate,General,No,Rural,1
3867,31.0,Female,794917.0,Unemployed,9,Graduate,OBC,Yes,Urban,0
3868,77.0,Female,910180.0,Unemployed,8,Postgraduate,OBC,No,Urban,1
3869,28.0,Male,868403.0,Unemployed,9,Secondary,OBC,No,Urban,1
3870,56.0,Male,624839.0,Employed,9,Graduate,SC,No,Urban,0
3871,26.0,Male,708561.0,Unemployed,6,Primary,General,No,Urban,0
3872,43.0,Female,287230.0,Self-employed,3,Postgraduate,General,No,Rural,1
3873,33.0,Male,286139.0,Employed,1,Secondary,SC,No,Urban,0
3874,22.0,Male,,Self-employed,8,Graduate,SC,No,Urban,0
3875,74.0,Male,139882.0,Employed,10,Secondary,SC,No,Rural,0
3876,69.0,Male,350102.0,Employed,3,Postgraduate,General,Yes,Rural,1
3877,78.0,Male,784611.0,Employed,7,Graduate,ST,No,Rural,0
3878,27.0,Female,317825.0,Employed,10,Primary,ST,No,Rural,0
3879,67.0,Female,151982.0,Self-employed,6,Secondary,SC,,Rural,0
3880,20.0,Female,96870.0,Self-employed,3,Secondary,ST,No,Urban,0
3881,30.0,Female,964828.0,Unemployed,6,Secondary,General,No,Urban,0
3882,60.0,Male,263328.0,Self-employed,3,Secondary,General,No,Urban,0
3883,66.0,Female,903635.0,Employed,9,Postgraduate,OBC,,Rural,0
3884,47.0,Male,209224.0,Employed,1,Graduate,ST,No,Rural,0
3885,79.0,Male,624349.0,Employed,8,Postgraduate,General,No,Urban,0
3886,71.0,Female,238691.0,Self-employed,5,Graduate,General,No,Urban,0
3887,62.0,Male,632523.0,Employed,4,Graduate,OBC,No,Urban,0
3888,23.0,Female,874322.0,Self-employed,1,Graduate,SC,No,Urban,1
3889,34.0,Male,664361.0,Unemployed,9,Secondary,General,No,Urban,1
3890,76.0,Female,897833.0,Self-employed,9,Graduate,OBC,No,Urban,1
3891,62.0,Female,585505.0,Employed,5,Graduate,General,No,Rural,1
3892,68.0,Male,360495.0,Employed,9,Postgraduate,OBC,No,Rural,0
3893,70.0,Female,870173.0,Unemployed,10,,OBC,,Rural,0
3894,36.0,Male,463870.0,Unemployed,9,Graduate,OBC,No,Urban,1
3895,59.0,Female,242386.0,Employed,7,Graduate,General,No,Urban,1
3896,52.0,Male,313552.0,Self-employed,8,Graduate,General,No,Rural,0
3897,,Female,571817.0,,1,Graduate,SC,No,Rural,0
3898,43.0,Female,617191.0,,4,Secondary,OBC,No,Rural,1
3899,68.0,Male,789568.0,Employed,10,Secondary,OBC,,Urban,0
3900,22.0,Female,157042.0,Employed,10,Graduate,General,,Rural,0
3901,46.0,Female,818013.0,Employed,4,Postgraduate,General,No,Rural,0
3902,54.0,Female,706578.0,Unemployed,9,Secondary,General,No,Rural,0
3903,37.0,Female,231644.0,Employed,3,Postgraduate,OBC,No,Urban,1
3904,66.0,Male,544897.0,Unemployed,10,Secondary,SC,No,Rural,1
3905,,Female,434333.0,Unemployed,10,Graduate,SC,No,Rural,1
3906,27.0,Male,683556.0,Employed,1,Secondary,ST,No,Rural,0
3907,22.0,Male,604393.0,Employed,5,Secondary,OBC,No,Urban,1
3908,53.0,Other,119634.0,Employed,7,Primary,General,No,Rural,0
3909,23.0,Female,429570.0,Employed,4,Secondary,OBC,No,Rural,1
3910,43.0,Male,188691.0,Employed,9,Primary,OBC,No,Rural,0
3911,21.0,Male,455155.0,Self-employed,6,Secondary,General,No,Rural,1
3912,79.0,Female,68226.0,Employed,6,Secondary,General,,Urban,1
3913,56.0,Male,75322.0,Employed,3,Primary,OBC,,Rural,1
3914,56.0,Male,953936.0,Employed,10,Secondary,SC,No,Rural,1
3915,67.0,Male,894647.0,Employed,10,Graduate,ST,No,Urban,0
3916,52.0,Female,984382.0,Employed,5,Graduate,OBC,No,Urban,0
3917,18.0,Female,974064.0,Unemployed,10,Secondary,General,No,Rural,0
3918,41.0,Male,741572.0,Employed,6,Primary,General,No,Rural,0
3919,74.0,Female,144835.0,Self-employed,4,Graduate,OBC,No,Urban,1
3920,53.0,Male,305027.0,Employed,3,Primary,General,,Rural,0
3921,23.0,Female,123079.0,Self-employed,5,Graduate,General,No,Urban,0
3922,58.0,Other,73946.0,,7,Secondary,General,No,Urban,0
3923,71.0,Female,737100.0,Employed,6,Secondary,General,No,Urban,0
3924,63.0,Female,947165.0,Employed,2,Secondary,SC,No,Urban,1
3925,77.0,Female,57253.0,Employed,1,Secondary,SC,No,Rural,1
3926,61.0,Female,129311.0,Unemployed,5,Graduate,OBC,No,Rural,0
3927,77.0,Female,869245.0,Self-employed,5,Secondary,OBC,No,Rural,0
3928,,Female,995136.0,Employed,6,Postgraduate,OBC,No,Urban,1
3929,48.0,Male,360509.0,Employed,3,Secondary,ST,,Urban,0
3930,37.0,Male,641881.0,Self-employed,1,Postgraduate,General,No,Rural,1
3931,41.0,Female,199485.0,Self-employed,4,Secondary,OBC,No,Urban,1
3932,42.0,Female,276833.0,Unemployed,4,Secondary,General,Yes,Rural,1
3933,53.0,Male,612773.0,Self-employed,10,Graduate,OBC,No,Rural,1
3934,38.0,Male,249304.0,Employed,2,Primary,SC,No,Rural,0
3935,47.0,Female,947936.0,Unemployed,8,Graduate,SC,No,Rural,1
3936,41.0,Female,852533.0,Unemployed,6,Graduate,SC,No,Urban,0
3937,61.0,Female,583119.0,Unemployed,3,Graduate,SC,No,Rural,0
3938,59.0,Female,527799.0,Employed,1,Secondary,General,No,Rural,0
3939,47.0,Female,364041.0,Employed,3,Graduate,SC,No,Urban,0
3940,39.0,Female,55004.0,Employed,8,Graduate,General,No,Urban,0
3941,45.0,Female,358068.0,Employed,4,Graduate,ST,No,Rural,1
3942,24.0,Female,464725.0,Employed,3,Secondary,SC,,Urban,1
3943,52.0,Female,87170.0,Unemployed,4,Postgraduate,General,No,Rural,1
3944,72.0,Male,617843.0,Employed,4,Postgraduate,OBC,No,Rural,0
3945,45.0,Male,457878.0,Employed,2,Postgraduate,OBC,No,Rural,0
3946,31.0,Other,168115.0,Self-employed,4,Graduate,OBC,No,Urban,1
3947,73.0,Male,940648.0,Self-employed,9,Graduate,SC,No,Urban,1
3948,27.0,Male,902362.0,Employed,4,Primary,OBC,No,Rural,1
3949,33.0,Female,228475.0,Employed,1,Postgraduate,OBC,No,Rural,1
3950,33.0,Female,348509.0,Self-employed,1,Postgraduate,SC,,Rural,0
3951,71.0,Male,374332.0,Self-employed,1,Primary,OBC,No,Urban,0
3952,48.0,Male,,Employed,5,Secondary,General,,Urban,1
3953,59.0,Male,410777.0,Employed,6,Postgraduate,ST,No,Urban,1
3954,42.0,Female,994177.0,Employed,6,Primary,General,No,Rural,0
3955,30.0,Male,113471.0,Unemployed,6,Secondary,SC,No,Rural,0
3956,23.0,Male,460372.0,Employed,9,Postgraduate,General,No,Rural,1
3957,61.0,Male,,Employed,1,Graduate,General,No,Rural,1
3958,26.0,Female,444861.0,Employed,10,Postgraduate,ST,No,Rural,0
3959,62.0,Male,371220.0,Self-employed,6,Secondary,General,,Urban,1
3960,53.0,Male,537801.0,Employed,8,Secondary,OBC,,Urban,0
3961,73.0,Female,,Employed,8,Graduate,SC,No,Urban,0
3962,60.0,Other,100151.0,Self-employed,3,Graduate,OBC,,Rural,0
3963,37.0,Female,641672.0,Employed,5,Secondary,General,No,Rural,1
3964,35.0,Other,412009.0,Employed,10,Postgraduate,General,No,Rural,0
3965,75.0,Female,607829.0,Unemployed,4,Postgraduate,ST,No,Rural,0
3966,60.0,Male,122847.0,Employed,1,Secondary,OBC,No,Rural,0
3967,74.0,Female,792459.0,Self-employed,9,Secondary,SC,Yes,Urban,0
3968,38.0,Male,261811.0,Employed,5,,OBC,No,Urban,0
3969,21.0,Female,887387.0,Employed,2,Graduate,OBC,No,Rural,0
3970,67.0,Male,976794.0,Self-employed,2,Secondary,OBC,No,Rural,0
3971,50.0,Male,543570.0,Employed,7,,OBC,No,Rural,1
3972,44.0,Female,788027.0,Unemployed,4,Graduate,General,No,Rural,0
3973,24.0,Male,473359.0,Employed,1,Postgraduate,OBC,No,Urban,1
3974,23.0,Female,992013.0,Employed,5,Secondary,General,No,Urban,0
3975,,Male,399924.0,Self-employed,2,,OBC,No,Rural,1
3976,32.0,Male,742101.0,Employed,7,Graduate,General,No,Rural,0
3977,35.0,Female,470114.0,Employed,9,Graduate,SC,No,Rural,1
3978,49.0,Female,567649.0,Employed,1,Postgraduate,OBC,No,Urban,0
3979,73.0,Female,149919.0,Employed,2,Graduate,General,,Rural,0
3980,28.0,Male,424998.0,Unemployed,6,Postgraduate,General,No,Rural,0
3981,37.0,Female,266746.0,Self-employed,8,Secondary,SC,No,Rural,0
3982,41.0,Female,244020.0,Unemployed,7,Graduate,OBC,No,Rural,1
3983,32.0,Female,636056.0,Unemployed,9,Graduate,OBC,No,Rural,1
3984,65.0,Male,93262.0,Employed,2,Postgraduate,OBC,,Rural,1
3985,24.0,Female,448722.0,Employed,9,Secondary,OBC,No,Rural,1
3986,38.0,Female,594893.0,Unemployed,4,Secondary,OBC,No,Rural,0
3987,59.0,Female,652878.0,Employed,3,Graduate,OBC,No,Rural,1
3988,43.0,Female,340375.0,Employed,7,Secondary,SC,No,Rural,1
3989,61.0,Female,653685.0,Self-employed,5,Graduate,SC,Yes,Urban,0
3990,73.0,Male,127123.0,Employed,5,Postgraduate,General,No,Rural,1
3991,31.0,Male,849947.0,Employed,2,Postgraduate,OBC,No,Rural,1
3992,74.0,Female,399355.0,Employed,6,,OBC,No,Rural,0
3993,54.0,Male,481838.0,Unemployed,6,Secondary,OBC,No,Rural,0
3994,75.0,Male,853032.0,Employed,4,Graduate,SC,,Rural,0
3995,38.0,Male,208964.0,Employed,5,Graduate,OBC,No,Urban,1
3996,35.0,Male,905742.0,Self-employed,7,Graduate,ST,No,Rural,1
3997,22.0,Female,989305.0,Unemployed,8,Graduate,General,No,Urban,1
3998,20.0,Female,218767.0,Self-employed,6,,General,No,Urban,1
3999,40.0,Female,996357.0,,5,Secondary,General,No,Urban,0
4000,43.0,Male,709789.0,Employed,3,Graduate,OBC,Yes,Rural,0
4001,54.0,Female,709966.0,Employed,7,,OBC,No,Rural,1
4002,41.0,Female,447694.0,Employed,8,Primary,General,No,Urban,1
4003,66.0,Other,688668.0,Employed,3,Graduate,OBC,No,Rural,0
4004,36.0,Female,527032.0,Employed,5,Graduate,OBC,No,Rural,0
4005,68.0,Male,745494.0,Employed,2,Graduate,OBC,,Urban,0
4006,42.0,Female,513179.0,Unemployed,10,Secondary,General,No,Urban,0
4007,38.0,Other,948212.0,Unemployed,10,Primary,OBC,No,Rural,0
4008,29.0,Female,206547.0,Employed,4,Secondary,OBC,No,Rural,0
4009,74.0,Female,902609.0,Employed,4,Graduate,General,No,Rural,0
4010,78.0,Male,727090.0,Employed,8,Secondary,General,No,Rural,1
4011,58.0,Female,202185.0,Employed,3,Graduate,OBC,No,Rural,1
4012,50.0,Female,725371.0,Employed,5,Graduate,General,No,Urban,1
4013,67.0,Male,105746.0,Employed,5,Graduate,SC,No,Urban,1
4014,70.0,Female,959507.0,Self-employed,2,Postgraduate,General,No,Urban,1
4015,21.0,Male,748213.0,Self-employed,9,Postgraduate,ST,,Rural,0
4016,80.0,Male,921627.0,Unemployed,4,Postgraduate,OBC,No,Rural,0
4017,59.0,Male,873250.0,Self-employed,9,Graduate,General,No,Urban,1
4018,74.0,Male,218393.0,Unemployed,9,Secondary,OBC,No,Urban,0
4019,24.0,Female,333453.0,Self-employed,2,Graduate,OBC,No,Urban,0
4020,39.0,Male,986192.0,Employed,9,Graduate,ST,,Rural,1
4021,72.0,Male,340320.0,Employed,9,Secondary,General,No,Urban,0
4022,50.0,Female,643167.0,Unemployed,2,Graduate,SC,No,Rural,1
4023,34.0,Female,,Employed,6,Graduate,SC,Yes,Urban,1
4024,41.0,Female,396872.0,Unemployed,9,Primary,OBC,,Urban,0
4025,78.0,Male,270084.0,Self-employed,4,Graduate,OBC,No,Rural,0
4026,78.0,Female,976920.0,Unemployed,2,Primary,General,No,Urban,0
4027,51.0,Male,771782.0,Employed,7,Primary,General,No,Rural,1
4028,45.0,Female,845016.0,Employed,9,Postgraduate,General,No,Urban,0
4029,75.0,Male,698843.0,Self-employed,6,Graduate,General,,Urban,0
4030,60.0,Female,405446.0,Self-employed,4,Graduate,General,No,Urban,0
4031,58.0,Male,958840.0,Employed,1,Secondary,ST,,Rural,0
4032,56.0,Female,593118.0,Self-employed,4,Graduate,OBC,,Rural,1
4033,39.0,Female,266897.0,Self-employed,3,Secondary,OBC,No,Urban,0
4034,66.0,Male,826522.0,Employed,7,Graduate,OBC,No,Rural,1
4035,34.0,Male,913498.0,Self-employed,10,Graduate,SC,No,Urban,1
4036,51.0,Female,840023.0,Employed,5,Postgraduate,OBC,No,Urban,0
4037,23.0,Other,143878.0,Employed,3,Secondary,General,No,Urban,1
4038,63.0,Female,175407.0,Employed,2,Graduate,OBC,No,Urban,1
4039,23.0,Male,691157.0,Unemployed,2,Graduate,OBC,No,Rural,1
4040,51.0,Male,307716.0,Unemployed,5,Secondary,OBC,No,Rural,1
4041,,Female,857827.0,Employed,8,Primary,OBC,,Urban,1
4042,27.0,Female,66738.0,Self-employed,8,Graduate,OBC,No,Urban,0
4043,38.0,Female,183703.0,Self-employed,5,Graduate,ST,No,Urban,1
4044,22.0,Female,723265.0,Unemployed,2,Graduate,OBC,No,Rural,0
4045,19.0,Female,593344.0,Employed,4,Secondary,General,No,Urban,0
4046,39.0,Female,815034.0,Employed,7,Graduate,General,No,Urban,0
4047,65.0,Male,560241.0,Employed,6,Secondary,OBC,No,Rural,0
4048,74.0,Male,433800.0,Self-employed,10,Graduate,SC,No,Urban,1
4049,19.0,Female,689604.0,Employed,7,Graduate,General,No,Urban,0
4050,27.0,Male,740807.0,Self-employed,5,Graduate,ST,No,Urban,1
4051,51.0,Male,628706.0,Self-employed,2,Graduate,SC,,Urban,1
4052,33.0,Male,873622.0,Unemployed,8,Graduate,OBC,No,Rural,0
4053,65.0,Male,76014.0,Unemployed,2,Graduate,General,No,Rural,0
4054,68.0,Female,778359.0,Employed,8,Secondary,General,No,Rural,0
4055,78.0,Female,813277.0,,7,Secondary,General,No,Rural,1
4056,56.0,Female,231350.0,Employed,3,Primary,SC,No,Rural,0
4057,,Male,961995.0,Self-employed,4,Graduate,ST,No,Rural,0
4058,29.0,Female,838212.0,Unemployed,7,Postgraduate,OBC,No,Urban,1
4059,,Male,534859.0,Unemployed,4,Graduate,General,,Rural,1
4060,64.0,Female,764618.0,,9,Secondary,ST,No,Urban,0
4061,57.0,Female,540339.0,Employed,7,,OBC,No,Rural,1
4062,55.0,Male,92192.0,Employed,1,Primary,OBC,Yes,Rural,1
4063,77.0,Female,941307.0,Self-employed,1,Secondary,General,No,Rural,0
4064,76.0,Female,411273.0,Employed,4,Graduate,ST,No,Urban,0
4065,27.0,Male,93923.0,Employed,9,Secondary,General,No,Rural,0
4066,52.0,Female,663484.0,Employed,4,Secondary,OBC,No,Rural,1
4067,68.0,Male,576683.0,Employed,5,Secondary,ST,No,Rural,0
4068,80.0,Male,414593.0,Employed,1,Graduate,ST,No,Rural,0
4069,66.0,Female,433891.0,Self-employed,2,Graduate,SC,No,Urban,1
4070,49.0,Female,802744.0,Unemployed,4,,OBC,No,Urban,1
4071,24.0,Female,458995.0,Employed,4,Secondary,General,No,Rural,1
4072,38.0,Male,645316.0,Self-employed,10,Graduate,SC,No,Rural,1
4073,37.0,Male,997226.0,Employed,6,Graduate,OBC,,Rural,1
4074,,Female,450327.0,Employed,6,Secondary,General,,Urban,0
4075,80.0,Male,816751.0,Unemployed,8,Secondary,OBC,,Rural,1
4076,21.0,Female,,Unemployed,9,Secondary,OBC,No,Urban,0
4077,63.0,Female,929608.0,Employed,1,Graduate,OBC,No,Urban,0
4078,69.0,Female,777688.0,Self-employed,1,Primary,OBC,No,Rural,1
4079,39.0,Female,305315.0,Self-employed,6,Graduate,OBC,,Urban,1
4080,32.0,Male,339068.0,Employed,4,Secondary,SC,No,Rural,1
4081,73.0,Male,495919.0,Employed,4,Graduate,OBC,No,Rural,0
4082,57.0,Male,344721.0,Self-employed,1,Secondary,General,No,Rural,0
4083,38.0,Female,188783.0,Employed,9,Graduate,SC,No,Rural,0
4084,32.0,Female,659836.0,Employed,3,Postgraduate,SC,No,Urban,1
4085,39.0,Female,307288.0,Unemployed,5,Postgraduate,General,No,Urban,0
4086,69.0,Female,543085.0,Employed,10,Primary,SC,,Urban,0
4087,45.0,Other,545187.0,Employed,1,Secondary,ST,No,Rural,1
4088,31.0,Male,699381.0,Employed,8,Graduate,OBC,No,Rural,0
4089,44.0,Male,285835.0,Unemployed,3,Secondary,General,No,Rural,0
4090,78.0,Male,971600.0,Employed,1,Graduate,SC,No,Urban,1
4091,58.0,Female,902987.0,Employed,10,Postgraduate,General,No,Rural,0
4092,57.0,Male,401992.0,Employed,6,Graduate,General,No,Rural,0
4093,75.0,Female,256084.0,Employed,1,Secondary,OBC,No,Rural,1
4094,45.0,Female,,Self-employed,3,Graduate,General,No,Rural,0
4095,43.0,Female,437554.0,Self-employed,5,Postgraduate,SC,No,Rural,1
4096,66.0,Female,803315.0,Employed,4,Graduate,SC,No,Rural,1
4097,80.0,Male,520336.0,Unemployed,7,Graduate,OBC,No,Rural,1
4098,,Male,973469.0,Unemployed,6,Postgraduate,SC,No,Rural,0
4099,42.0,Female,258072.0,Self-employed,3,Postgraduate,General,No,Rural,0
4100,73.0,Male,298029.0,Employed,8,Postgraduate,OBC,No,Urban,0
4101,79.0,Male,259047.0,Employed,8,Graduate,OBC,No,Rural,0
4102,20.0,Female,415169.0,Unemployed,2,Graduate,General,,Rural,0
4103,25.0,Male,180509.0,Employed,7,Graduate,General,Yes,Urban,0
4104,61.0,Female,812072.0,Employed,1,Secondary,General,No,Rural,0
4105,50.0,Female,345107.0,Unemployed,2,Graduate,General,No,Urban,1
4106,59.0,Male,577561.0,Self-employed,8,Graduate,OBC,,Rural,0
4107,69.0,Female,589618.0,Employed,1,Postgraduate,SC,No,Rural,1
4108,52.0,Male,,Unemployed,2,Postgraduate,SC,,Rural,0
4109,23.0,Female,650710.0,Employed,1,Secondary,SC,No,Urban,1
4110,56.0,Male,958521.0,Self-employed,5,Graduate,SC,,Rural,1
4111,69.0,Female,53212.0,Employed,7,Graduate,General,,Rural,0
4112,40.0,Male,282131.0,Employed,6,Postgraduate,General,No,Rural,0
4113,42.0,Male,526657.0,Employed,6,Primary,OBC,No,Rural,1
4114,76.0,Male,661882.0,Employed,6,Graduate,General,No,Rural,0
4115,67.0,Male,182152.0,Employed,8,Graduate,OBC,,Rural,0
4116,60.0,Male,344819.0,Employed,5,Postgraduate,ST,,Urban,0
4117,36.0,Female,72007.0,Unemployed,10,Graduate,General,,Rural,0
4118,22.0,Female,688093.0,Employed,7,Graduate,ST,,Urban,1
4119,68.0,Male,394785.0,Unemployed,3,Postgraduate,General,No,Rural,0
4120,28.0,Male,670103.0,Employed,9,Graduate,ST,Yes,Rural,1
4121,,Female,883247.0,Unemployed,10,Primary,General,No,Urban,0
4122,29.0,Female,919914.0,Employed,3,Secondary,OBC,No,Urban,1
4123,27.0,Male,837071.0,Employed,6,Graduate,OBC,No,Rural,0
4124,25.0,Female,375737.0,Employed,3,Secondary,SC,,Rural,1
4125,41.0,Male,562164.0,Employed,1,Graduate,OBC,No,Urban,0
4126,77.0,Female,128038.0,Self-employed,1,Graduate,OBC,No,Urban,1
4127,45.0,Male,406043.0,Unemployed,3,Postgraduate,ST,No,Urban,0
4128,58.0,Male,840168.0,Employed,4,Graduate,General,No,Urban,1
4129,53.0,Female,827794.0,Employed,2,Graduate,General,No,Rural,0
4130,54.0,Male,66473.0,Employed,9,Primary,OBC,No,Urban,0
4131,,Female,703059.0,Employed,8,Graduate,OBC,No,Rural,0
4132,25.0,Male,175801.0,Unemployed,3,Secondary,General,No,Rural,1
4133,72.0,Female,944030.0,Employed,7,Graduate,SC,No,Urban,0
4134,26.0,Female,660911.0,Employed,4,Graduate,SC,No,Rural,1
4135,64.0,Male,558252.0,Employed,5,Secondary,SC,No,Rural,0
4136,32.0,Female,275097.0,Employed,4,Secondary,SC,No,Rural,0
4137,65.0,Female,348964.0,Employed,9,Graduate,OBC,No,Urban,1
4138,63.0,Female,265933.0,Employed,7,Graduate,ST,No,Rural,0
4139,57.0,Female,369733.0,Employed,4,Graduate,OBC,No,Rural,0
4140,35.0,Female,771167.0,Employed,8,Postgraduate,OBC,No,Rural,0
4141,59.0,Male,330558.0,Employed,2,Postgraduate,OBC,,Rural,0
4142,77.0,Male,439522.0,Unemployed,7,Graduate,OBC,Yes,Urban,0
4143,37.0,Female,74220.0,Employed,1,Secondary,General,No,Rural,0
4144,23.0,Female,634819.0,Employed,8,Graduate,General,No,Rural,0
4145,29.0,Male,422146.0,Employed,6,Graduate,ST,No,Rural,0
4146,19.0,Female,557409.0,Employed,5,Graduate,OBC,No,Rural,0
4147,24.0,Female,747785.0,Employed,9,Graduate,SC,No,Rural,0
4148,33.0,Male,59387.0,Self-employed,9,Primary,OBC,No,Rural,0
4149,,Male,295752.0,Self-employed,3,Postgraduate,General,,Rural,0
4150,62.0,Female,651103.0,Employed,9,Graduate,ST,No,Rural,1
4151,20.0,Male,601872.0,Self-employed,9,Secondary,OBC,No,Urban,0
4152,44.0,Female,619071.0,Employed,2,Secondary,ST,Yes,Urban,1
4153,67.0,Female,745169.0,Employed,5,Secondary,General,No,Rural,0
4154,60.0,Male,759687.0,Self-employed,2,Graduate,OBC,No,Rural,0
4155,57.0,Male,698782.0,Self-employed,1,Graduate,OBC,,Rural,0
4156,55.0,Male,690102.0,Self-employed,7,Graduate,OBC,No,Urban,0
4157,50.0,Female,300139.0,Employed,4,Secondary,OBC,Yes,Rural,0
4158,45.0,Female,967184.0,Employed,5,Secondary,OBC,No,Rural,1
4159,18.0,Male,550228.0,Employed,4,Graduate,OBC,No,Urban,0
4160,72.0,Female,716217.0,Unemployed,6,Secondary,OBC,No,Rural,0
4161,25.0,Male,747621.0,Employed,2,Graduate,OBC,No,Rural,0
4162,54.0,Male,910020.0,Self-employed,8,Secondary,OBC,No,Rural,1
4163,49.0,Male,984499.0,Employed,4,Secondary,OBC,No,Rural,0
4164,77.0,Male,296509.0,Employed,8,Graduate,ST,No,Rural,0
4165,65.0,Male,63580.0,Unemployed,3,Postgraduate,General,No,Urban,0
4166,60.0,Male,592528.0,Unemployed,5,Secondary,General,No,Rural,1
4167,54.0,Female,828639.0,Employed,3,Graduate,General,No,Urban,1
4168,21.0,Female,395590.0,Self-employed,7,Secondary,SC,Yes,Urban,0
4169,47.0,Male,518968.0,Employed,3,Graduate,OBC,No,Urban,1
4170,23.0,Male,940965.0,Employed,8,Postgraduate,OBC,No,Urban,1
4171,63.0,Male,828559.0,Self-employed,9,,OBC,No,Urban,1
4172,71.0,Male,533663.0,Self-employed,2,Secondary,OBC,No,Rural,1
4173,36.0,Female,478082.0,Self-employed,3,Secondary,OBC,No,Rural,0
4174,49.0,Male,655262.0,Self-employed,7,Graduate,SC,No,Urban,0
4175,26.0,Male,647689.0,,5,,ST,No,Rural,1
4176,29.0,Male,263165.0,Self-employed,10,Primary,ST,No,Rural,0
4177,28.0,Male,455427.0,Employed,7,Primary,OBC,Yes,Rural,1
4178,63.0,Male,502201.0,Unemployed,2,Postgraduate,SC,,Urban,1
4179,72.0,Female,214340.0,Unemployed,4,Graduate,SC,Yes,Urban,0
4180,33.0,Male,840078.0,Employed,1,Graduate,SC,,Rural,1
4181,18.0,Male,,Employed,5,Postgraduate,General,No,Rural,0
4182,,Female,822411.0,Employed,8,Secondary,General,No,Rural,0
4183,62.0,Female,354960.0,Unemployed,1,Postgraduate,OBC,No,Urban,1
4184,72.0,Female,139460.0,Employed,7,Postgraduate,General,No,Rural,0
4185,70.0,Female,356256.0,Self-employed,7,Secondary,ST,No,Rural,1
4186,38.0,Male,101048.0,Employed,7,Graduate,OBC,No,Rural,0
4187,47.0,Female,780806.0,Employed,1,Graduate,SC,No,Urban,1
4188,30.0,Female,,Self-employed,3,Postgraduate,General,No,Urban,0
4189,51.0,Male,882184.0,Employed,2,Secondary,SC,No,Rural,0
4190,21.0,Female,528193.0,Employed,5,Graduate,SC,No,Urban,0
4191,45.0,Female,907158.0,Employed,2,Postgraduate,ST,No,Rural,0
4192,55.0,Male,786200.0,Unemployed,5,Graduate,General,No,Rural,1
4193,75.0,Male,994793.0,Self-employed,5,Postgraduate,SC,Yes,Rural,0
4194,48.0,Male,356932.0,Self-employed,4,Graduate,OBC,No,Rural,1
4195,76.0,Male,316891.0,Unemployed,7,Postgraduate,OBC,No,Rural,0
4196,72.0,Male,574333.0,Employed,10,Secondary,General,No,Rural,0
4197,44.0,Female,,Employed,6,Graduate,OBC,,Rural,0
4198,,Female,829685.0,Employed,2,Graduate,OBC,No,Rural,1
4199,42.0,Male,961508.0,Employed,4,Graduate,OBC,,Rural,1
4200,20.0,Female,728797.0,Employed,7,Primary,OBC,No,Rural,0
4201,50.0,Male,,Employed,9,Graduate,SC,No,Rural,0
4202,21.0,Male,190926.0,Unemployed,9,Primary,OBC,No,Urban,1
4203,42.0,Female,233148.0,Employed,3,Secondary,General,No,Rural,0
4204,37.0,Female,893382.0,Unemployed,1,Secondary,OBC,No,Urban,0
4205,51.0,Female,722709.0,Self-employed,9,Postgraduate,General,No,Rural,1
4206,43.0,Female,801588.0,Unemployed,8,Secondary,General,No,Urban,0
4207,79.0,Female,726708.0,Unemployed,7,Graduate,OBC,No,Rural,0
4208,79.0,Female,215368.0,Unemployed,6,Primary,OBC,,Rural,1
4209,22.0,Male,544496.0,Employed,10,Graduate,General,No,Urban,0
4210,52.0,Female,69455.0,Employed,7,Graduate,ST,No,Rural,0
4211,78.0,Other,784184.0,Employed,9,Graduate,SC,No,Rural,0
4212,45.0,Female,515139.0,Employed,6,Graduate,OBC,,Urban,0
4213,46.0,Male,281897.0,Unemployed,10,Graduate,SC,No,Urban,1
4214,,Female,482509.0,Self-employed,3,Graduate,ST,No,Urban,1
4215,69.0,Female,542646.0,Self-employed,3,Graduate,General,No,Rural,0
4216,55.0,Male,662840.0,Employed,4,Graduate,General,No,Urban,1
4217,67.0,Other,882548.0,Self-employed,10,Graduate,OBC,No,Rural,0
4218,23.0,Male,432605.0,Employed,10,Primary,OBC,No,Urban,1
4219,36.0,Male,614772.0,Self-employed,8,Postgraduate,ST,,Urban,1
4220,77.0,Female,997719.0,Employed,10,Postgraduate,OBC,No,Rural,0
4221,61.0,Male,393782.0,Employed,9,Secondary,OBC,No,Rural,0
4222,74.0,Male,708764.0,Employed,8,Postgraduate,General,No,Urban,1
4223,28.0,Female,218332.0,Self-employed,10,Graduate,General,No,Urban,1
4224,19.0,Female,150647.0,Employed,2,Graduate,OBC,No,Urban,1
4225,64.0,Male,639930.0,Employed,4,Secondary,ST,No,Urban,0
4226,61.0,Other,786091.0,Self-employed,4,Postgraduate,OBC,No,Rural,0
4227,61.0,Female,882441.0,Self-employed,2,Graduate,OBC,No,Rural,0
4228,26.0,Female,178824.0,Employed,8,Secondary,SC,No,Urban,0
4229,38.0,Female,823202.0,Unemployed,3,Graduate,General,No,Rural,1
4230,41.0,Female,866037.0,Employed,2,Graduate,General,No,Urban,1
4231,51.0,Male,,Employed,7,Graduate,General,No,Urban,0
4232,39.0,Male,695115.0,Employed,1,Graduate,General,No,Urban,0
4233,20.0,Female,317724.0,Employed,6,Graduate,General,No,Rural,0
4234,29.0,Female,951334.0,Employed,3,Graduate,General,Yes,Rural,0
4235,45.0,Male,317544.0,Employed,3,Postgraduate,OBC,No,Rural,0
4236,47.0,Female,745003.0,Employed,5,Postgraduate,SC,No,Rural,1
4237,43.0,Female,801545.0,Unemployed,3,Graduate,SC,,Urban,1
4238,65.0,Male,932464.0,Unemployed,4,Postgraduate,SC,No,Rural,0
4239,38.0,Male,177319.0,Employed,3,Postgraduate,OBC,Yes,Urban,1
4240,45.0,Male,562193.0,Employed,7,Secondary,General,No,Rural,0
4241,73.0,Female,529389.0,Unemployed,3,Postgraduate,OBC,No,Urban,0
4242,43.0,Male,156960.0,Unemployed,10,Primary,OBC,No,Urban,0
4243,,Male,89015.0,Unemployed,4,Secondary,SC,No,Urban,0
4244,50.0,Female,383857.0,Employed,2,Graduate,SC,No,Rural,1
4245,38.0,Female,778165.0,Employed,2,,OBC,No,Rural,1
4246,52.0,Male,982478.0,Unemployed,9,Graduate,SC,No,Urban,0
4247,69.0,Male,,Employed,1,Graduate,SC,No,Rural,1
4248,51.0,Female,527508.0,Self-employed,1,Secondary,OBC,No,Rural,0
4249,58.0,Female,836351.0,Unemployed,10,Postgraduate,OBC,No,Urban,1
4250,68.0,Female,983671.0,,1,Graduate,SC,No,Rural,1
4251,64.0,Female,138754.0,Employed,3,Postgraduate,OBC,,Rural,0
4252,35.0,Male,271775.0,Self-employed,2,Secondary,OBC,No,Rural,0
4253,75.0,Male,355292.0,Employed,3,Graduate,SC,,Rural,1
4254,28.0,Male,777513.0,,5,Graduate,OBC,No,Urban,0
4255,74.0,Male,726894.0,Unemployed,9,Graduate,OBC,No,Rural,0
4256,,Female,796355.0,Unemployed,2,Secondary,SC,No,Urban,1
4257,65.0,Male,959222.0,Employed,1,Graduate,General,No,Rural,1
4258,39.0,Male,922510.0,Employed,6,Primary,OBC,,Urban,1
4259,34.0,Other,106879.0,Self-employed,3,Graduate,OBC,No,Rural,1
4260,22.0,Male,169894.0,Self-employed,7,Postgraduate,General,No,Urban,1
4261,61.0,Male,640127.0,Unemployed,6,Primary,General,No,Urban,0
4262,28.0,Male,,Self-employed,7,Graduate,ST,,Urban,1
4263,47.0,Female,718043.0,Employed,5,Graduate,General,No,Rural,0
4264,32.0,Female,230557.0,,1,Secondary,General,No,Rural,0
4265,44.0,Male,279303.0,Employed,3,Secondary,SC,No,Rural,0
4266,52.0,Female,454241.0,Employed,3,Secondary,General,No,Urban,0
4267,50.0,Female,724075.0,Employed,7,Secondary,SC,No,Rural,0
4268,,Female,541599.0,Employed,3,Secondary,OBC,No,Urban,0
4269,78.0,Female,545283.0,Self-employed,5,Secondary,OBC,,Urban,0
4270,33.0,Female,667231.0,Unemployed,4,Secondary,OBC,No,Rural,0
4271,51.0,Female,792476.0,Unemployed,4,Graduate,General,No,Rural,0
4272,19.0,Male,198188.0,Employed,7,Graduate,General,No,Urban,0
4273,52.0,Male,611032.0,Employed,1,Graduate,General,No,Rural,1
4274,57.0,Male,174697.0,Employed,7,Graduate,OBC,,Rural,1
4275,73.0,Female,530795.0,Unemployed,8,Secondary,SC,No,Urban,0
4276,45.0,Female,690360.0,Employed,3,Graduate,General,No,Rural,1
4277,64.0,Female,445340.0,Employed,3,Secondary,ST,No,Urban,1
4278,56.0,Male,286028.0,,4,Graduate,OBC,No,Urban,0
4279,23.0,Female,743411.0,Unemployed,6,Postgraduate,General,No,Rural,1
4280,26.0,Female,57176.0,Self-employed,7,Secondary,ST,No,Rural,1
4281,37.0,Female,927742.0,Unemployed,1,Graduate,OBC,No,Urban,0
4282,77.0,Female,826653.0,Employed,4,Graduate,OBC,No,Urban,0
4283,18.0,Female,508034.0,Employed,7,Graduate,ST,No,Rural,1
4284,25.0,Female,563611.0,Employed,2,Secondary,OBC,,Rural,0
4285,72.0,Female,199748.0,Employed,1,Secondary,SC,No,Rural,0
4286,40.0,Female,95177.0,Employed,1,Postgraduate,ST,No,Urban,0
4287,80.0,Male,533512.0,Employed,10,Primary,General,No,Rural,0
4288,20.0,Male,160623.0,Employed,6,Graduate,OBC,,Rural,1
4289,21.0,Female,575285.0,Employed,5,Postgraduate,OBC,No,Urban,0
4290,75.0,Male,502546.0,Employed,1,Postgraduate,ST,No,Rural,0
4291,,Other,546184.0,Unemployed,10,Primary,OBC,No,Rural,1
4292,64.0,Male,694467.0,Self-employed,3,Secondary,General,No,Urban,1
4293,55.0,Female,297439.0,Self-employed,7,Secondary,OBC,No,Rural,1
4294,32.0,Male,694691.0,Employed,9,Graduate,OBC,No,Urban,0
4295,80.0,Male,978735.0,Employed,9,Graduate,SC,,Rural,1
4296,38.0,Female,145287.0,Self-employed,6,Postgraduate,OBC,No,Rural,0
4297,52.0,Male,169574.0,Employed,3,Graduate,General,No,Rural,1
4298,74.0,Male,830751.0,Self-employed,1,Graduate,General,No,Urban,0
4299,70.0,Male,171509.0,Employed,3,Graduate,OBC,No,Rural,1
4300,70.0,Female,397591.0,Self-employed,10,Secondary,General,Yes,Rural,1
4301,63.0,Male,945954.0,Self-employed,2,Secondary,SC,,Rural,0
4302,69.0,Female,499181.0,Unemployed,5,Secondary,OBC,No,Rural,0
4303,31.0,Female,393288.0,Unemployed,8,Graduate,ST,,Urban,1
4304,53.0,Female,822793.0,Employed,5,Graduate,OBC,No,Rural,1
4305,29.0,Female,242589.0,Employed,1,Secondary,SC,No,Urban,0
4306,34.0,Female,929125.0,Employed,3,Graduate,General,No,Urban,0
4307,56.0,Male,406459.0,Employed,5,Secondary,General,,Rural,1
4308,26.0,Female,538720.0,Employed,7,Secondary,ST,No,Rural,0
4309,52.0,Male,863819.0,,5,Postgraduate,OBC,No,Rural,0
4310,77.0,Female,54090.0,Self-employed,10,Postgraduate,General,No,Urban,1
4311,30.0,Male,957278.0,Employed,5,Primary,ST,No,Rural,0
4312,32.0,Female,468161.0,Employed,7,Graduate,SC,No,Rural,0
4313,35.0,Male,876671.0,Employed,8,Graduate,OBC,No,Urban,0
4314,68.0,Male,,Employed,8,Secondary,SC,No,Urban,1
4315,50.0,Female,80924.0,Employed,7,Graduate,OBC,No,Rural,0
4316,23.0,Female,191268.0,Self-employed,3,Secondary,OBC,No,Urban,0
4317,76.0,Male,966592.0,Employed,2,Primary,OBC,No,Rural,0
4318,44.0,Female,928247.0,Employed,1,Secondary,OBC,No,Rural,0
4319,40.0,Female,679600.0,Employed,6,Secondary,General,No,Rural,0
4320,76.0,Other,381004.0,Employed,9,Primary,General,No,Urban,0
4321,44.0,Female,790537.0,Self-employed,3,Secondary,OBC,No,Rural,0
4322,51.0,Male,,Employed,5,Graduate,OBC,No,Rural,0
4323,73.0,Male,279602.0,Employed,9,Graduate,SC,No,Rural,0
4324,63.0,Female,392543.0,Employed,9,Secondary,SC,No,Rural,1
4325,55.0,Female,885227.0,,7,Secondary,General,No,Rural,1
4326,31.0,Male,887985.0,Employed,4,Secondary,OBC,No,Rural,1
4327,53.0,Male,558928.0,Self-employed,2,Postgraduate,OBC,No,Rural,1
4328,70.0,Female,,Employed,2,Secondary,General,No,Rural,1
4329,25.0,Male,205183.0,Employed,4,Postgraduate,OBC,,Rural,0
4330,79.0,Male,687854.0,Unemployed,1,Graduate,General,No,Rural,0
4331,52.0,Male,307443.0,Employed,4,Postgraduate,General,,Rural,1
4332,36.0,Male,694256.0,Employed,6,Graduate,SC,No,Rural,0
4333,,Male,111600.0,Employed,6,Secondary,General,No,Rural,1
4334,,Female,624310.0,Employed,7,Graduate,SC,No,Urban,1
4335,31.0,Male,708559.0,Self-employed,5,Graduate,General,,Rural,1
4336,76.0,Male,887329.0,,9,Graduate,OBC,No,Rural,1
4337,37.0,Male,874470.0,Unemployed,2,Graduate,General,No,Urban,0
4338,66.0,Male,173323.0,Employed,2,Primary,General,No,Rural,0
4339,42.0,Male,236110.0,Employed,4,Graduate,OBC,No,Urban,0
4340,57.0,Female,694566.0,Unemployed,4,Postgraduate,OBC,No,Rural,0
4341,41.0,Female,947486.0,Employed,4,Postgraduate,General,No,Rural,1
4342,31.0,Male,320041.0,Employed,1,Graduate,General,No,Rural,0
4343,43.0,Male,638829.0,Employed,4,Primary,OBC,,Urban,1
4344,,Male,156968.0,Employed,5,Secondary,OBC,,Rural,0
4345,40.0,Female,589180.0,Self-employed,9,Graduate,ST,No,Urban,0
4346,39.0,Female,975775.0,Employed,3,Graduate,General,No,Rural,1
4347,65.0,Male,74815.0,Employed,3,Postgraduate,OBC,No,Urban,1
4348,74.0,Female,882044.0,Unemployed,5,Graduate,General,No,Rural,0
4349,36.0,Male,476573.0,Employed,10,Postgraduate,OBC,No,Urban,1
4350,63.0,Female,518304.0,Employed,6,Graduate,ST,No,Urban,0
4351,68.0,Female,852699.0,Employed,3,Graduate,SC,No,Urban,1
4352,20.0,Female,854700.0,Self-employed,1,Graduate,SC,No,Rural,0
4353,59.0,Female,688751.0,Self-employed,10,Secondary,OBC,No,Urban,0
4354,36.0,Male,981767.0,Unemployed,8,Graduate,ST,No,Urban,0
4355,26.0,Female,514151.0,Employed,1,Postgraduate,OBC,No,Rural,1
4356,45.0,Female,,Unemployed,2,Secondary,SC,No,Urban,0
4357,37.0,Female,240732.0,Employed,3,Graduate,OBC,No,Rural,1
4358,62.0,Male,246599.0,Employed,6,Secondary,ST,No,Rural,1
4359,24.0,Male,244451.0,Self-employed,4,Graduate,OBC,No,Urban,0
4360,31.0,Female,406686.0,Employed,4,Graduate,SC,No,Urban,0
4361,80.0,Female,746631.0,Employed,9,Postgraduate,General,No,Rural,1
4362,26.0,Female,378756.0,Self-employed,6,Graduate,SC,No,Urban,1
4363,76.0,Female,188307.0,Unemployed,2,Graduate,SC,,Urban,0
4364,77.0,Female,138757.0,Employed,7,Primary,General,No,Rural,0
4365,72.0,Female,459633.0,Employed,3,Graduate,SC,No,Rural,1
4366,74.0,Female,934507.0,Employed,9,Graduate,General,Yes,Urban,0
4367,77.0,Female,346753.0,Employed,6,Graduate,General,No,Rural,1
4368,36.0,Male,939217.0,Employed,8,Secondary,OBC,No,Rural,1
4369,64.0,Male,304200.0,Employed,1,Postgraduate,OBC,No,Rural,0
4370,69.0,Female,597933.0,Self-employed,2,Graduate,OBC,No,Urban,1
4371,31.0,Male,506089.0,Employed,6,Postgraduate,OBC,No,Urban,1
4372,73.0,Female,769918.0,Employed,3,Graduate,OBC,,Rural,0
4373,,Male,374377.0,Employed,1,Secondary,SC,No,Rural,0
4374,70.0,Male,423587.0,Employed,6,Graduate,OBC,No,Urban,1
4375,78.0,Female,204473.0,Employed,5,Postgraduate,General,No,Rural,0
4376,53.0,Female,844203.0,Self-employed,9,,SC,,Urban,1
4377,57.0,Male,517667.0,Self-employed,6,Graduate,General,,Rural,0
4378,34.0,Female,522650.0,Employed,5,Postgraduate,OBC,,Rural,1
4379,47.0,Female,510665.0,Self-employed,1,Secondary,SC,No,Rural,1
4380,26.0,Female,414745.0,Employed,1,Secondary,SC,No,Rural,0
4381,50.0,Male,535820.0,Unemployed,1,Graduate,OBC,No,Rural,0
4382,73.0,Female,445158.0,Employed,7,Secondary,OBC,No,Urban,0
4383,69.0,Female,725748.0,Self-employed,6,Graduate,OBC,No,Rural,1
4384,42.0,Male,961656.0,Employed,5,Graduate,OBC,,Urban,1
4385,31.0,Female,,Employed,4,Graduate,OBC,,Rural,1
4386,28.0,Female,631330.0,Unemployed,8,Secondary,General,No,Rural,0
4387,70.0,Female,890172.0,Employed,8,Graduate,SC,No,Urban,0
4388,52.0,Female,246945.0,Employed,5,Graduate,OBC,No,Rural,0
4389,58.0,Male,621312.0,Employed,4,Graduate,SC,No,Rural,0
4390,76.0,Male,728810.0,Unemployed,2,Graduate,SC,,Rural,0
4391,31.0,Female,631253.0,Employed,7,Secondary,OBC,No,Urban,0
4392,47.0,Female,322201.0,Employed,5,Graduate,General,No,Urban,1
4393,58.0,Female,798609.0,Self-employed,3,Graduate,General,No,Rural,0
4394,21.0,Female,845415.0,Employed,9,Graduate,OBC,No,Urban,1
4395,76.0,Male,442613.0,Employed,9,Graduate,OBC,,Rural,0
4396,21.0,Male,594283.0,Unemployed,10,Secondary,ST,No,Urban,1
4397,,Male,164587.0,Unemployed,8,Secondary,OBC,No,Urban,1
4398,25.0,Male,283076.0,Self-employed,1,Graduate,OBC,,Rural,1
4399,19.0,Female,796988.0,Employed,3,Graduate,OBC,,Urban,0
4400,58.0,Male,520897.0,Employed,2,Secondary,OBC,No,Rural,1
4401,78.0,Female,88886.0,Self-employed,4,Graduate,OBC,No,Urban,0
4402,63.0,Male,401169.0,Self-employed,2,Graduate,SC,Yes,Rural,0
4403,39.0,Female,539788.0,Unemployed,8,Primary,OBC,No,Urban,1
4404,58.0,Female,145149.0,Employed,1,Postgraduate,OBC,No,Rural,1
4405,,Male,668308.0,,4,Primary,SC,No,Rural,0
4406,80.0,Male,576961.0,Employed,5,Graduate,ST,No,Urban,1
4407,80.0,Male,913945.0,Self-employed,10,Graduate,General,No,Rural,0
4408,72.0,Female,73466.0,Employed,4,Secondary,General,No,Rural,1
4409,33.0,Male,287626.0,Employed,8,Postgraduate,SC,No,Rural,1
4410,46.0,Female,928977.0,Employed,2,Graduate,OBC,,Rural,0
4411,79.0,Other,559966.0,Employed,9,Secondary,OBC,No,Urban,1
4412,66.0,Female,624694.0,Employed,2,Graduate,General,No,Urban,0
4413,65.0,Male,446904.0,Unemployed,2,Graduate,General,No,Rural,1
4414,47.0,Female,643572.0,Employed,2,Postgraduate,OBC,No,Urban,1
4415,29.0,Male,810006.0,Employed,10,Graduate,SC,,Urban,0
4416,52.0,Male,951011.0,Employed,8,Secondary,OBC,No,Rural,1
4417,28.0,Female,587953.0,Self-employed,3,Primary,General,No,Rural,0
4418,63.0,Female,594929.0,Self-employed,10,Graduate,General,,Urban,0
4419,67.0,Male,475716.0,Unemployed,10,Graduate,OBC,,Rural,1
4420,38.0,Male,610085.0,Unemployed,8,Postgraduate,General,No,Rural,0
4421,,Male,,Employed,7,Graduate,OBC,No,Urban,0
4422,38.0,Female,358094.0,,10,Postgraduate,SC,No,Urban,1
4423,22.0,Male,992550.0,Self-employed,4,Postgraduate,OBC,No,Urban,0
4424,65.0,Other,965986.0,Employed,7,Graduate,SC,Yes,Urban,1
4425,37.0,Female,676627.0,Employed,8,Secondary,OBC,No,Rural,1
4426,54.0,Female,687719.0,Self-employed,6,Secondary,OBC,No,Urban,1
4427,20.0,Male,282275.0,Unemployed,6,Secondary,General,No,Urban,1
4428,61.0,Female,452854.0,Employed,3,Graduate,General,No,Rural,0
4429,50.0,Female,857605.0,Self-employed,5,Secondary,SC,,Urban,1
4430,70.0,Female,718582.0,Employed,10,Secondary,SC,No,Rural,1
4431,78.0,Male,231136.0,Employed,2,Secondary,General,No,Rural,1
4432,26.0,Male,218082.0,Unemployed,5,,OBC,No,Urban,0
4433,78.0,Male,303301.0,Employed,5,,General,No,Urban,1
4434,26.0,Female,592383.0,Unemployed,7,Secondary,ST,No,Rural,1
4435,21.0,Female,173554.0,Employed,4,Graduate,General,No,Rural,1
4436,52.0,Female,444655.0,Employed,6,Secondary,OBC,No,Urban,0
4437,34.0,Male,962046.0,Employed,9,Graduate,ST,,Rural,0
4438,51.0,Male,809277.0,Employed,4,Primary,SC,No,Urban,0
4439,41.0,Male,528766.0,Employed,6,Postgraduate,General,No,Rural,1
4440,49.0,Male,972879.0,Self-employed,9,Graduate,OBC,No,Rural,1
4441,18.0,Male,663311.0,Employed,10,Graduate,General,No,Rural,1
4442,25.0,Female,681469.0,Employed,1,Graduate,General,,Rural,0
4443,62.0,Female,272310.0,Employed,8,Secondary,SC,No,Rural,0
4444,40.0,Female,857032.0,Self-employed,1,Secondary,OBC,No,Rural,0
4445,64.0,Male,838898.0,Employed,4,Graduate,SC,,Rural,0
4446,57.0,Male,830637.0,Employed,3,Postgraduate,OBC,No,Rural,0
4447,29.0,Male,549344.0,Employed,4,Postgraduate,OBC,No,Rural,1
4448,71.0,Female,750457.0,Employed,7,Graduate,OBC,No,Urban,0
4449,29.0,Male,946366.0,Employed,9,Graduate,OBC,No,Rural,1
4450,63.0,Female,,Unemployed,9,Graduate,ST,,Rural,0
4451,64.0,Male,493333.0,Self-employed,10,Graduate,SC,No,Rural,0
4452,32.0,Female,490187.0,Employed,1,Graduate,OBC,,Rural,0
4453,58.0,Female,319072.0,Self-employed,10,Secondary,General,No,Urban,1
4454,36.0,Male,891741.0,Self-employed,1,Postgraduate,OBC,No,Rural,0
4455,43.0,Female,255719.0,Self-employed,9,Secondary,General,No,Urban,0
4456,69.0,Male,746248.0,Self-employed,4,Graduate,SC,No,Rural,0
4457,46.0,Female,,Self-employed,3,Postgraduate,OBC,No,Rural,1
4458,39.0,Male,749192.0,Employed,9,Postgraduate,OBC,No,Rural,1
4459,57.0,Male,166196.0,Employed,5,Graduate,General,Yes,Urban,0
4460,38.0,Female,59404.0,Employed,6,Secondary,OBC,No,Rural,1
4461,68.0,Female,476855.0,Self-employed,1,Secondary,OBC,No,Urban,0
4462,55.0,Male,783478.0,Employed,1,Primary,General,No,Rural,1
4463,37.0,Female,503814.0,Employed,7,Graduate,OBC,No,Rural,0
4464,74.0,Male,687475.0,Employed,10,Graduate,SC,No,Urban,1
4465,46.0,Male,946881.0,Self-employed,8,Graduate,OBC,No,Rural,0
4466,68.0,Female,601972.0,Unemployed,8,,SC,No,Urban,1
4467,21.0,Male,642879.0,,7,Graduate,General,No,Rural,0
4468,72.0,Male,431965.0,Employed,9,Graduate,OBC,No,Urban,0
4469,24.0,Female,783082.0,Unemployed,1,Postgraduate,OBC,No,Urban,0
4470,45.0,Male,314826.0,Employed,2,Primary,General,No,Urban,0
4471,45.0,Female,,Employed,3,Graduate,General,No,Urban,1
4472,21.0,Male,817469.0,Employed,5,Secondary,OBC,No,Urban,1
4473,39.0,Male,596120.0,Self-employed,4,Graduate,General,,Rural,0
4474,29.0,Male,591285.0,Employed,4,Postgraduate,SC,,Urban,0
4475,62.0,Female,,Employed,8,Secondary,General,No,Rural,0
4476,20.0,Female,520098.0,Unemployed,8,Primary,OBC,No,Rural,0
4477,39.0,Male,90491.0,Employed,7,Secondary,OBC,No,Urban,0
4478,61.0,Male,113043.0,Employed,1,Secondary,ST,No,Urban,0
4479,19.0,Female,948607.0,Employed,10,Graduate,General,No,Rural,0
4480,41.0,Male,178568.0,Self-employed,4,Primary,SC,Yes,Urban,1
4481,51.0,Female,426394.0,Employed,1,Primary,OBC,,Urban,1
4482,44.0,Male,647013.0,Unemployed,5,Graduate,OBC,No,Rural,1
4483,72.0,Female,178131.0,Self-employed,3,Graduate,OBC,No,Urban,1
4484,58.0,Male,95520.0,Self-employed,3,Graduate,General,No,Rural,1
4485,18.0,Female,375063.0,Unemployed,4,Graduate,General,,Urban,0
4486,25.0,Female,684157.0,Unemployed,2,Graduate,General,No,Rural,1
4487,40.0,Male,638730.0,Self-employed,7,,ST,No,Rural,1
4488,55.0,Male,835313.0,Self-employed,4,Graduate,OBC,No,Rural,0
4489,23.0,Female,202842.0,Self-employed,5,Graduate,OBC,,Rural,1
4490,39.0,Female,417390.0,Unemployed,2,Secondary,General,No,Rural,1
4491,42.0,Male,752858.0,Employed,6,Graduate,OBC,No,Rural,0
4492,35.0,Male,421831.0,Employed,9,Graduate,ST,No,Urban,0
4493,34.0,Female,572485.0,Employed,8,Graduate,OBC,No,Rural,1
4494,78.0,Male,697735.0,Self-employed,8,Graduate,OBC,No,Rural,0
4495,29.0,Female,635765.0,Self-employed,2,Graduate,ST,No,Rural,0
4496,23.0,Male,574532.0,Employed,4,Graduate,General,No,Urban,1
4497,43.0,Female,915885.0,Employed,8,Graduate,SC,No,Rural,0
4498,44.0,Female,500953.0,Employed,1,Graduate,OBC,No,Rural,1
4499,25.0,Other,227561.0,Employed,8,Secondary,OBC,No,Rural,1
4500,36.0,Male,964394.0,Unemployed,3,Secondary,OBC,Yes,Urban,0
4501,77.0,Female,907735.0,Employed,8,Secondary,General,No,Rural,1
4502,59.0,Male,340534.0,Employed,6,Secondary,OBC,No,Rural,0
4503,18.0,Female,584535.0,Employed,7,Graduate,OBC,No,Urban,1
4504,74.0,Female,250123.0,Employed,2,Postgraduate,General,No,Rural,1
4505,46.0,Male,765079.0,Self-employed,1,Postgraduate,SC,No,Urban,1
4506,62.0,Female,477894.0,Employed,6,Graduate,SC,No,Urban,1
4507,66.0,Male,531018.0,Self-employed,3,Postgraduate,ST,No,Rural,0
4508,52.0,Female,257358.0,Employed,4,Postgraduate,OBC,No,Urban,1
4509,57.0,Female,,Employed,9,Postgraduate,OBC,Yes,Rural,1
4510,31.0,Female,566456.0,Unemployed,3,Primary,OBC,No,Rural,0
4511,52.0,Male,189148.0,Unemployed,2,,SC,No,Urban,1
4512,65.0,Male,985510.0,Employed,2,Graduate,ST,No,Rural,1
4513,62.0,Female,196123.0,Employed,2,Secondary,OBC,No,Rural,0
4514,37.0,Male,447530.0,Employed,6,Graduate,ST,No,Urban,1
4515,73.0,Male,602958.0,Unemployed,2,Secondary,OBC,No,Rural,1
4516,66.0,Male,543973.0,Employed,7,Secondary,OBC,No,Rural,0
4517,30.0,Male,961352.0,Employed,7,Primary,General,No,Rural,0
4518,78.0,Female,60236.0,Unemployed,7,Graduate,SC,,Rural,1
4519,55.0,Male,85568.0,Employed,2,Graduate,OBC,,Rural,0
4520,66.0,Female,681615.0,Employed,7,Graduate,OBC,No,Urban,1
4521,63.0,Male,305745.0,Employed,10,Secondary,General,No,Urban,1
4522,66.0,Male,422332.0,Self-employed,8,Graduate,General,No,Rural,1
4523,79.0,Male,535119.0,Employed,8,Graduate,General,No,Rural,0
4524,25.0,Male,328496.0,Self-employed,2,Graduate,OBC,No,Urban,0
4525,60.0,Male,700009.0,Employed,5,Secondary,OBC,No,Urban,0
4526,37.0,Female,309291.0,Unemployed,6,Primary,OBC,No,Rural,1
4527,77.0,Male,488866.0,Employed,9,Primary,OBC,No,Rural,1
4528,50.0,Male,453562.0,Employed,6,Graduate,General,Yes,Rural,0
4529,43.0,Male,730516.0,Self-employed,10,Secondary,ST,No,Rural,0
4530,56.0,Male,105904.0,Self-employed,6,Secondary,OBC,No,Rural,1
4531,,Female,981539.0,Unemployed,10,Secondary,General,No,Rural,1
4532,70.0,Female,958573.0,Self-employed,10,Graduate,ST,No,Rural,0
4533,66.0,Male,328252.0,Employed,6,Graduate,OBC,No,Rural,0
4534,79.0,Male,572247.0,Employed,9,Graduate,SC,No,Rural,1
4535,59.0,Other,839285.0,Employed,10,Graduate,SC,Yes,Rural,0
4536,60.0,Male,396300.0,Self-employed,7,Secondary,SC,No,Rural,1
4537,,Female,316320.0,Employed,1,Secondary,SC,,Urban,1
4538,79.0,Male,674747.0,Self-employed,1,Secondary,ST,No,Urban,1
4539,58.0,Female,469136.0,Employed,4,Secondary,OBC,No,Urban,0
4540,26.0,Female,235922.0,Unemployed,2,Postgraduate,General,No,Rural,0
4541,41.0,Female,187901.0,Employed,3,Graduate,SC,No,Rural,1
4542,54.0,Male,173225.0,Employed,7,Graduate,General,No,Rural,1
4543,66.0,Male,543406.0,Unemployed,7,Secondary,General,,Rural,1
4544,58.0,Male,810135.0,Employed,3,Secondary,General,No,Urban,1
4545,34.0,Male,271738.0,Self-employed,2,Secondary,OBC,,Rural,0
4546,41.0,Male,954890.0,Unemployed,1,Graduate,SC,No,Urban,0
4547,38.0,Male,685181.0,Employed,9,Secondary,General,No,Rural,0
4548,68.0,Female,910359.0,Self-employed,10,Graduate,General,No,Urban,1
4549,76.0,Female,528076.0,Unemployed,3,Graduate,OBC,No,Rural,0
4550,56.0,Male,954610.0,Unemployed,9,Postgraduate,General,No,Urban,0
4551,72.0,Male,292726.0,Employed,4,Secondary,SC,No,Rural,1
4552,58.0,Other,352811.0,Employed,10,Primary,General,No,Rural,1
4553,56.0,Female,771202.0,Unemployed,6,Secondary,SC,No,Urban,1
4554,30.0,Female,479059.0,Self-employed,7,Graduate,OBC,No,Rural,1
4555,28.0,Male,756168.0,Employed,10,Secondary,OBC,No,Urban,0
4556,,Male,473759.0,Employed,6,Graduate,OBC,,Rural,0
4557,36.0,Male,515996.0,Employed,1,Graduate,SC,,Rural,1
4558,28.0,Male,56611.0,Employed,6,,General,No,Rural,1
4559,30.0,Female,400386.0,Unemployed,6,Primary,OBC,No,Rural,0
4560,80.0,Female,921044.0,Unemployed,5,Secondary,OBC,No,Urban,0
4561,63.0,Male,883334.0,Employed,3,Secondary,OBC,Yes,Rural,0
4562,62.0,Other,821812.0,Self-employed,10,Secondary,General,No,Urban,1
4563,18.0,Male,345187.0,Employed,3,Graduate,SC,No,Rural,1
4564,57.0,Other,186343.0,Unemployed,10,Graduate,General,No,Urban,0
4565,61.0,Other,909299.0,,7,Primary,ST,No,Rural,0
4566,36.0,Male,389233.0,Employed,8,Graduate,SC,No,Rural,1
4567,29.0,Male,895177.0,Self-employed,3,Secondary,OBC,No,Rural,1
4568,25.0,Female,540092.0,Employed,3,Graduate,General,Yes,Urban,0
4569,25.0,Female,240191.0,Employed,7,Graduate,SC,No,Rural,1
4570,78.0,Female,,Employed,10,Graduate,OBC,Yes,Rural,0
4571,70.0,Other,726769.0,Employed,7,Secondary,OBC,Yes,Rural,0
4572,62.0,Female,922402.0,Employed,9,Graduate,ST,No,Urban,1
4573,29.0,Male,336608.0,Employed,6,Graduate,General,No,Rural,1
4574,78.0,Male,299220.0,Self-employed,7,Primary,OBC,No,Rural,0
4575,65.0,Female,486056.0,Unemployed,10,Graduate,General,No,Rural,1
4576,50.0,Male,692811.0,Employed,1,Graduate,OBC,No,Rural,1
4577,62.0,Female,594950.0,Unemployed,7,Secondary,OBC,,Rural,1
4578,43.0,Male,854660.0,Employed,2,Graduate,OBC,No,Rural,1
4579,56.0,Male,635009.0,Employed,7,Graduate,OBC,No,Rural,0
4580,45.0,Male,712746.0,Employed,3,Primary,General,,Urban,1
4581,75.0,Female,843294.0,Employed,9,Secondary,ST,,Urban,0
4582,22.0,Male,614396.0,Self-employed,5,Secondary,OBC,,Rural,0
4583,25.0,Female,141788.0,Employed,7,Primary,General,No,Rural,0
4584,42.0,Female,518239.0,Self-employed,8,Secondary,General,No,Rural,1
4585,44.0,Female,294437.0,Employed,2,Secondary,SC,No,Urban,0
4586,63.0,Female,811299.0,Employed,1,Secondary,General,No,Rural,0
4587,40.0,Male,,Unemployed,7,Graduate,OBC,No,Urban,1
4588,47.0,Female,732561.0,Employed,6,Graduate,OBC,No,Rural,1
4589,62.0,Male,905010.0,Employed,6,Primary,ST,No,Rural,1
4590,64.0,Male,99966.0,Employed,2,Secondary,OBC,No,Rural,1
4591,40.0,Male,235846.0,Employed,3,Primary,General,No,Urban,1
4592,66.0,Female,322530.0,Self-employed,4,Secondary,OBC,No,Urban,1
4593,64.0,Female,651516.0,Employed,3,Secondary,SC,No,Urban,0
4594,37.0,Female,196297.0,Employed,2,Graduate,OBC,No,Urban,1
4595,35.0,Female,459909.0,Self-employed,3,Secondary,SC,No,Rural,0
4596,35.0,Female,384341.0,Employed,6,Secondary,General,No,Rural,1
4597,19.0,Male,93021.0,Employed,9,Graduate,SC,No,Rural,1
4598,21.0,Female,431059.0,Employed,4,Graduate,ST,No,Urban,1
4599,47.0,Male,199333.0,Employed,6,Graduate,General,Yes,Rural,1
4600,50.0,Other,470594.0,Employed,1,Graduate,OBC,No,Urban,1
4601,80.0,Female,953606.0,Employed,6,Secondary,OBC,No,Rural,1
4602,53.0,Female,826934.0,Self-employed,3,Postgraduate,OBC,,Urban,0
4603,35.0,Female,136755.0,Employed,9,Postgraduate,ST,No,Urban,1
4604,54.0,Male,979441.0,Employed,4,Secondary,SC,No,Urban,0
4605,36.0,Female,116330.0,Employed,7,Postgraduate,OBC,No,Urban,0
4606,64.0,Male,752726.0,Employed,4,Graduate,General,No,Rural,1
4607,45.0,Female,908754.0,Self-employed,6,Postgraduate,General,No,Rural,1
4608,57.0,Female,938750.0,Employed,7,Graduate,General,,Urban,0
4609,37.0,Female,619601.0,Employed,2,Graduate,General,No,Rural,1
4610,66.0,Female,,Employed,10,Primary,General,No,Rural,1
4611,50.0,Male,807071.0,Employed,6,Graduate,General,No,Rural,1
4612,29.0,Male,339176.0,Unemployed,8,Secondary,General,No,Urban,0
4613,75.0,Female,535179.0,Employed,6,,OBC,,Rural,1
4614,68.0,Male,198430.0,Employed,2,Postgraduate,SC,No,Rural,1
4615,32.0,Male,898142.0,Employed,4,Primary,SC,No,Urban,0
4616,58.0,Female,407470.0,Employed,1,Graduate,SC,,Urban,1
4617,56.0,Female,398301.0,Employed,7,Secondary,General,No,Rural,0
4618,19.0,Female,492037.0,Employed,8,Primary,OBC,No,Urban,0
4619,80.0,Male,78365.0,Self-employed,10,Graduate,General,No,Urban,0
4620,46.0,Female,325333.0,Employed,2,Secondary,OBC,No,Rural,0
4621,58.0,Male,519965.0,Self-employed,10,Postgraduate,OBC,No,Rural,1
4622,27.0,Female,581536.0,Employed,5,Secondary,SC,Yes,Rural,1
4623,19.0,Male,54369.0,Unemployed,8,Secondary,General,,Urban,1
4624,,Female,506979.0,Employed,8,Primary,General,No,Rural,0
4625,28.0,Female,975554.0,Unemployed,5,Secondary,General,No,Urban,0
4626,30.0,Male,865037.0,Employed,8,Primary,SC,No,Urban,0
4627,27.0,Female,886048.0,Employed,6,Graduate,SC,No,Rural,0
4628,31.0,Female,497695.0,Unemployed,5,Graduate,OBC,No,Rural,1
4629,35.0,Male,415863.0,Employed,4,Primary,ST,No,Rural,0
4630,,Female,221955.0,Employed,5,Secondary,General,,Rural,0
4631,71.0,Male,607343.0,Employed,4,Graduate,SC,No,Rural,1
4632,26.0,Female,774091.0,Employed,1,Graduate,OBC,,Rural,1
4633,74.0,Female,428824.0,Employed,3,Graduate,OBC,No,Urban,0
4634,56.0,Male,319594.0,Employed,8,Graduate,OBC,No,Rural,1
4635,45.0,Female,183997.0,Employed,7,Graduate,ST,,Rural,0
4636,20.0,Male,523267.0,Employed,7,Graduate,General,No,Rural,1
4637,37.0,Male,100272.0,Employed,3,Graduate,OBC,No,Rural,0
4638,23.0,Other,55310.0,Employed,9,Secondary,General,No,Urban,1
4639,44.0,Female,81817.0,Employed,6,Primary,SC,No,Rural,0
4640,70.0,Male,558350.0,Self-employed,8,Secondary,General,No,Rural,0
4641,19.0,Male,536160.0,Employed,8,Postgraduate,ST,No,Urban,1
4642,46.0,Male,487744.0,Self-employed,3,Primary,OBC,No,Rural,0
4643,55.0,Other,790176.0,Unemployed,4,Graduate,OBC,No,Rural,0
4644,20.0,Male,132641.0,Self-employed,6,Graduate,SC,No,Urban,0
4645,33.0,Male,789443.0,Self-employed,2,Graduate,SC,No,Rural,0
4646,47.0,Female,,Unemployed,7,Secondary,General,No,Rural,1
4647,57.0,Male,589745.0,Employed,2,Secondary,SC,No,Rural,1
4648,19.0,Male,92311.0,Employed,5,Primary,General,No,Rural,0
4649,34.0,Male,971484.0,Employed,4,Secondary,OBC,No,Urban,0
4650,58.0,Male,,Self-employed,9,,OBC,No,Urban,1
4651,79.0,Male,520328.0,Self-employed,2,Graduate,SC,No,Urban,0
4652,29.0,Female,494093.0,Unemployed,7,Postgraduate,SC,,Rural,1
4653,52.0,Male,697861.0,Self-employed,7,Graduate,OBC,No,Urban,0
4654,60.0,Female,,Self-employed,7,Graduate,OBC,No,Urban,0
4655,18.0,Female,872613.0,Employed,1,Graduate,General,No,Rural,1
4656,72.0,Female,214334.0,Unemployed,8,Secondary,OBC,No,Urban,1
4657,62.0,Female,968451.0,Employed,2,Primary,General,,Rural,1
4658,32.0,Male,443238.0,Employed,5,Secondary,SC,No,Rural,1
4659,43.0,Male,837560.0,Employed,2,Graduate,OBC,No,Rural,0
4660,54.0,Male,653810.0,Employed,5,Postgraduate,ST,No,Urban,0
4661,38.0,Male,213394.0,Unemployed,7,Graduate,ST,No,Rural,0
4662,79.0,Female,98929.0,Employed,6,Secondary,General,No,Rural,0
4663,66.0,Female,655984.0,Self-employed,5,Graduate,General,No,Urban,1
4664,80.0,Female,427389.0,Employed,4,Graduate,OBC,,Rural,0
4665,48.0,Male,846240.0,Employed,8,Graduate,General,No,Rural,1
4666,42.0,Female,669436.0,Self-employed,8,Graduate,OBC,No,Urban,0
4667,40.0,Male,496098.0,Unemployed,1,Graduate,General,,Rural,1
4668,41.0,Female,858157.0,Employed,10,Graduate,SC,,Rural,0
4669,74.0,Male,384678.0,Employed,2,Graduate,SC,,Urban,1
4670,55.0,Female,352094.0,Employed,3,Postgraduate,General,No,Rural,1
4671,45.0,Male,794314.0,Self-employed,1,Graduate,OBC,Yes,Urban,1
4672,38.0,Female,133576.0,Unemployed,3,Graduate,OBC,No,Rural,0
4673,71.0,Female,70557.0,Employed,10,Graduate,OBC,No,Urban,0
4674,60.0,Female,596113.0,Employed,8,Graduate,General,No,Rural,1
4675,35.0,Male,321142.0,Self-employed,4,Graduate,OBC,No,Rural,1
4676,,Female,86080.0,Unemployed,7,Graduate,OBC,No,Rural,1
4677,52.0,Female,833103.0,Self-employed,7,Secondary,General,No,Rural,0
4678,,Male,238869.0,Employed,5,Graduate,General,No,Rural,0
4679,72.0,Male,721162.0,Self-employed,1,Graduate,ST,No,Rural,1
4680,26.0,Male,978671.0,Unemployed,10,Graduate,OBC,No,Urban,1
4681,70.0,Male,543844.0,Unemployed,4,Postgraduate,OBC,No,Rural,0
4682,55.0,Female,616695.0,Employed,7,Postgraduate,SC,No,Rural,1
4683,75.0,Other,170283.0,Self-employed,5,Graduate,OBC,No,Rural,0
4684,47.0,Male,63338.0,Unemployed,2,Primary,SC,,Rural,1
4685,77.0,Female,650577.0,Self-employed,8,Graduate,SC,No,Rural,1
4686,61.0,Other,514736.0,Employed,2,Secondary,General,No,Rural,0
4687,51.0,Male,724255.0,Employed,8,Secondary,SC,No,Rural,0
4688,49.0,Female,228982.0,Employed,2,Postgraduate,OBC,No,Urban,1
4689,20.0,Female,967461.0,Employed,5,Postgraduate,OBC,,Urban,1
4690,20.0,Female,159367.0,Employed,4,Graduate,OBC,No,Rural,1
4691,45.0,Male,378042.0,Employed,1,Secondary,ST,No,Rural,0
4692,61.0,Female,970958.0,Employed,8,Primary,OBC,No,Rural,1
4693,32.0,Male,691774.0,Self-employed,10,Graduate,General,No,Urban,1
4694,58.0,Female,398684.0,Employed,3,Primary,OBC,,Rural,1
4695,80.0,Male,544775.0,Employed,4,Graduate,OBC,No,Urban,0
4696,40.0,Female,788497.0,Self-employed,4,Graduate,OBC,No,Rural,0
4697,57.0,Male,493853.0,Employed,5,Postgraduate,SC,Yes,Rural,0
4698,28.0,Male,830343.0,Employed,3,Secondary,OBC,,Urban,0
4699,65.0,Female,710709.0,Employed,9,Secondary,SC,No,Urban,1
4700,49.0,Male,961848.0,Employed,4,Postgraduate,OBC,No,Rural,0
4701,75.0,Female,876395.0,Employed,10,Graduate,General,,Urban,0
4702,76.0,Other,450966.0,Employed,4,Primary,OBC,,Urban,1
4703,74.0,Female,407073.0,Self-employed,6,Secondary,OBC,No,Rural,0
4704,71.0,Male,,Employed,8,Graduate,SC,No,Urban,1
4705,53.0,Female,649223.0,Employed,7,Graduate,General,No,Urban,0
4706,77.0,Female,764152.0,Unemployed,4,Postgraduate,OBC,No,Rural,0
4707,50.0,Female,850118.0,Employed,4,Secondary,General,No,Urban,0
4708,41.0,Male,549555.0,Employed,5,,SC,Yes,Urban,1
4709,56.0,Female,113528.0,,10,Graduate,General,No,Rural,1
4710,51.0,Female,674099.0,Employed,5,Secondary,OBC,No,Urban,1
4711,73.0,Male,558907.0,Self-employed,1,Postgraduate,SC,No,Urban,0
4712,45.0,Male,334931.0,Employed,8,Graduate,General,Yes,Rural,0
4713,54.0,Male,982280.0,Unemployed,10,Postgraduate,SC,No,Rural,1
4714,24.0,Female,427757.0,Employed,5,Postgraduate,General,No,Urban,1
4715,21.0,Female,762787.0,Employed,3,Secondary,General,No,Urban,1
4716,54.0,Female,834429.0,Unemployed,3,Graduate,SC,No,Rural,1
4717,73.0,Male,154887.0,Self-employed,4,Graduate,OBC,No,Rural,1
4718,18.0,Male,111086.0,Unemployed,7,Graduate,OBC,,Rural,0
4719,18.0,Other,,Unemployed,5,Graduate,OBC,No,Rural,0
4720,64.0,Other,,Self-employed,1,Graduate,General,No,Rural,0
4721,37.0,Female,558889.0,Employed,5,Primary,General,No,Urban,0
4722,36.0,Female,637596.0,Employed,5,Graduate,OBC,No,Urban,0
4723,46.0,Male,327941.0,Employed,6,Secondary,General,No,Rural,0
4724,27.0,Female,317446.0,Unemployed,7,Secondary,General,No,Urban,1
4725,77.0,Male,506388.0,Self-employed,5,Graduate,ST,No,Urban,1
4726,35.0,Male,612347.0,Unemployed,2,Primary,SC,No,Rural,0
4727,45.0,Female,181980.0,Self-employed,2,Secondary,OBC,,Urban,0
4728,52.0,Male,765612.0,Unemployed,4,Secondary,General,No,Rural,1
4729,60.0,Male,523875.0,Employed,1,Graduate,SC,No,Urban,1
4730,64.0,Male,193949.0,Employed,7,Secondary,General,,Rural,0
4731,48.0,Male,326383.0,Self-employed,1,Graduate,General,No,Rural,1
4732,44.0,Female,77313.0,Employed,3,Graduate,SC,No,Rural,0
4733,79.0,Male,92103.0,Employed,10,Secondary,OBC,No,Rural,0
4734,28.0,Male,229480.0,Employed,7,Graduate,OBC,,Rural,0
4735,66.0,Male,526467.0,Employed,6,Secondary,OBC,Yes,Rural,0
4736,66.0,Male,138771.0,Unemployed,7,Graduate,OBC,No,Rural,1
4737,55.0,Male,176228.0,Employed,5,Secondary,General,,Rural,1
4738,22.0,Female,,Self-employed,8,Secondary,OBC,No,Rural,0
4739,25.0,Male,846966.0,Employed,6,Secondary,General,No,Urban,0
4740,51.0,Female,879492.0,Unemployed,4,Secondary,OBC,No,Rural,0
4741,65.0,Other,853621.0,Unemployed,1,Graduate,OBC,No,Rural,0
4742,69.0,Female,964863.0,Unemployed,2,Primary,General,No,Urban,0
4743,73.0,Male,660355.0,Self-employed,6,Secondary,OBC,,Rural,0
4744,29.0,Male,847399.0,Employed,4,Secondary,OBC,No,Rural,0
4745,55.0,Female,787351.0,Employed,3,Postgraduate,OBC,,Rural,1
4746,18.0,Female,901995.0,Employed,7,Graduate,General,No,Urban,0
4747,48.0,Female,320804.0,Self-employed,7,Secondary,OBC,No,Urban,1
4748,21.0,Female,430815.0,Self-employed,2,Secondary,OBC,No,Rural,0
4749,66.0,Female,534091.0,Employed,8,Postgraduate,General,No,Rural,1
4750,62.0,Female,179909.0,,1,Secondary,SC,No,Rural,0
4751,67.0,Female,483039.0,Employed,10,Postgraduate,OBC,No,Rural,0
4752,22.0,Male,499058.0,Employed,7,Secondary,OBC,No,Rural,0
4753,47.0,Other,,Unemployed,10,Primary,SC,No,Urban,1
4754,73.0,Female,125976.0,Employed,1,Graduate,OBC,No,Rural,1
4755,41.0,Male,807496.0,Employed,3,Graduate,SC,No,Urban,1
4756,76.0,Female,,Unemployed,3,Postgraduate,General,No,Urban,0
4757,,Female,,Unemployed,10,Graduate,General,,Rural,0
4758,28.0,Female,766764.0,Employed,2,Graduate,SC,No,Urban,1
4759,62.0,Female,668470.0,Unemployed,10,Graduate,SC,No,Urban,1
4760,21.0,Male,817441.0,Employed,5,Graduate,General,No,Urban,0
4761,43.0,Other,928219.0,Employed,4,Graduate,OBC,No,Rural,0
4762,44.0,Female,852386.0,Unemployed,6,Secondary,OBC,No,Urban,1
4763,63.0,Female,329087.0,Employed,2,Secondary,ST,No,Urban,0
4764,71.0,Male,90725.0,Employed,4,Secondary,SC,No,Urban,0
4765,60.0,Male,881866.0,Employed,7,Graduate,ST,,Rural,0
4766,44.0,Female,922183.0,Self-employed,1,Secondary,ST,No,Urban,0
4767,59.0,Male,584398.0,Employed,3,Secondary,OBC,No,Urban,1
4768,68.0,Male,548864.0,Employed,1,Graduate,General,No,Rural,1
4769,67.0,Female,328606.0,Employed,2,Primary,OBC,No,Urban,1
4770,23.0,Female,391376.0,Employed,9,Graduate,OBC,No,Rural,1
4771,76.0,Male,759441.0,Employed,10,Postgraduate,OBC,No,Rural,1
4772,,Male,496015.0,Employed,5,Graduate,OBC,No,Rural,0
4773,32.0,Male,640855.0,Self-employed,4,Secondary,SC,No,Rural,0
4774,70.0,Female,532517.0,Unemployed,4,Graduate,OBC,No,Urban,0
4775,47.0,Male,756584.0,Unemployed,8,Graduate,OBC,No,Rural,1
4776,59.0,Male,439569.0,Employed,3,Graduate,General,No,Rural,1
4777,54.0,Female,892495.0,Employed,4,Primary,OBC,,Rural,1
4778,75.0,Other,,Employed,2,Primary,OBC,Yes,Rural,0
4779,78.0,Female,891672.0,Employed,6,Graduate,ST,No,Urban,0
4780,54.0,Male,917784.0,Employed,9,Secondary,General,,Rural,0
4781,59.0,Male,198940.0,Unemployed,4,Graduate,General,No,Rural,1
4782,77.0,Female,393133.0,Employed,6,Graduate,OBC,No,Urban,0
4783,,Male,72222.0,Employed,4,Graduate,OBC,No,Rural,1
4784,52.0,Female,129794.0,Employed,2,Postgraduate,OBC,No,Urban,0
4785,40.0,Male,638212.0,Employed,6,Primary,OBC,No,Rural,0
4786,23.0,Male,674142.0,Self-employed,7,Secondary,General,No,Rural,0
4787,21.0,Female,914945.0,Employed,4,Graduate,General,No,Rural,1
4788,,Female,834326.0,Self-employed,7,Primary,OBC,No,Rural,0
4789,,Female,891081.0,Employed,8,Graduate,OBC,No,Rural,0
4790,26.0,Male,415130.0,Self-employed,3,Postgraduate,SC,No,Rural,0
4791,66.0,Male,818103.0,Employed,2,Postgraduate,SC,No,Urban,0
4792,46.0,Female,920181.0,Self-employed,5,Graduate,ST,No,Rural,0
4793,30.0,Female,283127.0,Employed,2,Postgraduate,ST,No,Rural,1
4794,76.0,Male,554434.0,Employed,10,Secondary,General,No,Urban,1
4795,64.0,Male,,Employed,5,Graduate,OBC,No,Rural,0
4796,79.0,Male,229238.0,Employed,10,Graduate,General,No,Urban,1
4797,69.0,Other,89369.0,Employed,6,Secondary,General,,Urban,0
4798,34.0,Female,922811.0,Unemployed,8,Primary,General,No,Rural,0
4799,62.0,Female,905824.0,Employed,6,Postgraduate,ST,No,Urban,1
4800,49.0,Male,849093.0,Employed,4,Graduate,OBC,No,Urban,0
4801,65.0,Other,720951.0,Unemployed,3,Graduate,OBC,No,Urban,1
4802,39.0,Male,383862.0,Employed,2,Secondary,General,No,Urban,1
4803,21.0,Female,760595.0,Employed,1,Secondary,General,No,Urban,0
4804,22.0,Female,320114.0,Self-employed,2,Postgraduate,ST,No,Urban,1
4805,54.0,Male,97922.0,Self-employed,2,Graduate,OBC,No,Urban,0
4806,58.0,Male,543614.0,Self-employed,5,Graduate,OBC,No,Urban,0
4807,66.0,Male,867187.0,Self-employed,9,Postgraduate,ST,No,Urban,0
4808,30.0,Male,695214.0,Employed,1,Graduate,General,Yes,Rural,0
4809,51.0,Female,69416.0,Self-employed,4,Graduate,General,No,Urban,1
4810,62.0,Female,63672.0,Employed,10,Secondary,General,,Urban,1
4811,39.0,Female,526684.0,Employed,7,Secondary,OBC,No,Rural,1
4812,70.0,Female,,Self-employed,10,Graduate,OBC,No,Rural,0
4813,76.0,Female,752356.0,,3,Secondary,OBC,No,Rural,1
4814,40.0,Male,910527.0,Employed,8,Graduate,General,No,Urban,1
4815,68.0,Male,50064.0,Employed,3,Secondary,General,No,Urban,0
4816,20.0,Other,118835.0,Employed,8,Secondary,SC,,Rural,1
4817,59.0,Male,251457.0,Employed,2,Graduate,OBC,Yes,Urban,0
4818,51.0,Female,973143.0,Employed,5,Secondary,SC,No,Rural,1
4819,49.0,Male,297795.0,Employed,4,Postgraduate,General,No,Rural,1
4820,,Female,454271.0,Employed,9,Secondary,SC,No,Urban,1
4821,68.0,Female,399738.0,Employed,3,Graduate,OBC,No,Rural,1
4822,75.0,Male,996931.0,Employed,5,Secondary,OBC,No,Rural,1
4823,66.0,Male,691204.0,Self-employed,10,Secondary,General,No,Urban,1
4824,38.0,Female,956740.0,Employed,9,Secondary,OBC,No,Rural,1
4825,63.0,Male,918948.0,Self-employed,6,Postgraduate,OBC,No,Urban,0
4826,80.0,Male,901098.0,Employed,2,Secondary,OBC,No,Rural,1
4827,61.0,Female,245346.0,Employed,1,Graduate,OBC,No,Urban,1
4828,38.0,Male,954726.0,Employed,1,Secondary,General,,Urban,0
4829,61.0,Female,323010.0,Employed,7,Primary,General,No,Urban,1
4830,28.0,Female,53889.0,Employed,2,Graduate,OBC,No,Rural,1
4831,56.0,Male,168194.0,Employed,7,Graduate,OBC,No,Urban,0
4832,21.0,Female,174714.0,Employed,1,Graduate,SC,No,Rural,0
4833,68.0,Female,605623.0,Employed,4,Secondary,General,No,Rural,1
4834,18.0,Male,100547.0,Unemployed,10,Primary,ST,No,Rural,0
4835,45.0,Male,207234.0,Self-employed,4,Graduate,General,No,Urban,0
4836,80.0,Male,794809.0,Employed,5,Postgraduate,OBC,,Urban,0
4837,41.0,Male,730047.0,Unemployed,10,Secondary,OBC,No,Urban,1
4838,,Male,,Unemployed,1,Postgraduate,SC,No,Urban,1
4839,52.0,Male,323139.0,Employed,7,Secondary,SC,No,Rural,1
4840,30.0,Male,499704.0,Self-employed,2,Graduate,OBC,No,Urban,0
4841,64.0,Female,52631.0,Self-employed,2,Primary,OBC,,Rural,1
4842,51.0,Female,187039.0,Employed,8,Graduate,SC,No,Rural,0
4843,28.0,Female,924726.0,Unemployed,9,Secondary,General,Yes,Rural,1
4844,53.0,Female,399422.0,Unemployed,6,Primary,OBC,No,Rural,0
4845,68.0,Female,638759.0,Employed,1,Postgraduate,ST,,Urban,1
4846,78.0,Female,349260.0,Employed,1,Graduate,General,No,Rural,0
4847,34.0,Female,,Self-employed,7,Graduate,General,No,Rural,0
4848,52.0,Male,477443.0,Unemployed,8,Primary,OBC,No,Urban,0
4849,77.0,Female,707302.0,Employed,3,Postgraduate,General,,Rural,0
4850,,Male,621952.0,Employed,9,Graduate,OBC,,Rural,0
4851,57.0,Male,733429.0,Self-employed,4,Postgraduate,General,No,Urban,1
4852,39.0,Female,137342.0,Employed,4,Primary,ST,No,Rural,0
4853,74.0,Male,64407.0,Unemployed,3,Secondary,General,No,Urban,1
4854,41.0,Male,163926.0,Employed,8,Postgraduate,OBC,No,Rural,0
4855,75.0,Female,371345.0,Employed,9,Graduate,OBC,,Rural,1
4856,36.0,Female,916525.0,Employed,1,Postgraduate,OBC,No,Urban,0
4857,54.0,Female,497564.0,Employed,2,Secondary,ST,No,Rural,1
4858,56.0,Female,787341.0,Employed,1,Graduate,OBC,No,Rural,1
4859,38.0,Male,592166.0,Employed,4,,OBC,No,Rural,0
4860,25.0,Male,133100.0,Unemployed,10,Graduate,OBC,,Rural,1
4861,45.0,Female,915061.0,Employed,7,Graduate,SC,No,Rural,1
4862,22.0,Male,498636.0,Unemployed,7,Secondary,OBC,No,Rural,1
4863,34.0,Female,544308.0,Employed,6,Secondary,OBC,No,Rural,0
4864,54.0,Male,273059.0,Employed,5,Secondary,OBC,No,Urban,1
4865,53.0,Male,617456.0,Employed,4,Graduate,OBC,No,Rural,1
4866,71.0,Female,300396.0,Employed,8,Graduate,SC,Yes,Rural,1
4867,36.0,Female,824769.0,Self-employed,7,Secondary,OBC,No,Urban,1
4868,80.0,Female,367006.0,Unemployed,10,Graduate,General,No,Urban,0
4869,44.0,Female,78004.0,Employed,1,Graduate,SC,No,Rural,1
4870,70.0,Male,856903.0,Unemployed,6,Secondary,SC,No,Rural,1
4871,51.0,Male,574252.0,Employed,2,Postgraduate,OBC,No,Rural,0
4872,28.0,Male,666108.0,Employed,4,Postgraduate,OBC,No,Rural,0
4873,71.0,Male,241239.0,Employed,5,Primary,OBC,No,Rural,1
4874,62.0,Male,676517.0,Unemployed,8,Primary,General,No,Rural,0
4875,64.0,Female,527044.0,Employed,6,Primary,General,No,Rural,1
4876,29.0,Male,901740.0,Self-employed,2,Graduate,OBC,No,Rural,1
4877,71.0,Female,396113.0,Employed,5,Secondary,OBC,No,Rural,0
4878,38.0,Female,64568.0,Employed,5,Graduate,ST,No,Urban,1
4879,71.0,Male,583754.0,Self-employed,6,Graduate,OBC,No,Rural,1
4880,28.0,Male,272129.0,Employed,1,Graduate,General,No,Rural,0
4881,56.0,Male,631612.0,Self-employed,8,Graduate,General,No,Rural,1
4882,45.0,Female,938640.0,Self-employed,3,Postgraduate,OBC,No,Rural,0
4883,22.0,Male,196539.0,Self-employed,5,Secondary,ST,No,Urban,0
4884,34.0,Male,650243.0,Employed,7,Secondary,ST,No,Urban,0
4885,73.0,Female,197748.0,Employed,3,Primary,SC,No,Rural,0
4886,37.0,Male,144791.0,Unemployed,10,Graduate,General,,Rural,1
4887,58.0,Female,736874.0,Employed,6,Graduate,ST,,Urban,1
4888,63.0,Female,945150.0,Employed,5,,OBC,No,Rural,0
4889,75.0,Female,596938.0,Employed,7,Graduate,General,No,Urban,0
4890,29.0,Male,400434.0,Employed,10,Secondary,SC,No,Rural,0
4891,23.0,Female,127701.0,Employed,3,Graduate,OBC,No,Urban,1
4892,34.0,Female,847115.0,Employed,2,Secondary,SC,No,Rural,1
4893,,Male,279164.0,Employed,4,Primary,OBC,No,Rural,1
4894,36.0,Male,503035.0,Employed,3,Graduate,SC,No,Rural,1
4895,43.0,Male,655266.0,Employed,4,Postgraduate,OBC,No,Urban,0
4896,65.0,Female,579148.0,Unemployed,7,,General,No,Urban,0
4897,61.0,Female,709089.0,Unemployed,5,Graduate,OBC,,Urban,0
4898,61.0,Female,605639.0,Employed,4,,OBC,No,Rural,1
4899,69.0,Female,555920.0,Employed,6,Secondary,General,No,Urban,1
4900,49.0,Male,374888.0,Employed,7,Secondary,ST,No,Rural,0
4901,23.0,Male,729706.0,Employed,5,Graduate,General,No,Rural,0
4902,80.0,Female,956630.0,Self-employed,7,Graduate,ST,No,Rural,1
4903,72.0,Female,910587.0,Unemployed,3,Secondary,OBC,,Rural,0
4904,75.0,Male,171449.0,Self-employed,7,Secondary,SC,,Urban,0
4905,53.0,Female,650988.0,Employed,3,Graduate,SC,No,Urban,0
4906,55.0,Female,809774.0,,6,Graduate,General,No,Rural,0
4907,28.0,Female,843387.0,Unemployed,8,Graduate,SC,No,Rural,1
4908,50.0,Female,307571.0,Employed,6,Secondary,OBC,No,Urban,0
4909,79.0,Female,513506.0,Employed,10,Graduate,OBC,Yes,Urban,1
4910,41.0,Male,487509.0,Employed,3,Graduate,OBC,No,Rural,0
4911,40.0,Female,766696.0,Employed,5,Postgraduate,General,,Urban,1
4912,32.0,Male,858094.0,Employed,9,Postgraduate,General,No,Urban,1
4913,44.0,Female,580696.0,,8,Graduate,OBC,,Rural,0
4914,28.0,Male,745763.0,Unemployed,6,Postgraduate,SC,No,Urban,0
4915,74.0,Female,313369.0,Self-employed,9,Postgraduate,ST,No,Rural,0
4916,68.0,Female,979700.0,Employed,2,Graduate,OBC,No,Urban,0
4917,67.0,Male,513002.0,Employed,9,Graduate,ST,No,Rural,1
4918,34.0,Male,196444.0,Employed,10,Graduate,OBC,No,Rural,0
4919,68.0,Other,831608.0,Self-employed,10,Graduate,General,No,Rural,0
4920,70.0,Other,591567.0,Employed,6,Primary,OBC,No,Urban,1
4921,,Male,160401.0,Self-employed,9,,SC,No,Urban,1
4922,44.0,Other,276801.0,Employed,4,Secondary,OBC,No,Rural,0
4923,35.0,Female,821668.0,Self-employed,5,Secondary,General,No,Rural,0
4924,45.0,Female,553575.0,Employed,2,Primary,OBC,Yes,Urban,0
4925,68.0,Male,928836.0,Employed,3,Postgraduate,ST,No,Rural,0
4926,64.0,Female,219259.0,Employed,1,Graduate,OBC,,Urban,0
4927,80.0,Female,297145.0,Employed,4,Secondary,OBC,No,Urban,1
4928,64.0,Female,360625.0,Self-employed,2,Graduate,ST,Yes,Urban,0
4929,21.0,Female,733835.0,Unemployed,2,Secondary,General,No,Rural,1
4930,24.0,Female,94552.0,Employed,1,,General,No,Rural,0
4931,62.0,Female,249041.0,Self-employed,10,Secondary,OBC,No,Rural,1
4932,52.0,Male,257606.0,Employed,2,Secondary,General,No,Rural,0
4933,65.0,Male,804965.0,Self-employed,4,Postgraduate,OBC,No,Rural,1
4934,80.0,Male,836157.0,Employed,6,,General,No,Rural,0
4935,26.0,Male,450074.0,Self-employed,7,Postgraduate,OBC,No,Urban,0
4936,25.0,Female,779846.0,Employed,7,Graduate,OBC,,Urban,1
4937,69.0,Female,124474.0,Employed,7,Secondary,SC,,Rural,0
4938,62.0,Female,337312.0,Employed,4,Graduate,ST,No,Urban,1
4939,34.0,Male,606387.0,Employed,5,Primary,OBC,No,Urban,1
4940,34.0,Female,,Employed,3,Secondary,OBC,No,Rural,0
4941,66.0,Male,814742.0,Employed,1,Secondary,OBC,Yes,Urban,1
4942,50.0,Male,373599.0,Self-employed,8,Graduate,OBC,,Rural,0
4943,49.0,Male,628528.0,Self-employed,10,Graduate,General,No,Rural,0
4944,25.0,Female,386940.0,Self-employed,7,Secondary,SC,No,Urban,1
4945,36.0,Male,891024.0,Self-employed,9,Secondary,ST,No,Urban,1
4946,80.0,Female,835034.0,Unemployed,10,Postgraduate,SC,No,Rural,0
4947,55.0,Male,434325.0,Self-employed,4,Primary,SC,No,Rural,1
4948,20.0,Female,302051.0,Self-employed,5,Graduate,OBC,Yes,Urban,0
4949,76.0,Female,151611.0,Employed,5,Graduate,General,Yes,Urban,1
4950,22.0,Female,632334.0,Unemployed,7,Graduate,ST,No,Urban,0
4951,30.0,Female,824756.0,Self-employed,9,Secondary,General,No,Rural,0
4952,64.0,Female,66488.0,Unemployed,8,Postgraduate,General,No,Urban,0
4953,63.0,Female,239913.0,Employed,7,Graduate,OBC,No,Rural,0
4954,78.0,Female,430665.0,Employed,1,Secondary,OBC,No,Urban,1
4955,48.0,Male,967899.0,Self-employed,10,Secondary,SC,No,Rural,0
4956,72.0,Male,758029.0,Self-employed,6,Secondary,General,,Urban,1
4957,33.0,Male,716205.0,Employed,10,Secondary,SC,,Rural,1
4958,67.0,Female,741419.0,Employed,9,Postgraduate,OBC,Yes,Rural,0
4959,49.0,Female,68394.0,Employed,7,Secondary,OBC,No,Urban,0
4960,39.0,Female,930425.0,Employed,1,Postgraduate,General,No,Rural,0
4961,46.0,Female,226978.0,Employed,9,Graduate,OBC,,Urban,0
4962,39.0,Male,109332.0,Unemployed,3,Secondary,SC,,Urban,0
4963,60.0,Female,218377.0,,9,Secondary,OBC,No,Rural,0
4964,20.0,Other,92628.0,Unemployed,4,Graduate,General,,Urban,0
4965,71.0,Male,857784.0,Employed,9,Graduate,OBC,No,Urban,1
4966,27.0,Female,529898.0,Self-employed,8,Postgraduate,General,No,Rural,0
4967,59.0,Male,919403.0,Employed,7,Graduate,General,No,Rural,1
4968,79.0,Female,101993.0,Employed,4,Graduate,OBC,No,Rural,0
4969,38.0,Male,220458.0,Employed,9,Primary,ST,No,Rural,1
4970,33.0,Female,939459.0,Unemployed,4,Postgraduate,SC,No,Rural,0
4971,29.0,Female,,Self-employed,1,Postgraduate,General,No,Urban,0
4972,19.0,Male,956644.0,Self-employed,6,Secondary,General,No,Urban,1
4973,,Male,528720.0,Employed,4,Primary,ST,,Rural,0
4974,41.0,Female,556357.0,Employed,10,Graduate,OBC,No,Urban,0
4975,52.0,Other,58539.0,Employed,3,Graduate,General,No,Urban,1
4976,73.0,Female,182335.0,Unemployed,5,Graduate,OBC,No,Rural,1
4977,47.0,Female,456521.0,Unemployed,3,Graduate,General,No,Rural,0
4978,74.0,Male,890249.0,Employed,9,Postgraduate,SC,No,Urban,0
4979,47.0,Female,991902.0,Employed,6,Secondary,General,No,Rural,0
4980,64.0,Female,290310.0,Self-employed,3,Graduate,OBC,,Urban,0
4981,52.0,Female,256873.0,Self-employed,5,,OBC,,Rural,1
4982,36.0,Male,,Employed,8,Secondary,OBC,No,Urban,1
4983,67.0,Female,999656.0,Unemployed,8,Postgraduate,OBC,No,Urban,0
4984,25.0,Female,536476.0,Unemployed,6,Graduate,OBC,No,Rural,0
4985,43.0,Female,998128.0,Employed,5,Graduate,General,No,Rural,1
4986,66.0,Female,965672.0,Employed,5,Graduate,OBC,No,Urban,0
4987,57.0,Female,411799.0,Employed,1,Graduate,OBC,No,Urban,0
4988,24.0,Female,630420.0,Employed,2,Graduate,OBC,No,Urban,0
4989,47.0,Male,962133.0,Unemployed,4,Primary,General,No,Urban,0
4990,24.0,Female,155494.0,Employed,6,Postgraduate,SC,No,Rural,0
4991,20.0,Male,889411.0,Employed,7,Secondary,OBC,,Rural,0
4992,18.0,Male,894445.0,Employed,1,Graduate,SC,No,Urban,1
4993,53.0,Male,275997.0,Employed,8,Graduate,OBC,No,Rural,1
4994,42.0,Female,638085.0,Unemployed,1,Primary,ST,No,Rural,0
4995,54.0,Male,101798.0,Employed,9,Primary,General,,Urban,1
4996,18.0,Male,722010.0,Employed,4,Graduate,SC,No,Urban,1
4997,32.0,Female,469230.0,Self-employed,7,Secondary,OBC,No,Rural,0
4998,54.0,Male,650709.0,Employed,6,Graduate,General,No,Rural,0
4999,30.0,Male,319578.0,Unemployed,9,Graduate,SC,No,Urban,1
5000,57.0,Female,866460.0,Employed,2,Secondary,General,,Rural,1
